{"type":"FeatureCollection","features":[{"type":"Feature","geometry":{"type":"Polygon","coordinates":[[[-53.37060546875,-33.7421875],[-53.53134765624999,-33.1708984375],[-53.12558593749999,-32.73671875000001],[-53.601708984374994,-32.40302734375001],[-53.76171875,-32.05683593750001],[-54.22055664062499,-31.85517578125001],[-54.587646484375,-31.485156250000003],[-55.254638671875,-31.2255859375],[-55.55732421875,-30.8759765625],[-55.873681640624994,-31.069628906250003],[-56.176171874999994,-30.62841796875],[-56.83271484375,-30.107226562500003],[-57.21445312499999,-30.28339843750001],[-57.60888671875,-30.187792968750003],[-58.18901367187499,-31.92421875000001],[-58.201171875,-32.4716796875],[-58.08232421874999,-32.893652343750006],[-58.35336914062499,-33.26005859375],[-58.40019531249999,-33.91240234375],[-57.8291015625,-34.47734375],[-57.17070312499999,-34.45234375000001],[-56.85517578125,-34.67666015625001],[-56.117919921875,-34.90791015625001],[-55.67314453124999,-34.77568359375],[-54.902294921875,-34.93281250000001],[-54.16855468749999,-34.670703125],[-53.785302734374994,-34.38037109375],[-53.37060546875,-33.7421875]]]},"properties":{"featurecla":"Admin-0 map unit","scalerank":1,"LABELRANK":4,"SOVEREIGNT":"Uruguay","SOV_A3":"URY","ADM0_DIF":0,"LEVEL":2,"TYPE":"Sovereign country","TLC":"1","ADMIN":"Uruguay","ADM0_A3":"URY","GEOU_DIF":0,"GEOUNIT":"Uruguay","GU_A3":"URY","SU_DIF":0,"SUBUNIT":"Uruguay","SU_A3":"URY","BRK_DIFF":0,"NAME":"Uruguay","NAME_LONG":"Uruguay","BRK_A3":"URY","BRK_NAME":"Uruguay","BRK_GROUP":"","ABBREV":"Ury.","POSTAL":"UY","FORMAL_EN":"Oriental Republic of Uruguay","FORMAL_FR":"","NAME_CIAWF":"Uruguay","NOTE_ADM0":"","NOTE_BRK":"","NAME_SORT":"Uruguay","NAME_ALT":"","MAPCOLOR7":1,"MAPCOLOR8":2,"MAPCOLOR9":2,"MAPCOLOR13":10,"POP_EST":3461734,"POP_RANK":12,"POP_YEAR":2019,"GDP_MD":56045,"GDP_YEAR":2019,"ECONOMY":"5. Emerging region: G20","INCOME_GRP":"3. Upper middle income","FIPS_10":"UY","ISO_A2":"UY","ISO_A2_EH":"UY","ISO_A3":"URY","ISO_A3_EH":"URY","ISO_N3":"858","ISO_N3_EH":"858","UN_A3":"858","WB_A2":"UY","WB_A3":"URY","WOE_ID":23424979,"WOE_ID_EH":23424979,"WOE_NOTE":"Exact WOE match as country","ADM0_ISO":"URY","ADM0_DIFF":"","ADM0_TLC":"URY","ADM0_A3_US":"URY","ADM0_A3_FR":"URY","ADM0_A3_RU":"URY","ADM0_A3_ES":"URY","ADM0_A3_CN":"URY","ADM0_A3_TW":"URY","ADM0_A3_IN":"URY","ADM0_A3_NP":"URY","ADM0_A3_PK":"URY","ADM0_A3_DE":"URY","ADM0_A3_GB":"URY","ADM0_A3_BR":"URY","ADM0_A3_IL":"URY","ADM0_A3_PS":"URY","ADM0_A3_SA":"URY","ADM0_A3_EG":"URY","ADM0_A3_MA":"URY","ADM0_A3_PT":"URY","ADM0_A3_AR":"URY","ADM0_A3_JP":"URY","ADM0_A3_KO":"URY","ADM0_A3_VN":"URY","ADM0_A3_TR":"URY","ADM0_A3_ID":"URY","ADM0_A3_PL":"URY","ADM0_A3_GR":"URY","ADM0_A3_IT":"URY","ADM0_A3_NL":"URY","ADM0_A3_SE":"URY","ADM0_A3_BD":"URY","ADM0_A3_UA":"URY","ADM0_A3_UN":-99,"ADM0_A3_WB":-99,"CONTINENT":"South America","REGION_UN":"Americas","SUBREGION":"South America","REGION_WB":"Latin America & Caribbean","NAME_LEN":7,"LONG_LEN":7,"ABBREV_LEN":4,"TINY":-99,"HOMEPART":1,"MIN_ZOOM":0,"MIN_LABEL":3,"MAX_LABEL":8,"LABEL_X":-55.966942,"LABEL_Y":-32.961127,"NE_ID":1159321353,"WIKIDATAID":"Q77","NAME_AR":"الأوروغواي","NAME_BN":"উরুগুয়ে","NAME_DE":"Uruguay","NAME_EN":"Uruguay","NAME_ES":"Uruguay","NAME_FA":"اروگوئه","NAME_FR":"Uruguay","NAME_EL":"Ουρουγουάη","NAME_HE":"אורוגוואי","NAME_HI":"उरुग्वे","NAME_HU":"Uruguay","NAME_ID":"Uruguay","NAME_IT":"Uruguay","NAME_JA":"ウルグアイ","NAME_KO":"우루과이","NAME_NL":"Uruguay","NAME_PL":"Urugwaj","NAME_PT":"Uruguai","NAME_RU":"Уругвай","NAME_SV":"Uruguay","NAME_TR":"Uruguay","NAME_UK":"Уругвай","NAME_UR":"یوراگوئے","NAME_VI":"Uruguay","NAME_ZH":"乌拉圭","NAME_ZHT":"烏拉圭","FCLASS_ISO":"Admin-0 country","TLC_DIFF":"","FCLASS_TLC":"Admin-0 country","FCLASS_US":"","FCLASS_FR":"","FCLASS_RU":"","FCLASS_ES":"","FCLASS_CN":"","FCLASS_TW":"","FCLASS_IN":"","FCLASS_NP":"","FCLASS_PK":"","FCLASS_DE":"","FCLASS_GB":"","FCLASS_BR":"","FCLASS_IL":"","FCLASS_PS":"","FCLASS_SA":"","FCLASS_EG":"","FCLASS_MA":"","FCLASS_PT":"","FCLASS_AR":"","FCLASS_JP":"","FCLASS_KO":"","FCLASS_VN":"","FCLASS_TR":"","FCLASS_ID":"","FCLASS_PL":"","FCLASS_GR":"","FCLASS_IT":"","FCLASS_NL":"","FCLASS_SE":"","FCLASS_BD":"","FCLASS_UA":""}},{"type":"Feature","geometry":{"type":"Polygon","coordinates":[[[-37.10332031249999,-54.06562500000001],[-36.251708984375,-54.779882812500006],[-36.32646484374999,-54.25117187500001],[-37.10332031249999,-54.06562500000001]]]},"properties":{"featurecla":"Admin-0 map unit","scalerank":3,"LABELRANK":4,"SOVEREIGNT":"United Kingdom","SOV_A3":"GB1","ADM0_DIF":1,"LEVEL":2,"TYPE":"Dependency","TLC":"1","ADMIN":"South Georgia and the Islands","ADM0_A3":"SGS","GEOU_DIF":0,"GEOUNIT":"South Georgia and the Islands","GU_A3":"SGS","SU_DIF":0,"SUBUNIT":"South Georgia and the Islands","SU_A3":"SGS","BRK_DIFF":0,"NAME":"S. Geo. and the Is.","NAME_LONG":"South Georgia and the Islands","BRK_A3":"SGS","BRK_NAME":"S. Geo. and the Is.","BRK_GROUP":"","ABBREV":"S.G. & Is.","POSTAL":"GS","FORMAL_EN":"South Georgia and the Islands","FORMAL_FR":"","NAME_CIAWF":"","NOTE_ADM0":"U.K.","NOTE_BRK":"","NAME_SORT":"South Georgia and the Islands","NAME_ALT":"","MAPCOLOR7":6,"MAPCOLOR8":6,"MAPCOLOR9":6,"MAPCOLOR13":3,"POP_EST":30,"POP_RANK":1,"POP_YEAR":2017,"GDP_MD":0,"GDP_YEAR":2016,"ECONOMY":"7. Least developed region","INCOME_GRP":"5. Low income","FIPS_10":"SX","ISO_A2":"GS","ISO_A2_EH":"GS","ISO_A3":"SGS","ISO_A3_EH":"SGS","ISO_N3":"239","ISO_N3_EH":"239","UN_A3":"-099","WB_A2":"-99","WB_A3":"-99","WOE_ID":23424955,"WOE_ID_EH":23424955,"WOE_NOTE":"Exact WOE match as country","ADM0_ISO":"SGS","ADM0_DIFF":"","ADM0_TLC":"SGS","ADM0_A3_US":"SGS","ADM0_A3_FR":"SGS","ADM0_A3_RU":"SGS","ADM0_A3_ES":"SGS","ADM0_A3_CN":"SGS","ADM0_A3_TW":"SGS","ADM0_A3_IN":"SGS","ADM0_A3_NP":"SGS","ADM0_A3_PK":"SGS","ADM0_A3_DE":"SGS","ADM0_A3_GB":"SGS","ADM0_A3_BR":"SGS","ADM0_A3_IL":"SGS","ADM0_A3_PS":"SGS","ADM0_A3_SA":"SGS","ADM0_A3_EG":"SGS","ADM0_A3_MA":"SGS","ADM0_A3_PT":"SGS","ADM0_A3_AR":"SGS","ADM0_A3_JP":"SGS","ADM0_A3_KO":"SGS","ADM0_A3_VN":"SGS","ADM0_A3_TR":"SGS","ADM0_A3_ID":"SGS","ADM0_A3_PL":"SGS","ADM0_A3_GR":"SGS","ADM0_A3_IT":"SGS","ADM0_A3_NL":"SGS","ADM0_A3_SE":"SGS","ADM0_A3_BD":"SGS","ADM0_A3_UA":"SGS","ADM0_A3_UN":-99,"ADM0_A3_WB":-99,"CONTINENT":"Seven seas (open ocean)","REGION_UN":"Americas","SUBREGION":"Seven seas (open ocean)","REGION_WB":"Antarctica","NAME_LEN":19,"LONG_LEN":29,"ABBREV_LEN":10,"TINY":3,"HOMEPART":-99,"MIN_ZOOM":0,"MIN_LABEL":5,"MAX_LABEL":9,"LABEL_X":-31.063179,"LABEL_Y":-55.683402,"NE_ID":1159320731,"WIKIDATAID":"Q35086","NAME_AR":"جورجيا الجنوبية وجزر ساندويتش الجنوبية","NAME_BN":"দক্ষিণ জর্জিয়া ও দক্ষিণ স্যন্ডউইচ দ্বীপপুঞ্জ","NAME_DE":"Südgeorgien und die Südlichen Sandwichinseln","NAME_EN":"South Georgia and the South Sandwich Islands","NAME_ES":"Islas Georgias del Sur y Sandwich del Sur","NAME_FA":"جزایر جورجیای جنوبی و ساندویچ جنوبی","NAME_FR":"Géorgie du Sud-et-les Îles Sandwich du Sud","NAME_EL":"Νήσοι Νότια Γεωργία και Νότιες Σάντουιτς","NAME_HE":"איי ג'ורג'יה הדרומית ואיי סנדוויץ' הדרומיים","NAME_HI":"दक्षिण जॉर्जिया एवं दक्षिण सैंडविच द्वीप समूह","NAME_HU":"Déli-Georgia és Déli-Sandwich-szigetek","NAME_ID":"Georgia Selatan dan Kepulauan Sandwich Selatan","NAME_IT":"Georgia del Sud e isole Sandwich meridionali","NAME_JA":"サウスジョージア・サウスサンドウィッチ諸島","NAME_KO":"사우스조지아 사우스샌드위치 제도","NAME_NL":"Zuid-Georgia en de Zuidelijke Sandwicheilanden","NAME_PL":"Georgia Południowa i Sandwich Południowy","NAME_PT":"Ilhas Geórgia do Sul e Sandwich do Sul","NAME_RU":"Южная Георгия и Южные Сандвичевы острова","NAME_SV":"Sydgeorgien och Sydsandwichöarna","NAME_TR":"Güney Georgia ve Güney Sandwich Adaları","NAME_UK":"Південна Джорджія та Південні Сандвічеві острови","NAME_UR":"جنوبی جارجیا و جزائر جنوبی سینڈوچ","NAME_VI":"Nam Georgia và Quần đảo Nam Sandwich","NAME_ZH":"南乔治亚和南桑威奇群岛","NAME_ZHT":"南喬治亞與南桑威奇","FCLASS_ISO":"Admin-0 dependency","TLC_DIFF":"","FCLASS_TLC":"Admin-0 dependency","FCLASS_US":"","FCLASS_FR":"","FCLASS_RU":"","FCLASS_ES":"","FCLASS_CN":"","FCLASS_TW":"","FCLASS_IN":"","FCLASS_NP":"","FCLASS_PK":"","FCLASS_DE":"","FCLASS_GB":"","FCLASS_BR":"","FCLASS_IL":"","FCLASS_PS":"","FCLASS_SA":"","FCLASS_EG":"","FCLASS_MA":"","FCLASS_PT":"","FCLASS_AR":"Unrecognized","FCLASS_JP":"","FCLASS_KO":"","FCLASS_VN":"","FCLASS_TR":"","FCLASS_ID":"","FCLASS_PL":"","FCLASS_GR":"","FCLASS_IT":"","FCLASS_NL":"","FCLASS_SE":"","FCLASS_BD":"","FCLASS_UA":""}},{"type":"Feature","geometry":{"type":"MultiPolygon","coordinates":[[[[-58.85019531249999,-51.269921874999994],[-59.131249999999994,-52.007910156250006],[-57.83818359374999,-51.70917968750001],[-57.976513671875,-51.384375000000006],[-58.85019531249999,-51.269921874999994]]],[[[-60.28623046874999,-51.4619140625],[-59.92138671875,-51.96953125000002],[-59.26806640625,-51.42753906250002],[-60.28623046874999,-51.4619140625]]]]},"properties":{"featurecla":"Admin-0 map unit","scalerank":1,"LABELRANK":5,"SOVEREIGNT":"United Kingdom","SOV_A3":"GB1","ADM0_DIF":1,"LEVEL":2,"TYPE":"Disputed","TLC":"1","ADMIN":"Falkland Islands","ADM0_A3":"FLK","GEOU_DIF":0,"GEOUNIT":"Falkland Islands","GU_A3":"FLK","SU_DIF":0,"SUBUNIT":"Falkland Islands","SU_A3":"FLK","BRK_DIFF":1,"NAME":"Falkland Is.","NAME_LONG":"Falkland Islands / Malvinas","BRK_A3":"B12","BRK_NAME":"Falkland Is.","BRK_GROUP":"","ABBREV":"Flk. Is.","POSTAL":"FK","FORMAL_EN":"Falkland Islands","FORMAL_FR":"","NAME_CIAWF":"Falkland Islands (Islas Malvinas)","NOTE_ADM0":"U.K.","NOTE_BRK":"Admin. by U.K.; Claimed by Argentina","NAME_SORT":"Falkland Islands","NAME_ALT":"Islas Malvinas","MAPCOLOR7":6,"MAPCOLOR8":6,"MAPCOLOR9":6,"MAPCOLOR13":3,"POP_EST":3398,"POP_RANK":4,"POP_YEAR":2016,"GDP_MD":282,"GDP_YEAR":2012,"ECONOMY":"2. Developed region: nonG7","INCOME_GRP":"1. High income: OECD","FIPS_10":"FK","ISO_A2":"FK","ISO_A2_EH":"FK","ISO_A3":"FLK","ISO_A3_EH":"FLK","ISO_N3":"238","ISO_N3_EH":"238","UN_A3":"238","WB_A2":"-99","WB_A3":"-99","WOE_ID":23424814,"WOE_ID_EH":23424814,"WOE_NOTE":"Exact WOE match as country","ADM0_ISO":"B12","ADM0_DIFF":"","ADM0_TLC":"B12","ADM0_A3_US":"FLK","ADM0_A3_FR":"FLK","ADM0_A3_RU":"FLK","ADM0_A3_ES":"FLK","ADM0_A3_CN":"FLK","ADM0_A3_TW":"FLK","ADM0_A3_IN":"FLK","ADM0_A3_NP":"FLK","ADM0_A3_PK":"FLK","ADM0_A3_DE":"FLK","ADM0_A3_GB":"FLK","ADM0_A3_BR":"FLK","ADM0_A3_IL":"FLK","ADM0_A3_PS":"FLK","ADM0_A3_SA":"FLK","ADM0_A3_EG":"FLK","ADM0_A3_MA":"FLK","ADM0_A3_PT":"FLK","ADM0_A3_AR":"ARG","ADM0_A3_JP":"FLK","ADM0_A3_KO":"FLK","ADM0_A3_VN":"FLK","ADM0_A3_TR":"FLK","ADM0_A3_ID":"FLK","ADM0_A3_PL":"FLK","ADM0_A3_GR":"FLK","ADM0_A3_IT":"FLK","ADM0_A3_NL":"FLK","ADM0_A3_SE":"FLK","ADM0_A3_BD":"FLK","ADM0_A3_UA":"FLK","ADM0_A3_UN":-99,"ADM0_A3_WB":-99,"CONTINENT":"South America","REGION_UN":"Americas","SUBREGION":"South America","REGION_WB":"Latin America & Caribbean","NAME_LEN":12,"LONG_LEN":27,"ABBREV_LEN":8,"TINY":-99,"HOMEPART":-99,"MIN_ZOOM":0,"MIN_LABEL":4.5,"MAX_LABEL":9,"LABEL_X":-58.738602,"LABEL_Y":-51.608913,"NE_ID":1159320711,"WIKIDATAID":"Q9648","NAME_AR":"جزر فوكلاند","NAME_BN":"ফকল্যান্ড দ্বীপপুঞ্জ","NAME_DE":"Falklandinseln","NAME_EN":"Falkland Islands","NAME_ES":"Islas Malvinas","NAME_FA":"جزایر فالکلند","NAME_FR":"îles Malouines","NAME_EL":"Νήσοι Φώκλαντ","NAME_HE":"איי פוקלנד","NAME_HI":"फ़ॉकलैंड द्वीपसमूह","NAME_HU":"Falkland-szigetek","NAME_ID":"Kepulauan Falkland","NAME_IT":"Isole Falkland","NAME_JA":"フォークランド諸島","NAME_KO":"포클랜드 제도","NAME_NL":"Falklandeilanden","NAME_PL":"Falklandy","NAME_PT":"Ilhas Malvinas","NAME_RU":"Фолклендские острова","NAME_SV":"Falklandsöarna","NAME_TR":"Falkland Adaları","NAME_UK":"Фолклендські острови","NAME_UR":"جزائر فاکلینڈ","NAME_VI":"Quần đảo Falkland","NAME_ZH":"福克兰群岛","NAME_ZHT":"福克蘭群島","FCLASS_ISO":"Admin-0 dependency","TLC_DIFF":"","FCLASS_TLC":"Admin-0 dependency","FCLASS_US":"","FCLASS_FR":"","FCLASS_RU":"","FCLASS_ES":"","FCLASS_CN":"","FCLASS_TW":"","FCLASS_IN":"","FCLASS_NP":"","FCLASS_PK":"","FCLASS_DE":"","FCLASS_GB":"","FCLASS_BR":"","FCLASS_IL":"","FCLASS_PS":"","FCLASS_SA":"","FCLASS_EG":"","FCLASS_MA":"","FCLASS_PT":"","FCLASS_AR":"Unrecognized","FCLASS_JP":"","FCLASS_KO":"","FCLASS_VN":"","FCLASS_TR":"","FCLASS_ID":"","FCLASS_PL":"","FCLASS_GR":"","FCLASS_IT":"","FCLASS_NL":"","FCLASS_SE":"","FCLASS_BD":"","FCLASS_UA":""}},{"type":"Feature","geometry":{"type":"Polygon","coordinates":[[[-2.0186523437499773,49.231249999999996],[-2.2205078124999886,49.266357421875],[-2.23583984375,49.1763671875],[-2.0186523437499773,49.231249999999996]]]},"properties":{"featurecla":"Admin-0 map unit","scalerank":4,"LABELRANK":6,"SOVEREIGNT":"United Kingdom","SOV_A3":"GB1","ADM0_DIF":1,"LEVEL":2,"TYPE":"Country","TLC":"1","ADMIN":"Jersey","ADM0_A3":"JEY","GEOU_DIF":0,"GEOUNIT":"Jersey","GU_A3":"JEY","SU_DIF":0,"SUBUNIT":"Jersey","SU_A3":"JEY","BRK_DIFF":0,"NAME":"Jersey","NAME_LONG":"Jersey","BRK_A3":"JEY","BRK_NAME":"Jersey","BRK_GROUP":"Channel Islands","ABBREV":"Jey.","POSTAL":"JE","FORMAL_EN":"Bailiwick of Jersey","FORMAL_FR":"","NAME_CIAWF":"Jersey","NOTE_ADM0":"U.K.","NOTE_BRK":"U.K. crown dependency","NAME_SORT":"Jersey","NAME_ALT":"","MAPCOLOR7":6,"MAPCOLOR8":6,"MAPCOLOR9":6,"MAPCOLOR13":3,"POP_EST":107800,"POP_RANK":9,"POP_YEAR":2019,"GDP_MD":5080,"GDP_YEAR":2015,"ECONOMY":"2. Developed region: nonG7","INCOME_GRP":"2. High income: nonOECD","FIPS_10":"JE","ISO_A2":"JE","ISO_A2_EH":"JE","ISO_A3":"JEY","ISO_A3_EH":"JEY","ISO_N3":"832","ISO_N3_EH":"832","UN_A3":"832","WB_A2":"JG","WB_A3":"CHI","WOE_ID":23424857,"WOE_ID_EH":23424857,"WOE_NOTE":"Exact WOE match as country","ADM0_ISO":"JEY","ADM0_DIFF":"","ADM0_TLC":"JEY","ADM0_A3_US":"JEY","ADM0_A3_FR":"JEY","ADM0_A3_RU":"JEY","ADM0_A3_ES":"JEY","ADM0_A3_CN":"JEY","ADM0_A3_TW":"JEY","ADM0_A3_IN":"JEY","ADM0_A3_NP":"JEY","ADM0_A3_PK":"JEY","ADM0_A3_DE":"JEY","ADM0_A3_GB":"JEY","ADM0_A3_BR":"JEY","ADM0_A3_IL":"JEY","ADM0_A3_PS":"JEY","ADM0_A3_SA":"JEY","ADM0_A3_EG":"JEY","ADM0_A3_MA":"JEY","ADM0_A3_PT":"JEY","ADM0_A3_AR":"JEY","ADM0_A3_JP":"JEY","ADM0_A3_KO":"JEY","ADM0_A3_VN":"JEY","ADM0_A3_TR":"JEY","ADM0_A3_ID":"JEY","ADM0_A3_PL":"JEY","ADM0_A3_GR":"JEY","ADM0_A3_IT":"JEY","ADM0_A3_NL":"JEY","ADM0_A3_SE":"JEY","ADM0_A3_BD":"JEY","ADM0_A3_UA":"JEY","ADM0_A3_UN":-99,"ADM0_A3_WB":-99,"CONTINENT":"Europe","REGION_UN":"Europe","SUBREGION":"Northern Europe","REGION_WB":"Europe & Central Asia","NAME_LEN":6,"LONG_LEN":6,"ABBREV_LEN":4,"TINY":-99,"HOMEPART":-99,"MIN_ZOOM":0,"MIN_LABEL":5,"MAX_LABEL":10,"LABEL_X":-2.090146,"LABEL_Y":49.220808,"NE_ID":1159320725,"WIKIDATAID":"Q785","NAME_AR":"جيرزي","NAME_BN":"জার্সি","NAME_DE":"Jersey","NAME_EN":"Jersey","NAME_ES":"Jersey","NAME_FA":"جرزی","NAME_FR":"Jersey","NAME_EL":"Τζέρσεϊ","NAME_HE":"ג'רזי","NAME_HI":"जर्सी","NAME_HU":"Jersey","NAME_ID":"Jersey","NAME_IT":"baliato di Jersey","NAME_JA":"ジャージー","NAME_KO":"저지섬","NAME_NL":"Jersey","NAME_PL":"Jersey","NAME_PT":"Jersey","NAME_RU":"Джерси","NAME_SV":"Jersey","NAME_TR":"Jersey","NAME_UK":"Джерсі","NAME_UR":"جرزی","NAME_VI":"Jersey","NAME_ZH":"泽西","NAME_ZHT":"澤西","FCLASS_ISO":"Admin-0 country","TLC_DIFF":"","FCLASS_TLC":"Admin-0 country","FCLASS_US":"","FCLASS_FR":"","FCLASS_RU":"","FCLASS_ES":"","FCLASS_CN":"","FCLASS_TW":"","FCLASS_IN":"","FCLASS_NP":"","FCLASS_PK":"","FCLASS_DE":"","FCLASS_GB":"","FCLASS_BR":"","FCLASS_IL":"","FCLASS_PS":"","FCLASS_SA":"","FCLASS_EG":"","FCLASS_MA":"","FCLASS_PT":"","FCLASS_AR":"","FCLASS_JP":"","FCLASS_KO":"","FCLASS_VN":"","FCLASS_TR":"","FCLASS_ID":"","FCLASS_PL":"","FCLASS_GR":"","FCLASS_IT":"","FCLASS_NL":"","FCLASS_SE":"","FCLASS_BD":"","FCLASS_UA":""}},{"type":"Feature","geometry":{"type":"Polygon","coordinates":[[[-2.5123046874999773,49.494531249999994],[-2.542187499999983,49.506591796875],[-2.6461425781249943,49.468212890625],[-2.54736328125,49.4287109375],[-2.5123046874999773,49.494531249999994]]]},"properties":{"featurecla":"Admin-0 map unit","scalerank":4,"LABELRANK":6,"SOVEREIGNT":"United Kingdom","SOV_A3":"GB1","ADM0_DIF":1,"LEVEL":2,"TYPE":"Country","TLC":"1","ADMIN":"Guernsey","ADM0_A3":"GGY","GEOU_DIF":0,"GEOUNIT":"Guernsey","GU_A3":"GGY","SU_DIF":0,"SUBUNIT":"Guernsey","SU_A3":"GGY","BRK_DIFF":0,"NAME":"Guernsey","NAME_LONG":"Guernsey","BRK_A3":"GGY","BRK_NAME":"Guernsey","BRK_GROUP":"Channel Islands","ABBREV":"Guern.","POSTAL":"GG","FORMAL_EN":"Bailiwick of Guernsey","FORMAL_FR":"","NAME_CIAWF":"Guernsey","NOTE_ADM0":"U.K.","NOTE_BRK":"U.K. crown dependency","NAME_SORT":"Guernsey","NAME_ALT":"","MAPCOLOR7":6,"MAPCOLOR8":6,"MAPCOLOR9":6,"MAPCOLOR13":3,"POP_EST":62792,"POP_RANK":8,"POP_YEAR":2019,"GDP_MD":3465,"GDP_YEAR":2015,"ECONOMY":"2. Developed region: nonG7","INCOME_GRP":"2. High income: nonOECD","FIPS_10":"GK","ISO_A2":"GG","ISO_A2_EH":"GG","ISO_A3":"GGY","ISO_A3_EH":"GGY","ISO_N3":"831","ISO_N3_EH":"831","UN_A3":"831","WB_A2":"JG","WB_A3":"CHI","WOE_ID":23424827,"WOE_ID_EH":23424827,"WOE_NOTE":"Exact WOE match as country","ADM0_ISO":"GGY","ADM0_DIFF":"","ADM0_TLC":"GGY","ADM0_A3_US":"GGY","ADM0_A3_FR":"GGY","ADM0_A3_RU":"GGY","ADM0_A3_ES":"GGY","ADM0_A3_CN":"GGY","ADM0_A3_TW":"GGY","ADM0_A3_IN":"GGY","ADM0_A3_NP":"GGY","ADM0_A3_PK":"GGY","ADM0_A3_DE":"GGY","ADM0_A3_GB":"GGY","ADM0_A3_BR":"GGY","ADM0_A3_IL":"GGY","ADM0_A3_PS":"GGY","ADM0_A3_SA":"GGY","ADM0_A3_EG":"GGY","ADM0_A3_MA":"GGY","ADM0_A3_PT":"GGY","ADM0_A3_AR":"GGY","ADM0_A3_JP":"GGY","ADM0_A3_KO":"GGY","ADM0_A3_VN":"GGY","ADM0_A3_TR":"GGY","ADM0_A3_ID":"GGY","ADM0_A3_PL":"GGY","ADM0_A3_GR":"GGY","ADM0_A3_IT":"GGY","ADM0_A3_NL":"GGY","ADM0_A3_SE":"GGY","ADM0_A3_BD":"GGY","ADM0_A3_UA":"GGY","ADM0_A3_UN":-99,"ADM0_A3_WB":-99,"CONTINENT":"Europe","REGION_UN":"Europe","SUBREGION":"Northern Europe","REGION_WB":"Europe & Central Asia","NAME_LEN":8,"LONG_LEN":8,"ABBREV_LEN":6,"TINY":-99,"HOMEPART":-99,"MIN_ZOOM":0,"MIN_LABEL":5,"MAX_LABEL":10,"LABEL_X":-2.561736,"LABEL_Y":49.463533,"NE_ID":1159320715,"WIKIDATAID":"Q25230","NAME_AR":"غيرنزي","NAME_BN":"গার্নসি","NAME_DE":"Guernsey","NAME_EN":"Guernsey","NAME_ES":"Guernsey","NAME_FA":"گرنزی","NAME_FR":"Guernesey","NAME_EL":"Γκέρνσεϊ","NAME_HE":"גרנזי","NAME_HI":"ग्वेर्नसे","NAME_HU":"Guernsey Bailiffség","NAME_ID":"Guernsey","NAME_IT":"Guernsey","NAME_JA":"ガーンジー","NAME_KO":"건지섬","NAME_NL":"Guernsey","NAME_PL":"Guernsey","NAME_PT":"Guernsey","NAME_RU":"Гернси","NAME_SV":"Guernsey","NAME_TR":"Guernsey","NAME_UK":"Гернсі","NAME_UR":"گرنزی","NAME_VI":"Guernsey","NAME_ZH":"根西","NAME_ZHT":"根西","FCLASS_ISO":"Admin-0 country","TLC_DIFF":"","FCLASS_TLC":"Admin-0 country","FCLASS_US":"","FCLASS_FR":"","FCLASS_RU":"","FCLASS_ES":"","FCLASS_CN":"","FCLASS_TW":"","FCLASS_IN":"","FCLASS_NP":"","FCLASS_PK":"","FCLASS_DE":"","FCLASS_GB":"","FCLASS_BR":"","FCLASS_IL":"","FCLASS_PS":"","FCLASS_SA":"","FCLASS_EG":"","FCLASS_MA":"","FCLASS_PT":"","FCLASS_AR":"","FCLASS_JP":"","FCLASS_KO":"","FCLASS_VN":"","FCLASS_TR":"","FCLASS_ID":"","FCLASS_PL":"","FCLASS_GR":"","FCLASS_IT":"","FCLASS_NL":"","FCLASS_SE":"","FCLASS_BD":"","FCLASS_UA":""}},{"type":"Feature","geometry":{"type":"Polygon","coordinates":[[[-4.412060546874983,54.185351562499996],[-4.508642578124977,54.376708984375],[-4.69873046875,54.224902343749996],[-4.6142578125,54.05869140625],[-4.412060546874983,54.185351562499996]]]},"properties":{"featurecla":"Admin-0 map unit","scalerank":3,"LABELRANK":6,"SOVEREIGNT":"United Kingdom","SOV_A3":"GB1","ADM0_DIF":1,"LEVEL":2,"TYPE":"Country","TLC":"1","ADMIN":"Isle of Man","ADM0_A3":"IMN","GEOU_DIF":0,"GEOUNIT":"Isle of Man","GU_A3":"IMN","SU_DIF":0,"SUBUNIT":"Isle of Man","SU_A3":"IMN","BRK_DIFF":0,"NAME":"Isle of Man","NAME_LONG":"Isle of Man","BRK_A3":"IMN","BRK_NAME":"Isle of Man","BRK_GROUP":"","ABBREV":"IoMan","POSTAL":"IM","FORMAL_EN":"","FORMAL_FR":"","NAME_CIAWF":"Isle of Man","NOTE_ADM0":"U.K.","NOTE_BRK":"U.K. crown dependency","NAME_SORT":"Isle of Man","NAME_ALT":"","MAPCOLOR7":6,"MAPCOLOR8":6,"MAPCOLOR9":6,"MAPCOLOR13":3,"POP_EST":84584,"POP_RANK":8,"POP_YEAR":2019,"GDP_MD":7491,"GDP_YEAR":2018,"ECONOMY":"2. Developed region: nonG7","INCOME_GRP":"2. High income: nonOECD","FIPS_10":"IM","ISO_A2":"IM","ISO_A2_EH":"IM","ISO_A3":"IMN","ISO_A3_EH":"IMN","ISO_N3":"833","ISO_N3_EH":"833","UN_A3":"833","WB_A2":"IM","WB_A3":"IMY","WOE_ID":23424847,"WOE_ID_EH":23424847,"WOE_NOTE":"Exact WOE match as country","ADM0_ISO":"IMN","ADM0_DIFF":"","ADM0_TLC":"IMN","ADM0_A3_US":"IMN","ADM0_A3_FR":"IMN","ADM0_A3_RU":"IMN","ADM0_A3_ES":"IMN","ADM0_A3_CN":"IMN","ADM0_A3_TW":"IMN","ADM0_A3_IN":"IMN","ADM0_A3_NP":"IMN","ADM0_A3_PK":"IMN","ADM0_A3_DE":"IMN","ADM0_A3_GB":"IMN","ADM0_A3_BR":"IMN","ADM0_A3_IL":"IMN","ADM0_A3_PS":"IMN","ADM0_A3_SA":"IMN","ADM0_A3_EG":"IMN","ADM0_A3_MA":"IMN","ADM0_A3_PT":"IMN","ADM0_A3_AR":"IMN","ADM0_A3_JP":"IMN","ADM0_A3_KO":"IMN","ADM0_A3_VN":"IMN","ADM0_A3_TR":"IMN","ADM0_A3_ID":"IMN","ADM0_A3_PL":"IMN","ADM0_A3_GR":"IMN","ADM0_A3_IT":"IMN","ADM0_A3_NL":"IMN","ADM0_A3_SE":"IMN","ADM0_A3_BD":"IMN","ADM0_A3_UA":"IMN","ADM0_A3_UN":-99,"ADM0_A3_WB":-99,"CONTINENT":"Europe","REGION_UN":"Europe","SUBREGION":"Northern Europe","REGION_WB":"Europe & Central Asia","NAME_LEN":11,"LONG_LEN":11,"ABBREV_LEN":5,"TINY":-99,"HOMEPART":-99,"MIN_ZOOM":0,"MIN_LABEL":5,"MAX_LABEL":10,"LABEL_X":-4.530069,"LABEL_Y":54.220833,"NE_ID":1159320721,"WIKIDATAID":"Q9676","NAME_AR":"جزيرة مان","NAME_BN":"আইল অব ম্যান","NAME_DE":"Isle of Man","NAME_EN":"Isle of Man","NAME_ES":"Isla de Man","NAME_FA":"جزیره من","NAME_FR":"île de Man","NAME_EL":"Νήσος του Μαν","NAME_HE":"האי מאן","NAME_HI":"आइल ऑफ़ मैन","NAME_HU":"Man","NAME_ID":"Pulau Man","NAME_IT":"Isola di Man","NAME_JA":"マン島","NAME_KO":"맨섬","NAME_NL":"Man","NAME_PL":"Wyspa Man","NAME_PT":"Ilha de Man","NAME_RU":"остров Мэн","NAME_SV":"Isle of Man","NAME_TR":"Man Adası","NAME_UK":"Острів Мен","NAME_UR":"آئل آف مین","NAME_VI":"Đảo Man","NAME_ZH":"马恩岛","NAME_ZHT":"曼島","FCLASS_ISO":"Admin-0 country","TLC_DIFF":"","FCLASS_TLC":"Admin-0 country","FCLASS_US":"","FCLASS_FR":"","FCLASS_RU":"","FCLASS_ES":"","FCLASS_CN":"","FCLASS_TW":"","FCLASS_IN":"","FCLASS_NP":"","FCLASS_PK":"","FCLASS_DE":"","FCLASS_GB":"","FCLASS_BR":"","FCLASS_IL":"","FCLASS_PS":"","FCLASS_SA":"","FCLASS_EG":"","FCLASS_MA":"","FCLASS_PT":"","FCLASS_AR":"","FCLASS_JP":"","FCLASS_KO":"","FCLASS_VN":"","FCLASS_TR":"","FCLASS_ID":"","FCLASS_PL":"","FCLASS_GR":"","FCLASS_IT":"","FCLASS_NL":"","FCLASS_SE":"","FCLASS_BD":"","FCLASS_UA":""}},{"type":"Feature","geometry":{"type":"Polygon","coordinates":[[[-3.0975585937499943,53.260302734374996],[-3.326171875,53.34716796875],[-4.111035156249983,53.2189453125],[-4.050537109375,52.475146484374996],[-4.383154296874977,52.197314453124996],[-5.183349609375,51.949658203125],[-4.902294921874983,51.626269531249996],[-4.386279296874989,51.741064453125],[-3.2931152343749943,51.390429687499996],[-2.667675781249983,51.622998046875],[-3.106689453125,52.064746093749996],[-3.203564453124983,52.422216796875],[-2.986572265625,52.743945312499996],[-3.0975585937499943,53.260302734374996]]]},"properties":{"featurecla":"Admin-0 map unit","scalerank":1,"LABELRANK":5,"SOVEREIGNT":"United Kingdom","SOV_A3":"GB1","ADM0_DIF":1,"LEVEL":3,"TYPE":"Geo unit","TLC":"1","ADMIN":"United Kingdom","ADM0_A3":"GBR","GEOU_DIF":1,"GEOUNIT":"Wales","GU_A3":"WLS","SU_DIF":0,"SUBUNIT":"Wales","SU_A3":"WLS","BRK_DIFF":0,"NAME":"Wales","NAME_LONG":"Wales","BRK_A3":"WLS","BRK_NAME":"Wales","BRK_GROUP":"United Kingdom","ABBREV":"Wales","POSTAL":"WA","FORMAL_EN":"","FORMAL_FR":"","NAME_CIAWF":"","NOTE_ADM0":"","NOTE_BRK":"","NAME_SORT":"Wales","NAME_ALT":"","MAPCOLOR7":6,"MAPCOLOR8":6,"MAPCOLOR9":6,"MAPCOLOR13":3,"POP_EST":3153000,"POP_RANK":12,"POP_YEAR":2019,"GDP_MD":64755,"GDP_YEAR":2016,"ECONOMY":"1. Developed region: G7","INCOME_GRP":"1. High income: OECD","FIPS_10":"-99","ISO_A2":"-99","ISO_A2_EH":"GB","ISO_A3":"-99","ISO_A3_EH":"GBR","ISO_N3":"-99","ISO_N3_EH":"826","UN_A3":"-099","WB_A2":"-99","WB_A3":"-99","WOE_ID":12578049,"WOE_ID_EH":12578049,"WOE_NOTE":"Exact WOE match as child of country (called country)","ADM0_ISO":"GBR","ADM0_DIFF":"1","ADM0_TLC":"WLS","ADM0_A3_US":"GBR","ADM0_A3_FR":"GBR","ADM0_A3_RU":"GBR","ADM0_A3_ES":"GBR","ADM0_A3_CN":"GBR","ADM0_A3_TW":"GBR","ADM0_A3_IN":"GBR","ADM0_A3_NP":"GBR","ADM0_A3_PK":"GBR","ADM0_A3_DE":"GBR","ADM0_A3_GB":"GBR","ADM0_A3_BR":"GBR","ADM0_A3_IL":"GBR","ADM0_A3_PS":"GBR","ADM0_A3_SA":"GBR","ADM0_A3_EG":"GBR","ADM0_A3_MA":"GBR","ADM0_A3_PT":"GBR","ADM0_A3_AR":"GBR","ADM0_A3_JP":"GBR","ADM0_A3_KO":"GBR","ADM0_A3_VN":"GBR","ADM0_A3_TR":"GBR","ADM0_A3_ID":"GBR","ADM0_A3_PL":"GBR","ADM0_A3_GR":"GBR","ADM0_A3_IT":"GBR","ADM0_A3_NL":"GBR","ADM0_A3_SE":"GBR","ADM0_A3_BD":"GBR","ADM0_A3_UA":"GBR","ADM0_A3_UN":-99,"ADM0_A3_WB":-99,"CONTINENT":"Europe","REGION_UN":"Europe","SUBREGION":"Northern Europe","REGION_WB":"Europe & Central Asia","NAME_LEN":5,"LONG_LEN":5,"ABBREV_LEN":5,"TINY":-99,"HOMEPART":1,"MIN_ZOOM":0,"MIN_LABEL":5,"MAX_LABEL":8,"LABEL_X":-3.643798,"LABEL_Y":52.135859,"NE_ID":1159320749,"WIKIDATAID":"Q25","NAME_AR":"ويلز","NAME_BN":"ওয়েল্স্","NAME_DE":"Wales","NAME_EN":"Wales","NAME_ES":"Gales","NAME_FA":"ولز","NAME_FR":"pays de Galles","NAME_EL":"Ουαλία","NAME_HE":"ויילס","NAME_HI":"वेल्स","NAME_HU":"Wales","NAME_ID":"Wales","NAME_IT":"Galles","NAME_JA":"ウェールズ","NAME_KO":"웨일스","NAME_NL":"Wales","NAME_PL":"Walia","NAME_PT":"País de Gales","NAME_RU":"Уэльс","NAME_SV":"Wales","NAME_TR":"Galler","NAME_UK":"Уельс","NAME_UR":"ویلز","NAME_VI":"Wales","NAME_ZH":"威尔士","NAME_ZHT":"威爾斯","FCLASS_ISO":"Unrecognized","TLC_DIFF":"1","FCLASS_TLC":"Admin-1 region","FCLASS_US":"Admin-1 region","FCLASS_FR":"Admin-1 region","FCLASS_RU":"","FCLASS_ES":"Admin-1 region","FCLASS_CN":"","FCLASS_TW":"","FCLASS_IN":"","FCLASS_NP":"","FCLASS_PK":"","FCLASS_DE":"Admin-1 region","FCLASS_GB":"Admin-1 region","FCLASS_BR":"","FCLASS_IL":"","FCLASS_PS":"","FCLASS_SA":"","FCLASS_EG":"","FCLASS_MA":"","FCLASS_PT":"Admin-1 region","FCLASS_AR":"","FCLASS_JP":"Admin-1 region","FCLASS_KO":"Admin-1 region","FCLASS_VN":"","FCLASS_TR":"Admin-1 region","FCLASS_ID":"","FCLASS_PL":"Admin-1 region","FCLASS_GR":"Admin-1 region","FCLASS_IT":"Admin-1 region","FCLASS_NL":"Admin-1 region","FCLASS_SE":"Admin-1 region","FCLASS_BD":"","FCLASS_UA":"Admin-1 region"}},{"type":"Feature","geometry":{"type":"MultiPolygon","coordinates":[[[[-2.016845703125,55.807958984375],[-2.767578125,56.2021484375],[-2.5926757812499943,56.561572265624996],[-1.7779296874999773,57.49375],[-2.0740722656249773,57.702392578125],[-3.402783203124983,57.708251953125],[-3.8681640625,57.600341796875],[-3.9900390624999886,57.959033203124996],[-3.212353515624983,58.321240234375],[-3.0530761718749773,58.634814453125],[-4.715429687499977,58.510009765625],[-5.338281249999994,58.238720703125],[-5.818066406249983,57.436083984374996],[-5.561914062499994,57.232714843749996],[-5.864843749999977,56.561865234375],[-5.391943359374977,56.514794921875],[-5.609570312499983,56.0552734375],[-5.24560546875,55.929248046874996],[-4.721142578124983,55.42099609375],[-5.135498046875,54.85751953125],[-3.9579101562499943,54.78095703125],[-3.0810546875,54.961962890624996],[-2.016845703125,55.807958984375]]],[[[-6.198681640624983,58.36328125],[-7.085253906249989,58.182177734375],[-6.683300781249983,57.91103515625],[-6.198681640624983,58.36328125]]]]},"properties":{"featurecla":"Admin-0 map unit","scalerank":1,"LABELRANK":5,"SOVEREIGNT":"United Kingdom","SOV_A3":"GB1","ADM0_DIF":1,"LEVEL":3,"TYPE":"Geo unit","TLC":"1","ADMIN":"United Kingdom","ADM0_A3":"GBR","GEOU_DIF":1,"GEOUNIT":"Scotland","GU_A3":"SCT","SU_DIF":0,"SUBUNIT":"Scotland","SU_A3":"SCT","BRK_DIFF":0,"NAME":"Scotland","NAME_LONG":"Scotland","BRK_A3":"SCT","BRK_NAME":"Scotland","BRK_GROUP":"United Kingdom","ABBREV":"Scot.","POSTAL":"SC","FORMAL_EN":"","FORMAL_FR":"","NAME_CIAWF":"","NOTE_ADM0":"","NOTE_BRK":"","NAME_SORT":"Scotland","NAME_ALT":"","MAPCOLOR7":6,"MAPCOLOR8":6,"MAPCOLOR9":6,"MAPCOLOR13":3,"POP_EST":5463300,"POP_RANK":13,"POP_YEAR":2019,"GDP_MD":235020,"GDP_YEAR":2016,"ECONOMY":"1. Developed region: G7","INCOME_GRP":"1. High income: OECD","FIPS_10":"-99","ISO_A2":"-99","ISO_A2_EH":"GB","ISO_A3":"-99","ISO_A3_EH":"GBR","ISO_N3":"-99","ISO_N3_EH":"826","UN_A3":"-099","WB_A2":"-99","WB_A3":"-99","WOE_ID":12578048,"WOE_ID_EH":12578048,"WOE_NOTE":"Exact WOE match as child of country (called country)","ADM0_ISO":"GBR","ADM0_DIFF":"1","ADM0_TLC":"SCT","ADM0_A3_US":"GBR","ADM0_A3_FR":"GBR","ADM0_A3_RU":"GBR","ADM0_A3_ES":"GBR","ADM0_A3_CN":"GBR","ADM0_A3_TW":"GBR","ADM0_A3_IN":"GBR","ADM0_A3_NP":"GBR","ADM0_A3_PK":"GBR","ADM0_A3_DE":"GBR","ADM0_A3_GB":"GBR","ADM0_A3_BR":"GBR","ADM0_A3_IL":"GBR","ADM0_A3_PS":"GBR","ADM0_A3_SA":"GBR","ADM0_A3_EG":"GBR","ADM0_A3_MA":"GBR","ADM0_A3_PT":"GBR","ADM0_A3_AR":"GBR","ADM0_A3_JP":"GBR","ADM0_A3_KO":"GBR","ADM0_A3_VN":"GBR","ADM0_A3_TR":"GBR","ADM0_A3_ID":"GBR","ADM0_A3_PL":"GBR","ADM0_A3_GR":"GBR","ADM0_A3_IT":"GBR","ADM0_A3_NL":"GBR","ADM0_A3_SE":"GBR","ADM0_A3_BD":"GBR","ADM0_A3_UA":"GBR","ADM0_A3_UN":-99,"ADM0_A3_WB":-99,"CONTINENT":"Europe","REGION_UN":"Europe","SUBREGION":"Northern Europe","REGION_WB":"Europe & Central Asia","NAME_LEN":8,"LONG_LEN":8,"ABBREV_LEN":5,"TINY":-99,"HOMEPART":1,"MIN_ZOOM":0,"MIN_LABEL":5,"MAX_LABEL":8,"LABEL_X":-4.045025,"LABEL_Y":56.792374,"NE_ID":1159320747,"WIKIDATAID":"Q22","NAME_AR":"اسكتلندا","NAME_BN":"স্কটল্যান্ড","NAME_DE":"Schottland","NAME_EN":"Scotland","NAME_ES":"Escocia","NAME_FA":"اسکاتلند","NAME_FR":"Écosse","NAME_EL":"Σκωτία","NAME_HE":"סקוטלנד","NAME_HI":"स्कॉटलैण्ड","NAME_HU":"Skócia","NAME_ID":"Skotlandia","NAME_IT":"Scozia","NAME_JA":"スコットランド","NAME_KO":"스코틀랜드","NAME_NL":"Schotland","NAME_PL":"Szkocja","NAME_PT":"Escócia","NAME_RU":"Шотландия","NAME_SV":"Skottland","NAME_TR":"İskoçya","NAME_UK":"Шотландія","NAME_UR":"اسکاٹ لینڈ","NAME_VI":"Scotland","NAME_ZH":"苏格兰","NAME_ZHT":"蘇格蘭","FCLASS_ISO":"Unrecognized","TLC_DIFF":"1","FCLASS_TLC":"Admin-1 region","FCLASS_US":"Admin-1 region","FCLASS_FR":"Admin-1 region","FCLASS_RU":"","FCLASS_ES":"Admin-1 region","FCLASS_CN":"","FCLASS_TW":"","FCLASS_IN":"","FCLASS_NP":"","FCLASS_PK":"","FCLASS_DE":"Admin-1 region","FCLASS_GB":"Admin-1 region","FCLASS_BR":"","FCLASS_IL":"","FCLASS_PS":"","FCLASS_SA":"","FCLASS_EG":"","FCLASS_MA":"","FCLASS_PT":"Admin-1 region","FCLASS_AR":"","FCLASS_JP":"Admin-1 region","FCLASS_KO":"Admin-1 region","FCLASS_VN":"","FCLASS_TR":"Admin-1 region","FCLASS_ID":"","FCLASS_PL":"Admin-1 region","FCLASS_GR":"Admin-1 region","FCLASS_IT":"Admin-1 region","FCLASS_NL":"Admin-1 region","FCLASS_SE":"Admin-1 region","FCLASS_BD":"","FCLASS_UA":"Admin-1 region"}},{"type":"Feature","geometry":{"type":"Polygon","coordinates":[[[-6.218017578125,54.088720703125],[-5.606787109374977,54.27255859375],[-5.470410156249983,54.5001953125],[-6.129150390625,55.2173828125],[-7.218652343749994,55.0919921875],[-8.118261718749977,54.4142578125],[-7.355175781249983,54.121240234375],[-6.936132812499977,54.374316406249996],[-6.649804687499994,54.058642578124996],[-6.218017578125,54.088720703125]]]},"properties":{"featurecla":"Admin-0 map unit","scalerank":1,"LABELRANK":5,"SOVEREIGNT":"United Kingdom","SOV_A3":"GB1","ADM0_DIF":1,"LEVEL":3,"TYPE":"Geo unit","TLC":"1","ADMIN":"United Kingdom","ADM0_A3":"GBR","GEOU_DIF":1,"GEOUNIT":"Northern Ireland","GU_A3":"NIR","SU_DIF":0,"SUBUNIT":"Northern Ireland","SU_A3":"NIR","BRK_DIFF":0,"NAME":"N. Ireland","NAME_LONG":"Northern Ireland","BRK_A3":"NIR","BRK_NAME":"N. Ireland","BRK_GROUP":"United Kingdom","ABBREV":"N.Ire.","POSTAL":"NI","FORMAL_EN":"","FORMAL_FR":"","NAME_CIAWF":"","NOTE_ADM0":"","NOTE_BRK":"","NAME_SORT":"Northern Ireland","NAME_ALT":"","MAPCOLOR7":6,"MAPCOLOR8":6,"MAPCOLOR9":6,"MAPCOLOR13":3,"POP_EST":1893700,"POP_RANK":12,"POP_YEAR":2019,"GDP_MD":102023,"GDP_YEAR":2016,"ECONOMY":"1. Developed region: G7","INCOME_GRP":"1. High income: OECD","FIPS_10":"-99","ISO_A2":"-99","ISO_A2_EH":"GB","ISO_A3":"-99","ISO_A3_EH":"GBR","ISO_N3":"-99","ISO_N3_EH":"826","UN_A3":"-099","WB_A2":"-99","WB_A3":"-99","WOE_ID":20070563,"WOE_ID_EH":20070563,"WOE_NOTE":"Exact WOE match as child of country (called country)","ADM0_ISO":"GBR","ADM0_DIFF":"1","ADM0_TLC":"NIR","ADM0_A3_US":"GBR","ADM0_A3_FR":"GBR","ADM0_A3_RU":"GBR","ADM0_A3_ES":"GBR","ADM0_A3_CN":"GBR","ADM0_A3_TW":"GBR","ADM0_A3_IN":"GBR","ADM0_A3_NP":"GBR","ADM0_A3_PK":"GBR","ADM0_A3_DE":"GBR","ADM0_A3_GB":"GBR","ADM0_A3_BR":"GBR","ADM0_A3_IL":"GBR","ADM0_A3_PS":"GBR","ADM0_A3_SA":"GBR","ADM0_A3_EG":"GBR","ADM0_A3_MA":"GBR","ADM0_A3_PT":"GBR","ADM0_A3_AR":"GBR","ADM0_A3_JP":"GBR","ADM0_A3_KO":"GBR","ADM0_A3_VN":"GBR","ADM0_A3_TR":"GBR","ADM0_A3_ID":"GBR","ADM0_A3_PL":"GBR","ADM0_A3_GR":"GBR","ADM0_A3_IT":"GBR","ADM0_A3_NL":"GBR","ADM0_A3_SE":"GBR","ADM0_A3_BD":"GBR","ADM0_A3_UA":"GBR","ADM0_A3_UN":-99,"ADM0_A3_WB":-99,"CONTINENT":"Europe","REGION_UN":"Europe","SUBREGION":"Northern Europe","REGION_WB":"Europe & Central Asia","NAME_LEN":10,"LONG_LEN":16,"ABBREV_LEN":6,"TINY":-99,"HOMEPART":1,"MIN_ZOOM":0,"MIN_LABEL":5,"MAX_LABEL":8,"LABEL_X":-6.466325,"LABEL_Y":54.655506,"NE_ID":1159320745,"WIKIDATAID":"Q26","NAME_AR":"أيرلندا الشمالية","NAME_BN":"উত্তর আয়ারল্যান্ড","NAME_DE":"Nordirland","NAME_EN":"Northern Ireland","NAME_ES":"Irlanda del Norte","NAME_FA":"ایرلند شمالی","NAME_FR":"Irlande du Nord","NAME_EL":"Βόρεια Ιρλανδία","NAME_HE":"צפון אירלנד","NAME_HI":"उत्तरी आयरलैंड","NAME_HU":"Észak-Írország","NAME_ID":"Irlandia Utara","NAME_IT":"Irlanda del Nord","NAME_JA":"北アイルランド","NAME_KO":"북아일랜드","NAME_NL":"Noord-Ierland","NAME_PL":"Irlandia Północna","NAME_PT":"Irlanda do Norte","NAME_RU":"Северная Ирландия","NAME_SV":"Nordirland","NAME_TR":"Kuzey İrlanda","NAME_UK":"Північна Ірландія","NAME_UR":"شمالی آئرلینڈ","NAME_VI":"Bắc Ireland","NAME_ZH":"北爱尔兰","NAME_ZHT":"北愛爾蘭","FCLASS_ISO":"Unrecognized","TLC_DIFF":"1","FCLASS_TLC":"Admin-1 region","FCLASS_US":"Admin-1 region","FCLASS_FR":"Admin-1 region","FCLASS_RU":"","FCLASS_ES":"Admin-1 region","FCLASS_CN":"","FCLASS_TW":"","FCLASS_IN":"","FCLASS_NP":"","FCLASS_PK":"","FCLASS_DE":"Admin-1 region","FCLASS_GB":"Admin-1 region","FCLASS_BR":"","FCLASS_IL":"","FCLASS_PS":"","FCLASS_SA":"","FCLASS_EG":"","FCLASS_MA":"","FCLASS_PT":"Admin-1 region","FCLASS_AR":"","FCLASS_JP":"Admin-1 region","FCLASS_KO":"Admin-1 region","FCLASS_VN":"","FCLASS_TR":"Admin-1 region","FCLASS_ID":"","FCLASS_PL":"Admin-1 region","FCLASS_GR":"Admin-1 region","FCLASS_IT":"Admin-1 region","FCLASS_NL":"Admin-1 region","FCLASS_SE":"Admin-1 region","FCLASS_BD":"","FCLASS_UA":"Admin-1 region"}},{"type":"Feature","geometry":{"type":"Polygon","coordinates":[[[-2.667675781249983,51.622998046875],[-3.0420410156249886,51.248583984374996],[-4.188183593749983,51.188525390624996],[-4.582910156249994,50.7763671875],[-5.34228515625,50.246142578124996],[-4.172558593749983,50.3908203125],[-3.7933593749999943,50.229248046875],[-3.4045898437499886,50.632421875],[-2.5477539062499943,50.61630859375],[-1.5167480468749943,50.747460937499994],[0.205078125,50.763037109375],[0.9601562500000114,50.92587890625],[1.4149414062500227,51.36328125],[0.6865234375,51.386572265625],[0.955078125,51.8078125],[1.2744140625,51.845361328125],[1.74658203125,52.468994140625],[1.65673828125,52.753710937499996],[1.0555664062500227,52.958984375],[0.5587890625000114,52.966943359375],[-0.07373046875,53.64365234375],[-0.08437499999999432,54.11806640625],[-1.291748046875,54.773876953125],[-1.6553710937499773,55.570361328124996],[-2.016845703125,55.807958984375],[-3.0810546875,54.961962890624996],[-3.5693847656249886,54.467578124999996],[-3.0267578124999943,53.905908203125],[-3.0975585937499943,53.260302734374996],[-2.986572265625,52.743945312499996],[-3.203564453124983,52.422216796875],[-3.106689453125,52.064746093749996],[-2.667675781249983,51.622998046875]]]},"properties":{"featurecla":"Admin-0 map unit","scalerank":1,"LABELRANK":5,"SOVEREIGNT":"United Kingdom","SOV_A3":"GB1","ADM0_DIF":1,"LEVEL":3,"TYPE":"Geo unit","TLC":"1","ADMIN":"United Kingdom","ADM0_A3":"GBR","GEOU_DIF":1,"GEOUNIT":"England","GU_A3":"ENG","SU_DIF":0,"SUBUNIT":"England","SU_A3":"ENG","BRK_DIFF":0,"NAME":"England","NAME_LONG":"England","BRK_A3":"ENG","BRK_NAME":"England","BRK_GROUP":"United Kingdom","ABBREV":"Eng.","POSTAL":"EN","FORMAL_EN":"","FORMAL_FR":"","NAME_CIAWF":"","NOTE_ADM0":"","NOTE_BRK":"","NAME_SORT":"England","NAME_ALT":"","MAPCOLOR7":6,"MAPCOLOR8":6,"MAPCOLOR9":6,"MAPCOLOR13":3,"POP_EST":56286961,"POP_RANK":16,"POP_YEAR":2019,"GDP_MD":2427299,"GDP_YEAR":2016,"ECONOMY":"1. Developed region: G7","INCOME_GRP":"1. High income: OECD","FIPS_10":"-99","ISO_A2":"-99","ISO_A2_EH":"GB","ISO_A3":"-99","ISO_A3_EH":"GBR","ISO_N3":"-99","ISO_N3_EH":"826","UN_A3":"-099","WB_A2":"-99","WB_A3":"-99","WOE_ID":24554868,"WOE_ID_EH":24554868,"WOE_NOTE":"Exact WOE match as child of country (called country)","ADM0_ISO":"GBR","ADM0_DIFF":"1","ADM0_TLC":"ENG","ADM0_A3_US":"GBR","ADM0_A3_FR":"GBR","ADM0_A3_RU":"GBR","ADM0_A3_ES":"GBR","ADM0_A3_CN":"GBR","ADM0_A3_TW":"GBR","ADM0_A3_IN":"GBR","ADM0_A3_NP":"GBR","ADM0_A3_PK":"GBR","ADM0_A3_DE":"GBR","ADM0_A3_GB":"GBR","ADM0_A3_BR":"GBR","ADM0_A3_IL":"GBR","ADM0_A3_PS":"GBR","ADM0_A3_SA":"GBR","ADM0_A3_EG":"GBR","ADM0_A3_MA":"GBR","ADM0_A3_PT":"GBR","ADM0_A3_AR":"GBR","ADM0_A3_JP":"GBR","ADM0_A3_KO":"GBR","ADM0_A3_VN":"GBR","ADM0_A3_TR":"GBR","ADM0_A3_ID":"GBR","ADM0_A3_PL":"GBR","ADM0_A3_GR":"GBR","ADM0_A3_IT":"GBR","ADM0_A3_NL":"GBR","ADM0_A3_SE":"GBR","ADM0_A3_BD":"GBR","ADM0_A3_UA":"GBR","ADM0_A3_UN":-99,"ADM0_A3_WB":-99,"CONTINENT":"Europe","REGION_UN":"Europe","SUBREGION":"Northern Europe","REGION_WB":"Europe & Central Asia","NAME_LEN":7,"LONG_LEN":7,"ABBREV_LEN":4,"TINY":-99,"HOMEPART":1,"MIN_ZOOM":0,"MIN_LABEL":5,"MAX_LABEL":8,"LABEL_X":-1.402032,"LABEL_Y":52.60981,"NE_ID":1159320743,"WIKIDATAID":"Q21","NAME_AR":"إنجلترا","NAME_BN":"ইংল্যান্ড","NAME_DE":"England","NAME_EN":"England","NAME_ES":"Inglaterra","NAME_FA":"انگلستان","NAME_FR":"Angleterre","NAME_EL":"Αγγλία","NAME_HE":"אנגליה","NAME_HI":"इंग्लैण्ड","NAME_HU":"Anglia","NAME_ID":"Inggris","NAME_IT":"Inghilterra","NAME_JA":"イングランド","NAME_KO":"잉글랜드","NAME_NL":"Engeland","NAME_PL":"Anglia","NAME_PT":"Inglaterra","NAME_RU":"Англия","NAME_SV":"England","NAME_TR":"İngiltere","NAME_UK":"Англія","NAME_UR":"انگلستان","NAME_VI":"Anh","NAME_ZH":"英格兰","NAME_ZHT":"英格蘭","FCLASS_ISO":"Unrecognized","TLC_DIFF":"1","FCLASS_TLC":"Admin-1 region","FCLASS_US":"Admin-1 region","FCLASS_FR":"Admin-1 region","FCLASS_RU":"","FCLASS_ES":"Admin-1 region","FCLASS_CN":"","FCLASS_TW":"","FCLASS_IN":"","FCLASS_NP":"","FCLASS_PK":"","FCLASS_DE":"Admin-1 region","FCLASS_GB":"Admin-1 region","FCLASS_BR":"","FCLASS_IL":"","FCLASS_PS":"","FCLASS_SA":"","FCLASS_EG":"","FCLASS_MA":"","FCLASS_PT":"Admin-1 region","FCLASS_AR":"","FCLASS_JP":"Admin-1 region","FCLASS_KO":"Admin-1 region","FCLASS_VN":"","FCLASS_TR":"Admin-1 region","FCLASS_ID":"","FCLASS_PL":"Admin-1 region","FCLASS_GR":"Admin-1 region","FCLASS_IT":"Admin-1 region","FCLASS_NL":"Admin-1 region","FCLASS_SE":"Admin-1 region","FCLASS_BD":"","FCLASS_UA":"Admin-1 region"}},{"type":"Feature","geometry":{"type":"Polygon","coordinates":[[[38.21435546875,47.091455078124994],[38.28740234375002,47.5591796875],[38.90029296875002,47.855126953124994],[39.735937500000006,47.84482421875],[39.88505859375002,48.168359374999994],[39.79287109375002,48.80771484375],[40.12832031250002,49.3072265625],[39.1748046875,49.85595703125],[38.25859375000002,50.05234375],[38.046875,49.92001953125],[37.4228515625,50.411474609375],[36.61943359375002,50.209228515625],[35.41162109375,50.539697265624994],[35.31191406250002,51.043896484375],[34.28066406250002,51.311669921874994],[34.11308593750002,51.979638671875],[33.73525390625002,52.344775390624996],[32.507910156250006,52.308544921875],[31.76337890625001,52.10107421875],[30.98066406250001,52.046191406249996],[30.160742187500006,51.477880859375],[29.346484375000017,51.382568359375],[28.18378906250001,51.607861328125],[27.270117187500006,51.613574218749996],[27.141992187500023,51.75205078125],[25.92529296875,51.913525390625],[24.361914062500006,51.867529296875],[23.605273437500017,51.517919921875],[24.0947265625,50.617041015625],[23.03632812500001,49.899072265624994],[22.6494140625,49.539013671875],[22.538671875000006,49.072705078125],[22.1318359375,48.405322265624996],[22.87666015625001,47.947265625],[23.20263671875,48.084521484374996],[24.893359375000017,47.7177734375],[26.162695312500006,47.992529296875],[26.618945312500017,48.25986328125],[27.549218750000023,48.477734375],[29.19482421875,47.882421875],[29.159765625000006,47.4556640625],[29.54931640625,47.246826171875],[29.877832031250023,46.828906249999996],[29.837890625,46.350537109375],[29.146289062500017,46.526904296874996],[28.94775390625,46.049951171874994],[28.212500000000006,45.450439453125],[28.7607421875,45.234130859375],[29.403710937500023,45.419677734375],[29.705859375000017,45.259912109374994],[29.601660156250162,45.682519531250136],[30.219042968750173,45.86674804687519],[30.796289062500183,46.55200195312517],[31.974316406250193,46.70878906250014],[31.925195312500133,46.287255859375236],[32.476757812500054,46.08369140625015],[33.20224609375006,46.175732421875075],[33.59414062500008,46.09624023437499],[33.65996518914096,46.21957283155638],[34.686878348314735,45.97695049175155],[35.00167423940718,45.73338320565324],[34.84960937500012,46.18989257812512],[35.82714843750014,46.62431640625016],[37.33984375000012,46.91689453125008],[37.54335937500019,47.07456054687505],[38.21435546875,47.091455078124994]]]},"properties":{"featurecla":"Admin-0 map unit","scalerank":1,"LABELRANK":3,"SOVEREIGNT":"Ukraine","SOV_A3":"UKR","ADM0_DIF":0,"LEVEL":2,"TYPE":"Sovereign country","TLC":"1","ADMIN":"Ukraine","ADM0_A3":"UKR","GEOU_DIF":0,"GEOUNIT":"Ukraine","GU_A3":"UKR","SU_DIF":0,"SUBUNIT":"Ukraine","SU_A3":"UKR","BRK_DIFF":0,"NAME":"Ukraine","NAME_LONG":"Ukraine","BRK_A3":"UKR","BRK_NAME":"Ukraine","BRK_GROUP":"","ABBREV":"Ukr.","POSTAL":"UA","FORMAL_EN":"Ukraine","FORMAL_FR":"","NAME_CIAWF":"Ukraine","NOTE_ADM0":"","NOTE_BRK":"","NAME_SORT":"Ukraine","NAME_ALT":"","MAPCOLOR7":5,"MAPCOLOR8":1,"MAPCOLOR9":6,"MAPCOLOR13":3,"POP_EST":44385155,"POP_RANK":15,"POP_YEAR":2019,"GDP_MD":153781,"GDP_YEAR":2019,"ECONOMY":"6. Developing region","INCOME_GRP":"4. Lower middle income","FIPS_10":"UP","ISO_A2":"UA","ISO_A2_EH":"UA","ISO_A3":"UKR","ISO_A3_EH":"UKR","ISO_N3":"804","ISO_N3_EH":"804","UN_A3":"804","WB_A2":"UA","WB_A3":"UKR","WOE_ID":23424976,"WOE_ID_EH":23424976,"WOE_NOTE":"Exact WOE match as country","ADM0_ISO":"UKR","ADM0_DIFF":"","ADM0_TLC":"UKR","ADM0_A3_US":"UKR","ADM0_A3_FR":"UKR","ADM0_A3_RU":"UKR","ADM0_A3_ES":"UKR","ADM0_A3_CN":"UKR","ADM0_A3_TW":"UKR","ADM0_A3_IN":"UKR","ADM0_A3_NP":"UKR","ADM0_A3_PK":"UKR","ADM0_A3_DE":"UKR","ADM0_A3_GB":"UKR","ADM0_A3_BR":"UKR","ADM0_A3_IL":"UKR","ADM0_A3_PS":"UKR","ADM0_A3_SA":"UKR","ADM0_A3_EG":"UKR","ADM0_A3_MA":"UKR","ADM0_A3_PT":"UKR","ADM0_A3_AR":"UKR","ADM0_A3_JP":"UKR","ADM0_A3_KO":"UKR","ADM0_A3_VN":"UKR","ADM0_A3_TR":"UKR","ADM0_A3_ID":"UKR","ADM0_A3_PL":"UKR","ADM0_A3_GR":"UKR","ADM0_A3_IT":"UKR","ADM0_A3_NL":"UKR","ADM0_A3_SE":"UKR","ADM0_A3_BD":"UKR","ADM0_A3_UA":"UKR","ADM0_A3_UN":-99,"ADM0_A3_WB":-99,"CONTINENT":"Europe","REGION_UN":"Europe","SUBREGION":"Eastern Europe","REGION_WB":"Europe & Central Asia","NAME_LEN":7,"LONG_LEN":7,"ABBREV_LEN":4,"TINY":-99,"HOMEPART":1,"MIN_ZOOM":0,"MIN_LABEL":2.7,"MAX_LABEL":7,"LABEL_X":32.140865,"LABEL_Y":49.724739,"NE_ID":1159321345,"WIKIDATAID":"Q212","NAME_AR":"أوكرانيا","NAME_BN":"ইউক্রেন","NAME_DE":"Ukraine","NAME_EN":"Ukraine","NAME_ES":"Ucrania","NAME_FA":"اوکراین","NAME_FR":"Ukraine","NAME_EL":"Ουκρανία","NAME_HE":"אוקראינה","NAME_HI":"युक्रेन","NAME_HU":"Ukrajna","NAME_ID":"Ukraina","NAME_IT":"Ucraina","NAME_JA":"ウクライナ","NAME_KO":"우크라이나","NAME_NL":"Oekraïne","NAME_PL":"Ukraina","NAME_PT":"Ucrânia","NAME_RU":"Украина","NAME_SV":"Ukraina","NAME_TR":"Ukrayna","NAME_UK":"Україна","NAME_UR":"یوکرین","NAME_VI":"Ukraina","NAME_ZH":"乌克兰","NAME_ZHT":"烏克蘭","FCLASS_ISO":"Admin-0 country","TLC_DIFF":"","FCLASS_TLC":"Admin-0 country","FCLASS_US":"","FCLASS_FR":"","FCLASS_RU":"","FCLASS_ES":"","FCLASS_CN":"","FCLASS_TW":"","FCLASS_IN":"","FCLASS_NP":"","FCLASS_PK":"","FCLASS_DE":"","FCLASS_GB":"","FCLASS_BR":"","FCLASS_IL":"","FCLASS_PS":"","FCLASS_SA":"","FCLASS_EG":"","FCLASS_MA":"","FCLASS_PT":"","FCLASS_AR":"","FCLASS_JP":"","FCLASS_KO":"","FCLASS_VN":"","FCLASS_TR":"","FCLASS_ID":"","FCLASS_PL":"","FCLASS_GR":"","FCLASS_IT":"","FCLASS_NL":"","FCLASS_SE":"","FCLASS_BD":"","FCLASS_UA":""}},{"type":"Feature","geometry":{"type":"Polygon","coordinates":[[[9.524023437500006,47.524218749999996],[8.617871093750011,47.76611328125],[8.414746093750011,47.589599609375],[7.615625000000023,47.592724609375],[7.053417968750011,47.48935546875],[6.952050781250023,47.2671875],[6.060253906250011,46.428173828125],[6.758105468750017,46.415771484375],[7.021093750000006,45.92578125],[7.9931640625,46.015917968749996],[8.458398437500023,46.245898437499996],[8.953710937500006,45.830029296875],[9.427636718750023,46.482324218749994],[9.639453125000017,46.2958984375],[10.452832031250011,46.86494140625],[9.580273437500011,47.057373046875],[9.487695312500023,47.062255859375],[9.527539062500011,47.270751953125],[9.524023437500006,47.524218749999996]]]},"properties":{"featurecla":"Admin-0 map unit","scalerank":1,"LABELRANK":4,"SOVEREIGNT":"Switzerland","SOV_A3":"CHE","ADM0_DIF":0,"LEVEL":2,"TYPE":"Sovereign country","TLC":"1","ADMIN":"Switzerland","ADM0_A3":"CHE","GEOU_DIF":0,"GEOUNIT":"Switzerland","GU_A3":"CHE","SU_DIF":0,"SUBUNIT":"Switzerland","SU_A3":"CHE","BRK_DIFF":0,"NAME":"Switzerland","NAME_LONG":"Switzerland","BRK_A3":"CHE","BRK_NAME":"Switzerland","BRK_GROUP":"","ABBREV":"Switz.","POSTAL":"CH","FORMAL_EN":"Swiss Confederation","FORMAL_FR":"","NAME_CIAWF":"Switzerland","NOTE_ADM0":"","NOTE_BRK":"","NAME_SORT":"Switzerland","NAME_ALT":"","MAPCOLOR7":5,"MAPCOLOR8":2,"MAPCOLOR9":7,"MAPCOLOR13":3,"POP_EST":8574832,"POP_RANK":13,"POP_YEAR":2019,"GDP_MD":703082,"GDP_YEAR":2019,"ECONOMY":"2. Developed region: nonG7","INCOME_GRP":"1. High income: OECD","FIPS_10":"SZ","ISO_A2":"CH","ISO_A2_EH":"CH","ISO_A3":"CHE","ISO_A3_EH":"CHE","ISO_N3":"756","ISO_N3_EH":"756","UN_A3":"756","WB_A2":"CH","WB_A3":"CHE","WOE_ID":23424957,"WOE_ID_EH":23424957,"WOE_NOTE":"Exact WOE match as country","ADM0_ISO":"CHE","ADM0_DIFF":"","ADM0_TLC":"CHE","ADM0_A3_US":"CHE","ADM0_A3_FR":"CHE","ADM0_A3_RU":"CHE","ADM0_A3_ES":"CHE","ADM0_A3_CN":"CHE","ADM0_A3_TW":"CHE","ADM0_A3_IN":"CHE","ADM0_A3_NP":"CHE","ADM0_A3_PK":"CHE","ADM0_A3_DE":"CHE","ADM0_A3_GB":"CHE","ADM0_A3_BR":"CHE","ADM0_A3_IL":"CHE","ADM0_A3_PS":"CHE","ADM0_A3_SA":"CHE","ADM0_A3_EG":"CHE","ADM0_A3_MA":"CHE","ADM0_A3_PT":"CHE","ADM0_A3_AR":"CHE","ADM0_A3_JP":"CHE","ADM0_A3_KO":"CHE","ADM0_A3_VN":"CHE","ADM0_A3_TR":"CHE","ADM0_A3_ID":"CHE","ADM0_A3_PL":"CHE","ADM0_A3_GR":"CHE","ADM0_A3_IT":"CHE","ADM0_A3_NL":"CHE","ADM0_A3_SE":"CHE","ADM0_A3_BD":"CHE","ADM0_A3_UA":"CHE","ADM0_A3_UN":-99,"ADM0_A3_WB":-99,"CONTINENT":"Europe","REGION_UN":"Europe","SUBREGION":"Western Europe","REGION_WB":"Europe & Central Asia","NAME_LEN":11,"LONG_LEN":11,"ABBREV_LEN":6,"TINY":-99,"HOMEPART":1,"MIN_ZOOM":0,"MIN_LABEL":4,"MAX_LABEL":9,"LABEL_X":7.463965,"LABEL_Y":46.719114,"NE_ID":1159320491,"WIKIDATAID":"Q39","NAME_AR":"سويسرا","NAME_BN":"সুইজারল্যান্ড","NAME_DE":"Schweiz","NAME_EN":"Switzerland","NAME_ES":"Suiza","NAME_FA":"سوئیس","NAME_FR":"Suisse","NAME_EL":"Ελβετία","NAME_HE":"שווייץ","NAME_HI":"स्विट्ज़रलैण्ड","NAME_HU":"Svájc","NAME_ID":"Swiss","NAME_IT":"Svizzera","NAME_JA":"スイス","NAME_KO":"스위스","NAME_NL":"Zwitserland","NAME_PL":"Szwajcaria","NAME_PT":"Suíça","NAME_RU":"Швейцария","NAME_SV":"Schweiz","NAME_TR":"İsviçre","NAME_UK":"Швейцарія","NAME_UR":"سویٹزرلینڈ","NAME_VI":"Thụy Sĩ","NAME_ZH":"瑞士","NAME_ZHT":"瑞士","FCLASS_ISO":"Admin-0 country","TLC_DIFF":"","FCLASS_TLC":"Admin-0 country","FCLASS_US":"","FCLASS_FR":"","FCLASS_RU":"","FCLASS_ES":"","FCLASS_CN":"","FCLASS_TW":"","FCLASS_IN":"","FCLASS_NP":"","FCLASS_PK":"","FCLASS_DE":"","FCLASS_GB":"","FCLASS_BR":"","FCLASS_IL":"","FCLASS_PS":"","FCLASS_SA":"","FCLASS_EG":"","FCLASS_MA":"","FCLASS_PT":"","FCLASS_AR":"","FCLASS_JP":"","FCLASS_KO":"","FCLASS_VN":"","FCLASS_TR":"","FCLASS_ID":"","FCLASS_PL":"","FCLASS_GR":"","FCLASS_IT":"","FCLASS_NL":"","FCLASS_SE":"","FCLASS_BD":"","FCLASS_UA":""}},{"type":"Feature","geometry":{"type":"MultiPolygon","coordinates":[[[[19.076464843750017,57.8359375],[18.537402343750017,57.83056640625],[18.136523437500017,57.556640625],[18.28535156250001,57.083203125],[18.69990234375001,57.242724609374996],[18.813867187500023,57.706201171875],[19.076464843750017,57.8359375]]],[[[11.388281250000006,59.036523437499994],[11.271582031250006,58.475634765625],[11.703222656250006,57.973193359374996],[11.961523437500006,57.426074218749996],[12.421484375000006,56.906396484375],[12.883691406250023,56.617724609374996],[12.592578125000017,56.13759765625],[13.321386718750006,55.34638671875],[14.173730468750023,55.396630859375],[14.215039062500011,55.8326171875],[14.782031250000017,56.161914062499996],[15.996679687500006,56.222607421875],[16.348730468750006,56.709277343749996],[16.630859375,57.43017578125],[16.55537109375001,57.812255859375],[16.788476562500023,58.58525390625],[18.28535156250001,59.109375],[18.578125,59.565771484375],[18.970507812500017,59.757226562499994],[18.557519531250023,60.253564453124994],[17.95576171875001,60.589794921875],[17.35986328125,60.6408203125],[17.130761718750023,61.575732421875],[17.535253906250006,62.263671875],[18.46308593750001,62.895849609375],[18.6064453125,63.178271484375],[19.03437500000001,63.237744140625],[20.7626953125,63.867822265624994],[21.46503906250001,64.37958984375],[21.195898437500006,64.876904296875],[21.565527343750006,65.40810546875],[22.254003906250006,65.59755859375],[22.366308593750006,65.84267578125],[23.102343750000017,65.7353515625],[24.15546875000001,65.8052734375],[23.701171875,66.48076171875],[23.941796875000023,66.87783203125],[23.623046875,67.184130859375],[23.474218750000006,68.017333984375],[22.78242187500001,68.391015625],[21.997460937500023,68.52060546875],[20.622167968750006,69.036865234375],[20.33710937500001,68.899658203125],[19.969824218750006,68.356396484375],[18.37861328125001,68.56240234375],[17.91669921875001,67.964892578125],[17.324609375000023,68.10380859375],[16.19355468750001,67.50517578125],[16.40351562500001,67.05498046875],[15.422949218750006,66.48984375],[15.1533203125,66.191064453125],[14.543261718750017,66.129345703125],[14.479687500000011,65.30146484375],[13.650292968750023,64.58154296875],[14.07763671875,64.464013671875],[13.960546875000006,64.014013671875],[13.299609375000017,64.0748046875],[12.662500000000023,63.940478515625],[11.999902343750023,63.29169921875],[12.114550781250017,62.59189453125],[12.303515625000017,62.285595703125],[12.155371093750006,61.720751953125],[12.880761718750023,61.352294921875],[12.683007812500023,61.046826171875],[12.294140625000011,61.002685546875],[12.588671875000017,60.450732421875],[12.486132812500017,60.106787109375],[11.93212890625,59.863671874999994],[11.798144531250017,59.289892578125],[11.388281250000006,59.036523437499994]]]]},"properties":{"featurecla":"Admin-0 map unit","scalerank":3,"LABELRANK":3,"SOVEREIGNT":"Sweden","SOV_A3":"SWE","ADM0_DIF":0,"LEVEL":2,"TYPE":"Sovereign country","TLC":"1","ADMIN":"Sweden","ADM0_A3":"SWE","GEOU_DIF":0,"GEOUNIT":"Sweden","GU_A3":"SWE","SU_DIF":0,"SUBUNIT":"Sweden","SU_A3":"SWE","BRK_DIFF":0,"NAME":"Sweden","NAME_LONG":"Sweden","BRK_A3":"SWE","BRK_NAME":"Sweden","BRK_GROUP":"","ABBREV":"Swe.","POSTAL":"S","FORMAL_EN":"Kingdom of Sweden","FORMAL_FR":"","NAME_CIAWF":"Sweden","NOTE_ADM0":"","NOTE_BRK":"","NAME_SORT":"Sweden","NAME_ALT":"","MAPCOLOR7":1,"MAPCOLOR8":4,"MAPCOLOR9":2,"MAPCOLOR13":4,"POP_EST":10285453,"POP_RANK":14,"POP_YEAR":2019,"GDP_MD":530883,"GDP_YEAR":2019,"ECONOMY":"2. Developed region: nonG7","INCOME_GRP":"1. High income: OECD","FIPS_10":"SW","ISO_A2":"SE","ISO_A2_EH":"SE","ISO_A3":"SWE","ISO_A3_EH":"SWE","ISO_N3":"752","ISO_N3_EH":"752","UN_A3":"752","WB_A2":"SE","WB_A3":"SWE","WOE_ID":23424954,"WOE_ID_EH":23424954,"WOE_NOTE":"Exact WOE match as country","ADM0_ISO":"SWE","ADM0_DIFF":"","ADM0_TLC":"SWE","ADM0_A3_US":"SWE","ADM0_A3_FR":"SWE","ADM0_A3_RU":"SWE","ADM0_A3_ES":"SWE","ADM0_A3_CN":"SWE","ADM0_A3_TW":"SWE","ADM0_A3_IN":"SWE","ADM0_A3_NP":"SWE","ADM0_A3_PK":"SWE","ADM0_A3_DE":"SWE","ADM0_A3_GB":"SWE","ADM0_A3_BR":"SWE","ADM0_A3_IL":"SWE","ADM0_A3_PS":"SWE","ADM0_A3_SA":"SWE","ADM0_A3_EG":"SWE","ADM0_A3_MA":"SWE","ADM0_A3_PT":"SWE","ADM0_A3_AR":"SWE","ADM0_A3_JP":"SWE","ADM0_A3_KO":"SWE","ADM0_A3_VN":"SWE","ADM0_A3_TR":"SWE","ADM0_A3_ID":"SWE","ADM0_A3_PL":"SWE","ADM0_A3_GR":"SWE","ADM0_A3_IT":"SWE","ADM0_A3_NL":"SWE","ADM0_A3_SE":"SWE","ADM0_A3_BD":"SWE","ADM0_A3_UA":"SWE","ADM0_A3_UN":-99,"ADM0_A3_WB":-99,"CONTINENT":"Europe","REGION_UN":"Europe","SUBREGION":"Northern Europe","REGION_WB":"Europe & Central Asia","NAME_LEN":6,"LONG_LEN":6,"ABBREV_LEN":4,"TINY":-99,"HOMEPART":1,"MIN_ZOOM":0,"MIN_LABEL":2,"MAX_LABEL":7,"LABEL_X":19.01705,"LABEL_Y":65.85918,"NE_ID":1159321287,"WIKIDATAID":"Q34","NAME_AR":"السويد","NAME_BN":"সুইডেন","NAME_DE":"Schweden","NAME_EN":"Sweden","NAME_ES":"Suecia","NAME_FA":"سوئد","NAME_FR":"Suède","NAME_EL":"Σουηδία","NAME_HE":"שוודיה","NAME_HI":"स्वीडन","NAME_HU":"Svédország","NAME_ID":"Swedia","NAME_IT":"Svezia","NAME_JA":"スウェーデン","NAME_KO":"스웨덴","NAME_NL":"Zweden","NAME_PL":"Szwecja","NAME_PT":"Suécia","NAME_RU":"Швеция","NAME_SV":"Sverige","NAME_TR":"İsveç","NAME_UK":"Швеція","NAME_UR":"سویڈن","NAME_VI":"Thụy Điển","NAME_ZH":"瑞典","NAME_ZHT":"瑞典","FCLASS_ISO":"Admin-0 country","TLC_DIFF":"","FCLASS_TLC":"Admin-0 country","FCLASS_US":"","FCLASS_FR":"","FCLASS_RU":"","FCLASS_ES":"","FCLASS_CN":"","FCLASS_TW":"","FCLASS_IN":"","FCLASS_NP":"","FCLASS_PK":"","FCLASS_DE":"","FCLASS_GB":"","FCLASS_BR":"","FCLASS_IL":"","FCLASS_PS":"","FCLASS_SA":"","FCLASS_EG":"","FCLASS_MA":"","FCLASS_PT":"","FCLASS_AR":"","FCLASS_JP":"","FCLASS_KO":"","FCLASS_VN":"","FCLASS_TR":"","FCLASS_ID":"","FCLASS_PL":"","FCLASS_GR":"","FCLASS_IT":"","FCLASS_NL":"","FCLASS_SE":"","FCLASS_BD":"","FCLASS_UA":""}},{"type":"Feature","geometry":{"type":"Polygon","coordinates":[[[22.538671875000006,49.072705078125],[21.6396484375,49.411962890625],[20.616113281250023,49.39169921875],[19.80224609375,49.192333984375],[19.44160156250001,49.597705078124996],[18.83222656250001,49.510791015624996],[18.160937500000017,49.257373046874996],[17.75849609375001,48.888134765625],[17.1884765625,48.8609375],[16.953125,48.598828125],[17.147363281250023,48.00595703125],[17.76191406250001,47.770166015624994],[18.724218750000006,47.787158203124996],[18.914160156250006,48.050830078124996],[19.89863281250001,48.13134765625],[20.490039062500017,48.526904296874996],[21.45136718750001,48.55224609375],[22.1318359375,48.405322265624996],[22.538671875000006,49.072705078125]]]},"properties":{"featurecla":"Admin-0 map unit","scalerank":1,"LABELRANK":6,"SOVEREIGNT":"Slovakia","SOV_A3":"SVK","ADM0_DIF":0,"LEVEL":2,"TYPE":"Sovereign country","TLC":"1","ADMIN":"Slovakia","ADM0_A3":"SVK","GEOU_DIF":0,"GEOUNIT":"Slovakia","GU_A3":"SVK","SU_DIF":0,"SUBUNIT":"Slovakia","SU_A3":"SVK","BRK_DIFF":0,"NAME":"Slovakia","NAME_LONG":"Slovakia","BRK_A3":"SVK","BRK_NAME":"Slovakia","BRK_GROUP":"","ABBREV":"Svk.","POSTAL":"SK","FORMAL_EN":"Slovak Republic","FORMAL_FR":"","NAME_CIAWF":"Slovakia","NOTE_ADM0":"","NOTE_BRK":"","NAME_SORT":"Slovak Republic","NAME_ALT":"","MAPCOLOR7":2,"MAPCOLOR8":4,"MAPCOLOR9":4,"MAPCOLOR13":9,"POP_EST":5454073,"POP_RANK":13,"POP_YEAR":2019,"GDP_MD":105079,"GDP_YEAR":2019,"ECONOMY":"2. Developed region: nonG7","INCOME_GRP":"1. High income: OECD","FIPS_10":"LO","ISO_A2":"SK","ISO_A2_EH":"SK","ISO_A3":"SVK","ISO_A3_EH":"SVK","ISO_N3":"703","ISO_N3_EH":"703","UN_A3":"703","WB_A2":"SK","WB_A3":"SVK","WOE_ID":23424877,"WOE_ID_EH":23424877,"WOE_NOTE":"Exact WOE match as country","ADM0_ISO":"SVK","ADM0_DIFF":"","ADM0_TLC":"SVK","ADM0_A3_US":"SVK","ADM0_A3_FR":"SVK","ADM0_A3_RU":"SVK","ADM0_A3_ES":"SVK","ADM0_A3_CN":"SVK","ADM0_A3_TW":"SVK","ADM0_A3_IN":"SVK","ADM0_A3_NP":"SVK","ADM0_A3_PK":"SVK","ADM0_A3_DE":"SVK","ADM0_A3_GB":"SVK","ADM0_A3_BR":"SVK","ADM0_A3_IL":"SVK","ADM0_A3_PS":"SVK","ADM0_A3_SA":"SVK","ADM0_A3_EG":"SVK","ADM0_A3_MA":"SVK","ADM0_A3_PT":"SVK","ADM0_A3_AR":"SVK","ADM0_A3_JP":"SVK","ADM0_A3_KO":"SVK","ADM0_A3_VN":"SVK","ADM0_A3_TR":"SVK","ADM0_A3_ID":"SVK","ADM0_A3_PL":"SVK","ADM0_A3_GR":"SVK","ADM0_A3_IT":"SVK","ADM0_A3_NL":"SVK","ADM0_A3_SE":"SVK","ADM0_A3_BD":"SVK","ADM0_A3_UA":"SVK","ADM0_A3_UN":-99,"ADM0_A3_WB":-99,"CONTINENT":"Europe","REGION_UN":"Europe","SUBREGION":"Eastern Europe","REGION_WB":"Europe & Central Asia","NAME_LEN":8,"LONG_LEN":8,"ABBREV_LEN":4,"TINY":-99,"HOMEPART":1,"MIN_ZOOM":0,"MIN_LABEL":4,"MAX_LABEL":9,"LABEL_X":19.049868,"LABEL_Y":48.734044,"NE_ID":1159321283,"WIKIDATAID":"Q214","NAME_AR":"سلوفاكيا","NAME_BN":"স্লোভাকিয়া","NAME_DE":"Slowakei","NAME_EN":"Slovakia","NAME_ES":"Eslovaquia","NAME_FA":"اسلواکی","NAME_FR":"Slovaquie","NAME_EL":"Σλοβακία","NAME_HE":"סלובקיה","NAME_HI":"स्लोवाकिया","NAME_HU":"Szlovákia","NAME_ID":"Slowakia","NAME_IT":"Slovacchia","NAME_JA":"スロバキア","NAME_KO":"슬로바키아","NAME_NL":"Slowakije","NAME_PL":"Słowacja","NAME_PT":"Eslováquia","NAME_RU":"Словакия","NAME_SV":"Slovakien","NAME_TR":"Slovakya","NAME_UK":"Словаччина","NAME_UR":"سلوواکیہ","NAME_VI":"Slovakia","NAME_ZH":"斯洛伐克","NAME_ZHT":"斯洛伐克","FCLASS_ISO":"Admin-0 country","TLC_DIFF":"","FCLASS_TLC":"Admin-0 country","FCLASS_US":"","FCLASS_FR":"","FCLASS_RU":"","FCLASS_ES":"","FCLASS_CN":"","FCLASS_TW":"","FCLASS_IN":"","FCLASS_NP":"","FCLASS_PK":"","FCLASS_DE":"","FCLASS_GB":"","FCLASS_BR":"","FCLASS_IL":"","FCLASS_PS":"","FCLASS_SA":"","FCLASS_EG":"","FCLASS_MA":"","FCLASS_PT":"","FCLASS_AR":"","FCLASS_JP":"","FCLASS_KO":"","FCLASS_VN":"","FCLASS_TR":"","FCLASS_ID":"","FCLASS_PL":"","FCLASS_GR":"","FCLASS_IT":"","FCLASS_NL":"","FCLASS_SE":"","FCLASS_BD":"","FCLASS_UA":""}},{"type":"Feature","geometry":{"type":"Polygon","coordinates":[[[23.605273437500017,51.517919921875],[23.652441406250006,52.040380859375],[23.2041015625,52.337890625],[23.8447265625,52.664208984375],[23.887109375000023,53.0275390625],[23.484667968750017,53.939794921875],[23.45361328125,54.14345703125],[22.766210937500006,54.356787109375],[19.604394531250023,54.4591796875],[18.66962890625001,54.430908203125],[18.32343750000001,54.838183593749996],[17.26191406250001,54.729541015624996],[16.55976562500001,54.55380859375],[16.186328125000017,54.290380859375],[14.21142578125,53.950341796875],[14.213671875000017,53.870751953125],[14.258886718750006,53.729638671875],[14.41455078125,53.283496093749996],[14.128613281250011,52.878222656249996],[14.514062500000023,52.64560546875],[14.752539062500006,52.081835937499996],[14.601660156250006,51.832373046875],[15.0166015625,51.252734374999996],[14.809375000000017,50.858984375],[14.993750000000006,51.01435546875],[16.007226562500023,50.611621093749996],[16.679101562500023,50.097460937499996],[17.151953125000006,50.378320312499994],[17.874804687500017,49.972265625],[18.562402343750023,49.879345703125],[18.83222656250001,49.510791015624996],[19.44160156250001,49.597705078124996],[19.80224609375,49.192333984375],[20.616113281250023,49.39169921875],[21.6396484375,49.411962890625],[22.538671875000006,49.072705078125],[22.6494140625,49.539013671875],[23.03632812500001,49.899072265624994],[24.0947265625,50.617041015625],[23.605273437500017,51.517919921875]]]},"properties":{"featurecla":"Admin-0 map unit","scalerank":1,"LABELRANK":3,"SOVEREIGNT":"Poland","SOV_A3":"POL","ADM0_DIF":0,"LEVEL":2,"TYPE":"Sovereign country","TLC":"1","ADMIN":"Poland","ADM0_A3":"POL","GEOU_DIF":0,"GEOUNIT":"Poland","GU_A3":"POL","SU_DIF":0,"SUBUNIT":"Poland","SU_A3":"POL","BRK_DIFF":0,"NAME":"Poland","NAME_LONG":"Poland","BRK_A3":"POL","BRK_NAME":"Poland","BRK_GROUP":"","ABBREV":"Pol.","POSTAL":"PL","FORMAL_EN":"Republic of Poland","FORMAL_FR":"","NAME_CIAWF":"Poland","NOTE_ADM0":"","NOTE_BRK":"","NAME_SORT":"Poland","NAME_ALT":"","MAPCOLOR7":3,"MAPCOLOR8":7,"MAPCOLOR9":1,"MAPCOLOR13":2,"POP_EST":37970874,"POP_RANK":15,"POP_YEAR":2019,"GDP_MD":595858,"GDP_YEAR":2019,"ECONOMY":"2. Developed region: nonG7","INCOME_GRP":"1. High income: OECD","FIPS_10":"PL","ISO_A2":"PL","ISO_A2_EH":"PL","ISO_A3":"POL","ISO_A3_EH":"POL","ISO_N3":"616","ISO_N3_EH":"616","UN_A3":"616","WB_A2":"PL","WB_A3":"POL","WOE_ID":23424923,"WOE_ID_EH":23424923,"WOE_NOTE":"Exact WOE match as country","ADM0_ISO":"POL","ADM0_DIFF":"","ADM0_TLC":"POL","ADM0_A3_US":"POL","ADM0_A3_FR":"POL","ADM0_A3_RU":"POL","ADM0_A3_ES":"POL","ADM0_A3_CN":"POL","ADM0_A3_TW":"POL","ADM0_A3_IN":"POL","ADM0_A3_NP":"POL","ADM0_A3_PK":"POL","ADM0_A3_DE":"POL","ADM0_A3_GB":"POL","ADM0_A3_BR":"POL","ADM0_A3_IL":"POL","ADM0_A3_PS":"POL","ADM0_A3_SA":"POL","ADM0_A3_EG":"POL","ADM0_A3_MA":"POL","ADM0_A3_PT":"POL","ADM0_A3_AR":"POL","ADM0_A3_JP":"POL","ADM0_A3_KO":"POL","ADM0_A3_VN":"POL","ADM0_A3_TR":"POL","ADM0_A3_ID":"POL","ADM0_A3_PL":"POL","ADM0_A3_GR":"POL","ADM0_A3_IT":"POL","ADM0_A3_NL":"POL","ADM0_A3_SE":"POL","ADM0_A3_BD":"POL","ADM0_A3_UA":"POL","ADM0_A3_UN":-99,"ADM0_A3_WB":-99,"CONTINENT":"Europe","REGION_UN":"Europe","SUBREGION":"Eastern Europe","REGION_WB":"Europe & Central Asia","NAME_LEN":6,"LONG_LEN":6,"ABBREV_LEN":4,"TINY":-99,"HOMEPART":1,"MIN_ZOOM":0,"MIN_LABEL":2.5,"MAX_LABEL":7,"LABEL_X":19.490468,"LABEL_Y":51.990316,"NE_ID":1159321179,"WIKIDATAID":"Q36","NAME_AR":"بولندا","NAME_BN":"পোল্যান্ড","NAME_DE":"Polen","NAME_EN":"Poland","NAME_ES":"Polonia","NAME_FA":"لهستان","NAME_FR":"Pologne","NAME_EL":"Πολωνία","NAME_HE":"פולין","NAME_HI":"पोलैंड","NAME_HU":"Lengyelország","NAME_ID":"Polandia","NAME_IT":"Polonia","NAME_JA":"ポーランド","NAME_KO":"폴란드","NAME_NL":"Polen","NAME_PL":"Polska","NAME_PT":"Polónia","NAME_RU":"Польша","NAME_SV":"Polen","NAME_TR":"Polonya","NAME_UK":"Польща","NAME_UR":"پولینڈ","NAME_VI":"Ba Lan","NAME_ZH":"波兰","NAME_ZHT":"波蘭","FCLASS_ISO":"Admin-0 country","TLC_DIFF":"","FCLASS_TLC":"Admin-0 country","FCLASS_US":"","FCLASS_FR":"","FCLASS_RU":"","FCLASS_ES":"","FCLASS_CN":"","FCLASS_TW":"","FCLASS_IN":"","FCLASS_NP":"","FCLASS_PK":"","FCLASS_DE":"","FCLASS_GB":"","FCLASS_BR":"","FCLASS_IL":"","FCLASS_PS":"","FCLASS_SA":"","FCLASS_EG":"","FCLASS_MA":"","FCLASS_PT":"","FCLASS_AR":"","FCLASS_JP":"","FCLASS_KO":"","FCLASS_VN":"","FCLASS_TR":"","FCLASS_ID":"","FCLASS_PL":"","FCLASS_GR":"","FCLASS_IT":"","FCLASS_NL":"","FCLASS_SE":"","FCLASS_BD":"","FCLASS_UA":""}},{"type":"Feature","geometry":{"type":"MultiPolygon","coordinates":[[[[20.622167968750006,69.036865234375],[21.62177734375001,69.270703125],[22.410937500000017,68.719873046875],[23.324023437500017,68.648974609375],[23.85400390625,68.805908203125],[24.94140625,68.59326171875],[25.748339843750017,68.99013671875],[26.011523437500017,69.65263671875],[26.525390625,69.9150390625],[27.108691406250017,69.9046875],[27.889941406250017,70.061669921875],[28.411718750000006,69.82275390625],[29.1416015625,69.671435546875],[29.333398437500023,69.472998046875],[28.9658203125,69.02197265625],[29.388281250000006,69.29814453125],[29.994042968750023,69.39248046875],[30.2275390625,69.6337890625],[30.869726562500006,69.783447265625],[30.180078125000023,69.841162109375],[29.925878906250006,70.096484375],[30.944140625000017,70.2744140625],[29.102343750000017,70.8607421875],[27.597070312500023,71.09130859375],[26.989355468750006,70.511376953125],[26.583984375,70.45380859375],[26.506933593750006,70.91279296875],[25.043847656250023,70.109033203125],[25.2646484375,70.843505859375],[24.764746093750006,71.008447265625],[24.038476562500023,70.4853515625],[23.37939453125,70.2474609375],[22.6845703125,70.374755859375],[21.7802734375,70.2298828125],[21.1630859375,69.889501953125],[20.068945312500006,69.883447265625],[19.197265625,69.7478515625],[18.991113281250023,69.5611328125],[18.29316406250001,69.47509765625],[18.101464843750023,69.156298828125],[17.70458984375,69.100048828125],[17.39082031250001,68.799365234375],[16.65185546875,68.62578125],[16.007910156250006,68.2287109375],[15.316015625000006,68.06875],[14.798925781250006,67.809326171875],[14.754980468750006,67.4990234375],[13.104687500000011,66.539404296875],[12.272851562500023,65.5681640625],[12.15966796875,65.178955078125],[11.349902343750017,64.905908203125],[11.225390625000017,64.6794921875],[10.565625000000011,64.418310546875],[9.7080078125,63.864892578124994],[9.696875000000006,63.624560546875],[8.842382812500006,63.645898437499994],[8.398144531250011,63.535107421875],[8.1005859375,63.090966796874994],[7.008496093750011,62.957666015624994],[7.283789062500006,62.602294921875],[6.352929687500023,62.6111328125],[5.533300781250006,62.310888671875],[4.927832031250006,61.710693359375],[5.049121093750017,60.70751953125],[5.285839843750011,60.205712890624994],[5.304882812500011,59.642578125],[5.131640625000017,59.226464843749994],[5.612207031250023,59.012890625],[5.706835937500017,58.5236328125],[7.0048828125,58.02421875],[8.166113281250006,58.1453125],[9.800195312500023,59.02705078125],[10.179394531250011,59.00927734375],[10.644921875000023,59.389208984375],[11.388281250000006,59.036523437499994],[11.798144531250017,59.289892578125],[11.93212890625,59.863671874999994],[12.486132812500017,60.106787109375],[12.588671875000017,60.450732421875],[12.294140625000011,61.002685546875],[12.683007812500023,61.046826171875],[12.880761718750023,61.352294921875],[12.155371093750006,61.720751953125],[12.303515625000017,62.285595703125],[12.114550781250017,62.59189453125],[11.999902343750023,63.29169921875],[12.662500000000023,63.940478515625],[13.299609375000017,64.0748046875],[13.960546875000006,64.014013671875],[14.07763671875,64.464013671875],[13.650292968750023,64.58154296875],[14.479687500000011,65.30146484375],[14.543261718750017,66.129345703125],[15.1533203125,66.191064453125],[15.422949218750006,66.48984375],[16.40351562500001,67.05498046875],[16.19355468750001,67.50517578125],[17.324609375000023,68.10380859375],[17.91669921875001,67.964892578125],[18.37861328125001,68.56240234375],[19.969824218750006,68.356396484375],[20.33710937500001,68.899658203125],[20.622167968750006,69.036865234375]]],[[[17.503027343750006,69.596240234375],[17.487890625000006,69.196826171875],[17.95068359375,69.19814453125],[18.00410156250001,69.50498046875],[17.503027343750006,69.596240234375]]]]},"properties":{"featurecla":"Admin-0 map unit","scalerank":1,"LABELRANK":3,"SOVEREIGNT":"Norway","SOV_A3":"NOR","ADM0_DIF":0,"LEVEL":2,"TYPE":"Sovereign country","TLC":"","ADMIN":"Norway","ADM0_A3":"NOR","GEOU_DIF":0,"GEOUNIT":"Norway","GU_A3":"NOR","SU_DIF":0,"SUBUNIT":"Norway","SU_A3":"NOR","BRK_DIFF":0,"NAME":"Norway","NAME_LONG":"Norway","BRK_A3":"NOR","BRK_NAME":"Norway","BRK_GROUP":"","ABBREV":"Nor.","POSTAL":"N","FORMAL_EN":"Kingdom of Norway","FORMAL_FR":"","NAME_CIAWF":"Norway","NOTE_ADM0":"","NOTE_BRK":"","NAME_SORT":"Norway","NAME_ALT":"","MAPCOLOR7":5,"MAPCOLOR8":3,"MAPCOLOR9":8,"MAPCOLOR13":12,"POP_EST":5347896,"POP_RANK":13,"POP_YEAR":2019,"GDP_MD":403336,"GDP_YEAR":2019,"ECONOMY":"2. Developed region: nonG7","INCOME_GRP":"1. High income: OECD","FIPS_10":"-99","ISO_A2":"-99","ISO_A2_EH":"NO","ISO_A3":"-99","ISO_A3_EH":"NOR","ISO_N3":"-99","ISO_N3_EH":"578","UN_A3":"-99","WB_A2":"-99","WB_A3":"-99","WOE_ID":-90,"WOE_ID_EH":23424910,"WOE_NOTE":"Does not include Svalbard, Jan Mayen, or Bouvet Islands (28289410).","ADM0_ISO":"NOR","ADM0_DIFF":"","ADM0_TLC":"NOR","ADM0_A3_US":"NOR","ADM0_A3_FR":"NOR","ADM0_A3_RU":"NOR","ADM0_A3_ES":"NOR","ADM0_A3_CN":"NOR","ADM0_A3_TW":"NOR","ADM0_A3_IN":"NOR","ADM0_A3_NP":"NOR","ADM0_A3_PK":"NOR","ADM0_A3_DE":"NOR","ADM0_A3_GB":"NOR","ADM0_A3_BR":"NOR","ADM0_A3_IL":"NOR","ADM0_A3_PS":"NOR","ADM0_A3_SA":"NOR","ADM0_A3_EG":"NOR","ADM0_A3_MA":"NOR","ADM0_A3_PT":"NOR","ADM0_A3_AR":"NOR","ADM0_A3_JP":"NOR","ADM0_A3_KO":"NOR","ADM0_A3_VN":"NOR","ADM0_A3_TR":"NOR","ADM0_A3_ID":"NOR","ADM0_A3_PL":"NOR","ADM0_A3_GR":"NOR","ADM0_A3_IT":"NOR","ADM0_A3_NL":"NOR","ADM0_A3_SE":"NOR","ADM0_A3_BD":"NOR","ADM0_A3_UA":"NOR","ADM0_A3_UN":-99,"ADM0_A3_WB":-99,"CONTINENT":"Europe","REGION_UN":"Europe","SUBREGION":"Northern Europe","REGION_WB":"Europe & Central Asia","NAME_LEN":6,"LONG_LEN":6,"ABBREV_LEN":4,"TINY":-99,"HOMEPART":1,"MIN_ZOOM":0,"MIN_LABEL":3,"MAX_LABEL":7,"LABEL_X":9.679975,"LABEL_Y":61.357092,"NE_ID":1159321109,"WIKIDATAID":"Q20","NAME_AR":"النرويج","NAME_BN":"নরওয়ে","NAME_DE":"Norwegen","NAME_EN":"Norway","NAME_ES":"Noruega","NAME_FA":"نروژ","NAME_FR":"Norvège","NAME_EL":"Νορβηγία","NAME_HE":"נורווגיה","NAME_HI":"नॉर्वे","NAME_HU":"Norvégia","NAME_ID":"Norwegia","NAME_IT":"Norvegia","NAME_JA":"ノルウェー","NAME_KO":"노르웨이","NAME_NL":"Noorwegen","NAME_PL":"Norwegia","NAME_PT":"Noruega","NAME_RU":"Норвегия","NAME_SV":"Norge","NAME_TR":"Norveç","NAME_UK":"Норвегія","NAME_UR":"ناروے","NAME_VI":"Na Uy","NAME_ZH":"挪威","NAME_ZHT":"挪威","FCLASS_ISO":"Unrecognized","TLC_DIFF":"","FCLASS_TLC":"Unrecognized","FCLASS_US":"","FCLASS_FR":"","FCLASS_RU":"","FCLASS_ES":"","FCLASS_CN":"","FCLASS_TW":"","FCLASS_IN":"","FCLASS_NP":"","FCLASS_PK":"","FCLASS_DE":"","FCLASS_GB":"","FCLASS_BR":"","FCLASS_IL":"","FCLASS_PS":"","FCLASS_SA":"","FCLASS_EG":"","FCLASS_MA":"","FCLASS_PT":"","FCLASS_AR":"","FCLASS_JP":"","FCLASS_KO":"","FCLASS_VN":"","FCLASS_TR":"","FCLASS_ID":"","FCLASS_PL":"","FCLASS_GR":"","FCLASS_IT":"","FCLASS_NL":"","FCLASS_SE":"","FCLASS_BD":"","FCLASS_UA":""}},{"type":"Feature","geometry":{"type":"Polygon","coordinates":[[[-8.953564453124983,70.83916015625],[-8.635351562499977,70.9404296875],[-8.002099609374994,71.041259765625],[-8.001367187499994,71.177685546875],[-8.343701171874983,71.14013671875],[-8.953564453124983,70.83916015625]]]},"properties":{"featurecla":"Admin-0 map unit","scalerank":3,"LABELRANK":6,"SOVEREIGNT":"Norway","SOV_A3":"NOR","ADM0_DIF":0,"LEVEL":3,"TYPE":"Dependency","TLC":"1","ADMIN":"Norway","ADM0_A3":"NOR","GEOU_DIF":1,"GEOUNIT":"Jan Mayen","GU_A3":"NJM","SU_DIF":0,"SUBUNIT":"Jan Mayen","SU_A3":"NJM","BRK_DIFF":0,"NAME":"Jan Mayen I.","NAME_LONG":"Jan Mayen Island","BRK_A3":"NJM","BRK_NAME":"Jan Mayen","BRK_GROUP":"Svalbard and Jan Mayen","ABBREV":"J.M.","POSTAL":"JM","FORMAL_EN":"","FORMAL_FR":"","NAME_CIAWF":"","NOTE_ADM0":"Nor.","NOTE_BRK":"","NAME_SORT":"Jan Mayen I.","NAME_ALT":"","MAPCOLOR7":5,"MAPCOLOR8":3,"MAPCOLOR9":8,"MAPCOLOR13":12,"POP_EST":20,"POP_RANK":1,"POP_YEAR":2017,"GDP_MD":0,"GDP_YEAR":2019,"ECONOMY":"7. Least developed region","INCOME_GRP":"5. Low income","FIPS_10":"JN","ISO_A2":"-99","ISO_A2_EH":"NO","ISO_A3":"-99","ISO_A3_EH":"NOR","ISO_N3":"-99","ISO_N3_EH":"578","UN_A3":"-099","WB_A2":"-99","WB_A3":"-99","WOE_ID":23424859,"WOE_ID_EH":23424859,"WOE_NOTE":"WOE Admin-1 states provinces (territory) match.","ADM0_ISO":"SJM","ADM0_DIFF":"1","ADM0_TLC":"NJM","ADM0_A3_US":"NOR","ADM0_A3_FR":"NOR","ADM0_A3_RU":"NOR","ADM0_A3_ES":"NOR","ADM0_A3_CN":"NOR","ADM0_A3_TW":"NOR","ADM0_A3_IN":"NOR","ADM0_A3_NP":"NOR","ADM0_A3_PK":"NOR","ADM0_A3_DE":"NOR","ADM0_A3_GB":"NOR","ADM0_A3_BR":"NOR","ADM0_A3_IL":"NOR","ADM0_A3_PS":"NOR","ADM0_A3_SA":"NOR","ADM0_A3_EG":"NOR","ADM0_A3_MA":"NOR","ADM0_A3_PT":"NOR","ADM0_A3_AR":"NOR","ADM0_A3_JP":"NOR","ADM0_A3_KO":"NOR","ADM0_A3_VN":"NOR","ADM0_A3_TR":"NOR","ADM0_A3_ID":"NOR","ADM0_A3_PL":"NOR","ADM0_A3_GR":"NOR","ADM0_A3_IT":"NOR","ADM0_A3_NL":"NOR","ADM0_A3_SE":"NOR","ADM0_A3_BD":"NOR","ADM0_A3_UA":"NOR","ADM0_A3_UN":-99,"ADM0_A3_WB":-99,"CONTINENT":"Europe","REGION_UN":"Europe","SUBREGION":"Northern Europe","REGION_WB":"Europe & Central Asia","NAME_LEN":12,"LONG_LEN":16,"ABBREV_LEN":4,"TINY":-99,"HOMEPART":-99,"MIN_ZOOM":0,"MIN_LABEL":4,"MAX_LABEL":9,"LABEL_X":-8.707,"LABEL_Y":77.384,"NE_ID":1159321115,"WIKIDATAID":"Q14056","NAME_AR":"يان ماين","NAME_BN":"ইয়ান মায়েন","NAME_DE":"Jan Mayen","NAME_EN":"Jan Mayen","NAME_ES":"Jan Mayen","NAME_FA":"یان ماین","NAME_FR":"Jan Mayen","NAME_EL":"Γιαν Μάγεν","NAME_HE":"יאן מאיין","NAME_HI":"यान मायेन","NAME_HU":"Jan Mayen-sziget","NAME_ID":"Jan Mayen","NAME_IT":"Jan Mayen","NAME_JA":"ヤンマイエン島","NAME_KO":"얀마옌섬","NAME_NL":"Jan Mayen","NAME_PL":"Jan Mayen","NAME_PT":"Jan Mayen","NAME_RU":"Ян-Майен","NAME_SV":"Jan Mayen","NAME_TR":"Jan Mayen","NAME_UK":"Ян-Маєн","NAME_UR":"جان ماین","NAME_VI":"Jan Mayen","NAME_ZH":"扬马延","NAME_ZHT":"揚馬延","FCLASS_ISO":"Unrecognized","TLC_DIFF":"1","FCLASS_TLC":"Island","FCLASS_US":"","FCLASS_FR":"","FCLASS_RU":"","FCLASS_ES":"","FCLASS_CN":"","FCLASS_TW":"","FCLASS_IN":"","FCLASS_NP":"","FCLASS_PK":"","FCLASS_DE":"","FCLASS_GB":"","FCLASS_BR":"","FCLASS_IL":"","FCLASS_PS":"","FCLASS_SA":"","FCLASS_EG":"","FCLASS_MA":"","FCLASS_PT":"","FCLASS_AR":"","FCLASS_JP":"","FCLASS_KO":"","FCLASS_VN":"","FCLASS_TR":"","FCLASS_ID":"","FCLASS_PL":"","FCLASS_GR":"","FCLASS_IT":"","FCLASS_NL":"","FCLASS_SE":"","FCLASS_BD":"","FCLASS_UA":""}},{"type":"Feature","geometry":{"type":"MultiPolygon","coordinates":[[[[21.60810546875001,78.595703125],[20.362695312500023,78.514794921875],[21.035449218750017,78.0591796875],[21.25146484375,77.7109375],[21.049902343750006,77.440966796875],[22.25458984375001,77.528857421875],[22.5537109375,77.266650390625],[23.841210937500023,77.49775390625],[23.683984375000023,77.875439453125],[23.11669921875,77.99150390625],[22.988867187500006,78.251953125],[22.29951171875001,78.228173828125],[22.04316406250001,78.576953125],[21.60810546875001,78.595703125]]],[[[20.897851562500023,80.249951171875],[19.851171875000006,80.47119140625],[19.343359375000006,80.11640625],[18.779296875,80.193505859375],[18.725000000000023,79.7607421875],[20.460742187500017,79.774658203125],[20.861132812500017,79.3978515625],[22.865527343750017,79.411865234375],[22.903710937500023,79.2306640625],[23.94775390625,79.194287109375],[24.750585937500006,79.364599609375],[25.641210937500006,79.40302734375],[26.005859375,79.617041015625],[27.079882812500017,79.865380859375],[26.86083984375,80.160009765625],[25.836328125000023,80.175146484375],[24.29755859375001,80.360400390625],[23.68798828125,80.20654296875],[23.251367187500023,80.4466796875],[22.450781250000006,80.40224609375],[22.28974609375001,80.04921875],[21.549218750000023,80.242919921875],[20.897851562500023,80.249951171875]]],[[[16.786718750000006,79.90673828125],[16.093847656250006,80.00732421875],[15.66015625,79.23486328125],[15.052343750000006,79.675341796875],[14.593652343750023,79.79873046875],[14.039843750000017,79.58564453125],[13.957226562500011,79.3396484375],[13.383593750000017,79.48076171875],[13.69287109375,79.860986328125],[12.205175781250006,79.719091796875],[11.702343750000011,79.82060546875],[10.865917968750011,79.79658203125],[10.737597656250017,79.520166015625],[11.773828125000023,78.71640625],[13.150195312500017,78.2375],[14.110449218750006,78.2708984375],[14.689257812500017,78.720947265625],[15.137304687500006,78.6642578125],[15.698046875000017,78.227587890625],[14.248144531250006,78.07138671875],[15.124218750000011,77.085107421875],[15.546777343750023,76.88642578125],[16.700488281250017,76.579296875],[17.623339843750017,77.399365234375],[18.227929687500023,77.522607421875],[18.439257812500017,78.025048828125],[19.76875000000001,78.622705078125],[21.096289062500006,78.67626953125],[20.767187500000006,79.059130859375],[19.089453125000006,79.15703125],[18.581445312500023,79.57158203125],[17.578222656250006,79.88466796875],[16.786718750000006,79.90673828125]]]]},"properties":{"featurecla":"Admin-0 map unit","scalerank":4,"LABELRANK":4,"SOVEREIGNT":"Norway","SOV_A3":"NOR","ADM0_DIF":0,"LEVEL":3,"TYPE":"Dependency","TLC":"1","ADMIN":"Norway","ADM0_A3":"NOR","GEOU_DIF":1,"GEOUNIT":"Svalbard","GU_A3":"NSV","SU_DIF":0,"SUBUNIT":"Svalbard","SU_A3":"NSV","BRK_DIFF":0,"NAME":"Svalbard Is.","NAME_LONG":"Svalbard Islands","BRK_A3":"NSV","BRK_NAME":"Svalbard","BRK_GROUP":"Svalbard and Jan Mayen","ABBREV":"Sval.","POSTAL":"SJ","FORMAL_EN":"","FORMAL_FR":"","NAME_CIAWF":"Svalbard","NOTE_ADM0":"Nor.","NOTE_BRK":"","NAME_SORT":"Svalbard Is.","NAME_ALT":"","MAPCOLOR7":5,"MAPCOLOR8":3,"MAPCOLOR9":8,"MAPCOLOR13":12,"POP_EST":2939,"POP_RANK":4,"POP_YEAR":2020,"GDP_MD":1,"GDP_YEAR":2016,"ECONOMY":"6. Developing region","INCOME_GRP":"4. Lower middle income","FIPS_10":"SV","ISO_A2":"SJ","ISO_A2_EH":"SJ","ISO_A3":"SJM","ISO_A3_EH":"SJM","ISO_N3":"744","ISO_N3_EH":"744","UN_A3":"744","WB_A2":"-99","WB_A3":"-99","WOE_ID":23424953,"WOE_ID_EH":23424953,"WOE_NOTE":"WOE Admin-1 states provinces (territory) match.","ADM0_ISO":"SJM","ADM0_DIFF":"1","ADM0_TLC":"NSV","ADM0_A3_US":"NOR","ADM0_A3_FR":"NOR","ADM0_A3_RU":"NOR","ADM0_A3_ES":"NOR","ADM0_A3_CN":"NOR","ADM0_A3_TW":"NOR","ADM0_A3_IN":"NOR","ADM0_A3_NP":"NOR","ADM0_A3_PK":"NOR","ADM0_A3_DE":"NOR","ADM0_A3_GB":"NOR","ADM0_A3_BR":"NOR","ADM0_A3_IL":"NOR","ADM0_A3_PS":"NOR","ADM0_A3_SA":"NOR","ADM0_A3_EG":"NOR","ADM0_A3_MA":"NOR","ADM0_A3_PT":"NOR","ADM0_A3_AR":"NOR","ADM0_A3_JP":"NOR","ADM0_A3_KO":"NOR","ADM0_A3_VN":"NOR","ADM0_A3_TR":"NOR","ADM0_A3_ID":"NOR","ADM0_A3_PL":"NOR","ADM0_A3_GR":"NOR","ADM0_A3_IT":"NOR","ADM0_A3_NL":"NOR","ADM0_A3_SE":"NOR","ADM0_A3_BD":"NOR","ADM0_A3_UA":"NOR","ADM0_A3_UN":-99,"ADM0_A3_WB":-99,"CONTINENT":"Europe","REGION_UN":"Europe","SUBREGION":"Northern Europe","REGION_WB":"Europe & Central Asia","NAME_LEN":12,"LONG_LEN":16,"ABBREV_LEN":5,"TINY":-99,"HOMEPART":-99,"MIN_ZOOM":0,"MIN_LABEL":3,"MAX_LABEL":8,"LABEL_X":18.080737,"LABEL_Y":78.778287,"NE_ID":1159321119,"WIKIDATAID":"Q25231","NAME_AR":"سفالبارد","NAME_BN":"স্ভালবার্দ","NAME_DE":"Spitzbergen","NAME_EN":"Svalbard","NAME_ES":"Svalbard","NAME_FA":"سوالبارد","NAME_FR":"Svalbard","NAME_EL":"Αρχιπέλαγος Σβάλμπαρντ","NAME_HE":"סבאלברד","NAME_HI":"स्वालबार्ड","NAME_HU":"Spitzbergák","NAME_ID":"Svalbard","NAME_IT":"Isole Svalbard","NAME_JA":"スヴァールバル諸島","NAME_KO":"스발바르 제도","NAME_NL":"Spitsbergen","NAME_PL":"Svalbard","NAME_PT":"Svalbard","NAME_RU":"Шпицберген","NAME_SV":"Svalbard","NAME_TR":"Svalbard","NAME_UK":"Шпіцберген","NAME_UR":"سوالبارد","NAME_VI":"Svalbard","NAME_ZH":"斯瓦尔巴","NAME_ZHT":"斯瓦巴","FCLASS_ISO":"Unrecognized","TLC_DIFF":"1","FCLASS_TLC":"Island","FCLASS_US":"","FCLASS_FR":"","FCLASS_RU":"","FCLASS_ES":"","FCLASS_CN":"","FCLASS_TW":"","FCLASS_IN":"","FCLASS_NP":"","FCLASS_PK":"","FCLASS_DE":"","FCLASS_GB":"","FCLASS_BR":"","FCLASS_IL":"","FCLASS_PS":"","FCLASS_SA":"","FCLASS_EG":"","FCLASS_MA":"","FCLASS_PT":"","FCLASS_AR":"","FCLASS_JP":"","FCLASS_KO":"","FCLASS_VN":"","FCLASS_TR":"","FCLASS_ID":"","FCLASS_PL":"","FCLASS_GR":"","FCLASS_IT":"","FCLASS_NL":"","FCLASS_SE":"","FCLASS_BD":"","FCLASS_UA":""}},{"type":"Feature","geometry":{"type":"MultiPolygon","coordinates":[[[[5.993945312500017,50.750439453125],[5.894726562500011,50.984228515625],[6.193261718750023,51.488916015624994],[5.948535156250017,51.76240234375],[6.741796875000006,51.910888671875],[6.977246093750011,52.205517578125],[7.197265625,53.282275390624996],[6.816210937500017,53.441162109375],[6.062207031250011,53.407080078125],[4.678320312500006,52.809765625],[4.482812500000023,52.3091796875],[3.9468750000000057,51.810546875],[4.226171875000006,51.386474609375],[4.50341796875,51.47470703125],[5.476855468750017,51.285058593749994],[5.669140625000011,50.805957031249996],[5.993945312500017,50.750439453125]]],[[[4.226171875000006,51.386474609375],[3.35009765625,51.377685546875],[3.9020507812500114,51.207666015624994],[4.226171875000006,51.386474609375]]]]},"properties":{"featurecla":"Admin-0 map unit","scalerank":1,"LABELRANK":5,"SOVEREIGNT":"Netherlands","SOV_A3":"NL1","ADM0_DIF":1,"LEVEL":2,"TYPE":"Country","TLC":"1","ADMIN":"Netherlands","ADM0_A3":"NLD","GEOU_DIF":0,"GEOUNIT":"Netherlands","GU_A3":"NLD","SU_DIF":0,"SUBUNIT":"Netherlands","SU_A3":"NLD","BRK_DIFF":0,"NAME":"Netherlands","NAME_LONG":"Netherlands","BRK_A3":"NLD","BRK_NAME":"Netherlands","BRK_GROUP":"","ABBREV":"Neth.","POSTAL":"NL","FORMAL_EN":"Kingdom of the Netherlands","FORMAL_FR":"","NAME_CIAWF":"Netherlands","NOTE_ADM0":"","NOTE_BRK":"","NAME_SORT":"Netherlands","NAME_ALT":"","MAPCOLOR7":4,"MAPCOLOR8":2,"MAPCOLOR9":2,"MAPCOLOR13":9,"POP_EST":17332850,"POP_RANK":14,"POP_YEAR":2019,"GDP_MD":907050,"GDP_YEAR":2019,"ECONOMY":"2. Developed region: nonG7","INCOME_GRP":"1. High income: OECD","FIPS_10":"NL","ISO_A2":"NL","ISO_A2_EH":"NL","ISO_A3":"NLD","ISO_A3_EH":"NLD","ISO_N3":"528","ISO_N3_EH":"528","UN_A3":"528","WB_A2":"NL","WB_A3":"NLD","WOE_ID":-90,"WOE_ID_EH":23424909,"WOE_NOTE":"Doesn't include new former units of Netherlands Antilles (24549811, 24549808, and 24549809)","ADM0_ISO":"NLD","ADM0_DIFF":"","ADM0_TLC":"NLD","ADM0_A3_US":"NLD","ADM0_A3_FR":"NLD","ADM0_A3_RU":"NLD","ADM0_A3_ES":"NLD","ADM0_A3_CN":"NLD","ADM0_A3_TW":"NLD","ADM0_A3_IN":"NLD","ADM0_A3_NP":"NLD","ADM0_A3_PK":"NLD","ADM0_A3_DE":"NLD","ADM0_A3_GB":"NLD","ADM0_A3_BR":"NLD","ADM0_A3_IL":"NLD","ADM0_A3_PS":"NLD","ADM0_A3_SA":"NLD","ADM0_A3_EG":"NLD","ADM0_A3_MA":"NLD","ADM0_A3_PT":"NLD","ADM0_A3_AR":"NLD","ADM0_A3_JP":"NLD","ADM0_A3_KO":"NLD","ADM0_A3_VN":"NLD","ADM0_A3_TR":"NLD","ADM0_A3_ID":"NLD","ADM0_A3_PL":"NLD","ADM0_A3_GR":"NLD","ADM0_A3_IT":"NLD","ADM0_A3_NL":"NLD","ADM0_A3_SE":"NLD","ADM0_A3_BD":"NLD","ADM0_A3_UA":"NLD","ADM0_A3_UN":-99,"ADM0_A3_WB":-99,"CONTINENT":"Europe","REGION_UN":"Europe","SUBREGION":"Western Europe","REGION_WB":"Europe & Central Asia","NAME_LEN":11,"LONG_LEN":11,"ABBREV_LEN":5,"TINY":-99,"HOMEPART":1,"MIN_ZOOM":0,"MIN_LABEL":4,"MAX_LABEL":10,"LABEL_X":5.61144,"LABEL_Y":52.422211,"NE_ID":1159321101,"WIKIDATAID":"Q55","NAME_AR":"هولندا","NAME_BN":"নেদারল্যান্ডস","NAME_DE":"Niederlande","NAME_EN":"Netherlands","NAME_ES":"Países Bajos","NAME_FA":"هلند","NAME_FR":"Pays-Bas","NAME_EL":"Ολλανδία","NAME_HE":"הולנד","NAME_HI":"नीदरलैण्ड","NAME_HU":"Hollandia","NAME_ID":"Belanda","NAME_IT":"Paesi Bassi","NAME_JA":"オランダ","NAME_KO":"네덜란드","NAME_NL":"Nederland","NAME_PL":"Holandia","NAME_PT":"Países Baixos","NAME_RU":"Нидерланды","NAME_SV":"Nederländerna","NAME_TR":"Hollanda","NAME_UK":"Нідерланди","NAME_UR":"نیدرلینڈز","NAME_VI":"Hà Lan","NAME_ZH":"荷兰","NAME_ZHT":"荷蘭","FCLASS_ISO":"Admin-0 country","TLC_DIFF":"","FCLASS_TLC":"Admin-0 country","FCLASS_US":"","FCLASS_FR":"","FCLASS_RU":"","FCLASS_ES":"","FCLASS_CN":"","FCLASS_TW":"","FCLASS_IN":"","FCLASS_NP":"","FCLASS_PK":"","FCLASS_DE":"","FCLASS_GB":"","FCLASS_BR":"","FCLASS_IL":"","FCLASS_PS":"","FCLASS_SA":"","FCLASS_EG":"","FCLASS_MA":"","FCLASS_PT":"","FCLASS_AR":"","FCLASS_JP":"","FCLASS_KO":"","FCLASS_VN":"","FCLASS_TR":"","FCLASS_ID":"","FCLASS_PL":"","FCLASS_GR":"","FCLASS_IT":"","FCLASS_NL":"","FCLASS_SE":"","FCLASS_BD":"","FCLASS_UA":""}},{"type":"Feature","geometry":{"type":"Polygon","coordinates":[[[26.618945312500017,48.25986328125],[26.980761718750017,48.155029296875],[27.3369140625,47.63974609375],[28.07177734375,46.978417968749994],[28.24433593750001,46.45126953125],[28.099707031250006,45.972607421875],[28.212500000000006,45.450439453125],[28.94775390625,46.049951171874994],[29.146289062500017,46.526904296874996],[29.837890625,46.350537109375],[29.877832031250023,46.828906249999996],[29.54931640625,47.246826171875],[29.159765625000006,47.4556640625],[29.19482421875,47.882421875],[27.549218750000023,48.477734375],[26.618945312500017,48.25986328125]]]},"properties":{"featurecla":"Admin-0 map unit","scalerank":1,"LABELRANK":6,"SOVEREIGNT":"Moldova","SOV_A3":"MDA","ADM0_DIF":0,"LEVEL":2,"TYPE":"Sovereign country","TLC":"1","ADMIN":"Moldova","ADM0_A3":"MDA","GEOU_DIF":0,"GEOUNIT":"Moldova","GU_A3":"MDA","SU_DIF":0,"SUBUNIT":"Moldova","SU_A3":"MDA","BRK_DIFF":0,"NAME":"Moldova","NAME_LONG":"Moldova","BRK_A3":"MDA","BRK_NAME":"Moldova","BRK_GROUP":"","ABBREV":"Mda.","POSTAL":"MD","FORMAL_EN":"Republic of Moldova","FORMAL_FR":"","NAME_CIAWF":"Moldova","NOTE_ADM0":"","NOTE_BRK":"","NAME_SORT":"Moldova","NAME_ALT":"","MAPCOLOR7":3,"MAPCOLOR8":5,"MAPCOLOR9":4,"MAPCOLOR13":12,"POP_EST":2657637,"POP_RANK":12,"POP_YEAR":2019,"GDP_MD":11968,"GDP_YEAR":2019,"ECONOMY":"6. Developing region","INCOME_GRP":"4. Lower middle income","FIPS_10":"MD","ISO_A2":"MD","ISO_A2_EH":"MD","ISO_A3":"MDA","ISO_A3_EH":"MDA","ISO_N3":"498","ISO_N3_EH":"498","UN_A3":"498","WB_A2":"MD","WB_A3":"MDA","WOE_ID":23424885,"WOE_ID_EH":23424885,"WOE_NOTE":"Exact WOE match as country","ADM0_ISO":"MDA","ADM0_DIFF":"","ADM0_TLC":"MDA","ADM0_A3_US":"MDA","ADM0_A3_FR":"MDA","ADM0_A3_RU":"MDA","ADM0_A3_ES":"MDA","ADM0_A3_CN":"MDA","ADM0_A3_TW":"MDA","ADM0_A3_IN":"MDA","ADM0_A3_NP":"MDA","ADM0_A3_PK":"MDA","ADM0_A3_DE":"MDA","ADM0_A3_GB":"MDA","ADM0_A3_BR":"MDA","ADM0_A3_IL":"MDA","ADM0_A3_PS":"MDA","ADM0_A3_SA":"MDA","ADM0_A3_EG":"MDA","ADM0_A3_MA":"MDA","ADM0_A3_PT":"MDA","ADM0_A3_AR":"MDA","ADM0_A3_JP":"MDA","ADM0_A3_KO":"MDA","ADM0_A3_VN":"MDA","ADM0_A3_TR":"MDA","ADM0_A3_ID":"MDA","ADM0_A3_PL":"MDA","ADM0_A3_GR":"MDA","ADM0_A3_IT":"MDA","ADM0_A3_NL":"MDA","ADM0_A3_SE":"MDA","ADM0_A3_BD":"MDA","ADM0_A3_UA":"MDA","ADM0_A3_UN":-99,"ADM0_A3_WB":-99,"CONTINENT":"Europe","REGION_UN":"Europe","SUBREGION":"Eastern Europe","REGION_WB":"Europe & Central Asia","NAME_LEN":7,"LONG_LEN":7,"ABBREV_LEN":4,"TINY":-99,"HOMEPART":1,"MIN_ZOOM":0,"MIN_LABEL":5,"MAX_LABEL":10,"LABEL_X":28.487904,"LABEL_Y":47.434999,"NE_ID":1159321045,"WIKIDATAID":"Q217","NAME_AR":"مولدوفا","NAME_BN":"মলদোভা","NAME_DE":"Republik Moldau","NAME_EN":"Moldova","NAME_ES":"Moldavia","NAME_FA":"مولداوی","NAME_FR":"Moldavie","NAME_EL":"Μολδαβία","NAME_HE":"מולדובה","NAME_HI":"मॉल्डोवा","NAME_HU":"Moldova","NAME_ID":"Moldova","NAME_IT":"Moldavia","NAME_JA":"モルドバ","NAME_KO":"몰도바","NAME_NL":"Moldavië","NAME_PL":"Mołdawia","NAME_PT":"Moldávia","NAME_RU":"Молдавия","NAME_SV":"Moldavien","NAME_TR":"Moldova","NAME_UK":"Молдова","NAME_UR":"مالدووا","NAME_VI":"Moldova","NAME_ZH":"摩尔多瓦","NAME_ZHT":"摩爾多瓦","FCLASS_ISO":"Admin-0 country","TLC_DIFF":"","FCLASS_TLC":"Admin-0 country","FCLASS_US":"","FCLASS_FR":"","FCLASS_RU":"","FCLASS_ES":"","FCLASS_CN":"","FCLASS_TW":"","FCLASS_IN":"","FCLASS_NP":"","FCLASS_PK":"","FCLASS_DE":"","FCLASS_GB":"","FCLASS_BR":"","FCLASS_IL":"","FCLASS_PS":"","FCLASS_SA":"","FCLASS_EG":"","FCLASS_MA":"","FCLASS_PT":"","FCLASS_AR":"","FCLASS_JP":"","FCLASS_KO":"","FCLASS_VN":"","FCLASS_TR":"","FCLASS_ID":"","FCLASS_PL":"","FCLASS_GR":"","FCLASS_IT":"","FCLASS_NL":"","FCLASS_SE":"","FCLASS_BD":"","FCLASS_UA":""}},{"type":"Feature","geometry":{"type":"Polygon","coordinates":[[[7.438671875000011,43.750439453125],[7.414453125000023,43.770898437499994],[7.377734375000017,43.731738281249996],[7.438671875000011,43.750439453125]]]},"properties":{"featurecla":"Admin-0 map unit","scalerank":6,"LABELRANK":6,"SOVEREIGNT":"Monaco","SOV_A3":"MCO","ADM0_DIF":0,"LEVEL":2,"TYPE":"Sovereign country","TLC":"1","ADMIN":"Monaco","ADM0_A3":"MCO","GEOU_DIF":0,"GEOUNIT":"Monaco","GU_A3":"MCO","SU_DIF":0,"SUBUNIT":"Monaco","SU_A3":"MCO","BRK_DIFF":0,"NAME":"Monaco","NAME_LONG":"Monaco","BRK_A3":"MCO","BRK_NAME":"Monaco","BRK_GROUP":"","ABBREV":"Mco.","POSTAL":"MC","FORMAL_EN":"Principality of Monaco","FORMAL_FR":"","NAME_CIAWF":"Monaco","NOTE_ADM0":"","NOTE_BRK":"","NAME_SORT":"Monaco","NAME_ALT":"","MAPCOLOR7":1,"MAPCOLOR8":1,"MAPCOLOR9":2,"MAPCOLOR13":12,"POP_EST":38964,"POP_RANK":7,"POP_YEAR":2019,"GDP_MD":7188,"GDP_YEAR":2018,"ECONOMY":"2. Developed region: nonG7","INCOME_GRP":"2. High income: nonOECD","FIPS_10":"MN","ISO_A2":"MC","ISO_A2_EH":"MC","ISO_A3":"MCO","ISO_A3_EH":"MCO","ISO_N3":"492","ISO_N3_EH":"492","UN_A3":"492","WB_A2":"MC","WB_A3":"MCO","WOE_ID":23424892,"WOE_ID_EH":23424892,"WOE_NOTE":"Exact WOE match as country","ADM0_ISO":"MCO","ADM0_DIFF":"","ADM0_TLC":"MCO","ADM0_A3_US":"MCO","ADM0_A3_FR":"MCO","ADM0_A3_RU":"MCO","ADM0_A3_ES":"MCO","ADM0_A3_CN":"MCO","ADM0_A3_TW":"MCO","ADM0_A3_IN":"MCO","ADM0_A3_NP":"MCO","ADM0_A3_PK":"MCO","ADM0_A3_DE":"MCO","ADM0_A3_GB":"MCO","ADM0_A3_BR":"MCO","ADM0_A3_IL":"MCO","ADM0_A3_PS":"MCO","ADM0_A3_SA":"MCO","ADM0_A3_EG":"MCO","ADM0_A3_MA":"MCO","ADM0_A3_PT":"MCO","ADM0_A3_AR":"MCO","ADM0_A3_JP":"MCO","ADM0_A3_KO":"MCO","ADM0_A3_VN":"MCO","ADM0_A3_TR":"MCO","ADM0_A3_ID":"MCO","ADM0_A3_PL":"MCO","ADM0_A3_GR":"MCO","ADM0_A3_IT":"MCO","ADM0_A3_NL":"MCO","ADM0_A3_SE":"MCO","ADM0_A3_BD":"MCO","ADM0_A3_UA":"MCO","ADM0_A3_UN":-99,"ADM0_A3_WB":-99,"CONTINENT":"Europe","REGION_UN":"Europe","SUBREGION":"Western Europe","REGION_WB":"Europe & Central Asia","NAME_LEN":6,"LONG_LEN":6,"ABBREV_LEN":4,"TINY":5,"HOMEPART":1,"MIN_ZOOM":0,"MIN_LABEL":5,"MAX_LABEL":10,"LABEL_X":7.398291,"LABEL_Y":43.739652,"NE_ID":1159321043,"WIKIDATAID":"Q235","NAME_AR":"موناكو","NAME_BN":"মোনাকো","NAME_DE":"Monaco","NAME_EN":"Monaco","NAME_ES":"Mónaco","NAME_FA":"موناکو","NAME_FR":"Monaco","NAME_EL":"Μονακό","NAME_HE":"מונקו","NAME_HI":"मोनैको","NAME_HU":"Monaco","NAME_ID":"Monako","NAME_IT":"Principato di Monaco","NAME_JA":"モナコ","NAME_KO":"모나코","NAME_NL":"Monaco","NAME_PL":"Monako","NAME_PT":"Mónaco","NAME_RU":"Монако","NAME_SV":"Monaco","NAME_TR":"Monako","NAME_UK":"Монако","NAME_UR":"موناکو","NAME_VI":"Monaco","NAME_ZH":"摩纳哥","NAME_ZHT":"摩納哥","FCLASS_ISO":"Admin-0 country","TLC_DIFF":"","FCLASS_TLC":"Admin-0 country","FCLASS_US":"","FCLASS_FR":"","FCLASS_RU":"","FCLASS_ES":"","FCLASS_CN":"","FCLASS_TW":"","FCLASS_IN":"","FCLASS_NP":"","FCLASS_PK":"","FCLASS_DE":"","FCLASS_GB":"","FCLASS_BR":"","FCLASS_IL":"","FCLASS_PS":"","FCLASS_SA":"","FCLASS_EG":"","FCLASS_MA":"","FCLASS_PT":"","FCLASS_AR":"","FCLASS_JP":"","FCLASS_KO":"","FCLASS_VN":"","FCLASS_TR":"","FCLASS_ID":"","FCLASS_PL":"","FCLASS_GR":"","FCLASS_IT":"","FCLASS_NL":"","FCLASS_SE":"","FCLASS_BD":"","FCLASS_UA":""}},{"type":"Feature","geometry":{"type":"Polygon","coordinates":[[[6.116503906250017,50.120996093749994],[5.744042968750023,49.91962890625],[5.789746093750011,49.53828125],[6.344335937500006,49.452734375],[6.4873046875,49.798486328124994],[6.116503906250017,50.120996093749994]]]},"properties":{"featurecla":"Admin-0 map unit","scalerank":1,"LABELRANK":6,"SOVEREIGNT":"Luxembourg","SOV_A3":"LUX","ADM0_DIF":0,"LEVEL":2,"TYPE":"Sovereign country","TLC":"1","ADMIN":"Luxembourg","ADM0_A3":"LUX","GEOU_DIF":0,"GEOUNIT":"Luxembourg","GU_A3":"LUX","SU_DIF":0,"SUBUNIT":"Luxembourg","SU_A3":"LUX","BRK_DIFF":0,"NAME":"Luxembourg","NAME_LONG":"Luxembourg","BRK_A3":"LUX","BRK_NAME":"Luxembourg","BRK_GROUP":"","ABBREV":"Lux.","POSTAL":"L","FORMAL_EN":"Grand Duchy of Luxembourg","FORMAL_FR":"","NAME_CIAWF":"Luxembourg","NOTE_ADM0":"","NOTE_BRK":"","NAME_SORT":"Luxembourg","NAME_ALT":"","MAPCOLOR7":1,"MAPCOLOR8":7,"MAPCOLOR9":3,"MAPCOLOR13":7,"POP_EST":619896,"POP_RANK":11,"POP_YEAR":2019,"GDP_MD":71104,"GDP_YEAR":2019,"ECONOMY":"2. Developed region: nonG7","INCOME_GRP":"1. High income: OECD","FIPS_10":"LU","ISO_A2":"LU","ISO_A2_EH":"LU","ISO_A3":"LUX","ISO_A3_EH":"LUX","ISO_N3":"442","ISO_N3_EH":"442","UN_A3":"442","WB_A2":"LU","WB_A3":"LUX","WOE_ID":23424881,"WOE_ID_EH":23424881,"WOE_NOTE":"Exact WOE match as country","ADM0_ISO":"LUX","ADM0_DIFF":"","ADM0_TLC":"LUX","ADM0_A3_US":"LUX","ADM0_A3_FR":"LUX","ADM0_A3_RU":"LUX","ADM0_A3_ES":"LUX","ADM0_A3_CN":"LUX","ADM0_A3_TW":"LUX","ADM0_A3_IN":"LUX","ADM0_A3_NP":"LUX","ADM0_A3_PK":"LUX","ADM0_A3_DE":"LUX","ADM0_A3_GB":"LUX","ADM0_A3_BR":"LUX","ADM0_A3_IL":"LUX","ADM0_A3_PS":"LUX","ADM0_A3_SA":"LUX","ADM0_A3_EG":"LUX","ADM0_A3_MA":"LUX","ADM0_A3_PT":"LUX","ADM0_A3_AR":"LUX","ADM0_A3_JP":"LUX","ADM0_A3_KO":"LUX","ADM0_A3_VN":"LUX","ADM0_A3_TR":"LUX","ADM0_A3_ID":"LUX","ADM0_A3_PL":"LUX","ADM0_A3_GR":"LUX","ADM0_A3_IT":"LUX","ADM0_A3_NL":"LUX","ADM0_A3_SE":"LUX","ADM0_A3_BD":"LUX","ADM0_A3_UA":"LUX","ADM0_A3_UN":-99,"ADM0_A3_WB":-99,"CONTINENT":"Europe","REGION_UN":"Europe","SUBREGION":"Western Europe","REGION_WB":"Europe & Central Asia","NAME_LEN":10,"LONG_LEN":10,"ABBREV_LEN":4,"TINY":5,"HOMEPART":1,"MIN_ZOOM":0,"MIN_LABEL":5.7,"MAX_LABEL":10,"LABEL_X":6.07762,"LABEL_Y":49.733732,"NE_ID":1159321031,"WIKIDATAID":"Q32","NAME_AR":"لوكسمبورغ","NAME_BN":"লুক্সেমবুর্গ","NAME_DE":"Luxemburg","NAME_EN":"Luxembourg","NAME_ES":"Luxemburgo","NAME_FA":"لوکزامبورگ","NAME_FR":"Luxembourg","NAME_EL":"Λουξεμβούργο","NAME_HE":"לוקסמבורג","NAME_HI":"लक्ज़मबर्ग","NAME_HU":"Luxemburg","NAME_ID":"Luksemburg","NAME_IT":"Lussemburgo","NAME_JA":"ルクセンブルク","NAME_KO":"룩셈부르크","NAME_NL":"Luxemburg","NAME_PL":"Luksemburg","NAME_PT":"Luxemburgo","NAME_RU":"Люксембург","NAME_SV":"Luxemburg","NAME_TR":"Lüksemburg","NAME_UK":"Люксембург","NAME_UR":"لکسمبرگ","NAME_VI":"Luxembourg","NAME_ZH":"卢森堡","NAME_ZHT":"盧森堡","FCLASS_ISO":"Admin-0 country","TLC_DIFF":"","FCLASS_TLC":"Admin-0 country","FCLASS_US":"","FCLASS_FR":"","FCLASS_RU":"","FCLASS_ES":"","FCLASS_CN":"","FCLASS_TW":"","FCLASS_IN":"","FCLASS_NP":"","FCLASS_PK":"","FCLASS_DE":"","FCLASS_GB":"","FCLASS_BR":"","FCLASS_IL":"","FCLASS_PS":"","FCLASS_SA":"","FCLASS_EG":"","FCLASS_MA":"","FCLASS_PT":"","FCLASS_AR":"","FCLASS_JP":"","FCLASS_KO":"","FCLASS_VN":"","FCLASS_TR":"","FCLASS_ID":"","FCLASS_PL":"","FCLASS_GR":"","FCLASS_IT":"","FCLASS_NL":"","FCLASS_SE":"","FCLASS_BD":"","FCLASS_UA":""}},{"type":"Feature","geometry":{"type":"Polygon","coordinates":[[[22.766210937500006,54.356787109375],[23.45361328125,54.14345703125],[23.484667968750017,53.939794921875],[24.768164062500006,53.974658203124996],[25.54736328125,54.331835937499996],[25.859277343750023,54.919287109375],[26.175195312500023,55.003271484375],[26.593554687500017,55.667529296874996],[25.585742187500017,56.130175781249996],[24.52900390625001,56.2962890625],[22.084570312500006,56.40673828125],[21.04609375000001,56.070068359375],[21.235742187500023,55.264111328125],[22.072363281250006,55.063671875],[22.567285156250023,55.059130859374996],[22.83125000000001,54.8384765625],[22.766210937500006,54.356787109375]]]},"properties":{"featurecla":"Admin-0 map unit","scalerank":3,"LABELRANK":5,"SOVEREIGNT":"Lithuania","SOV_A3":"LTU","ADM0_DIF":0,"LEVEL":2,"TYPE":"Sovereign country","TLC":"1","ADMIN":"Lithuania","ADM0_A3":"LTU","GEOU_DIF":0,"GEOUNIT":"Lithuania","GU_A3":"LTU","SU_DIF":0,"SUBUNIT":"Lithuania","SU_A3":"LTU","BRK_DIFF":0,"NAME":"Lithuania","NAME_LONG":"Lithuania","BRK_A3":"LTU","BRK_NAME":"Lithuania","BRK_GROUP":"","ABBREV":"Lith.","POSTAL":"LT","FORMAL_EN":"Republic of Lithuania","FORMAL_FR":"","NAME_CIAWF":"Lithuania","NOTE_ADM0":"","NOTE_BRK":"","NAME_SORT":"Lithuania","NAME_ALT":"","MAPCOLOR7":6,"MAPCOLOR8":3,"MAPCOLOR9":3,"MAPCOLOR13":9,"POP_EST":2786844,"POP_RANK":12,"POP_YEAR":2019,"GDP_MD":54627,"GDP_YEAR":2019,"ECONOMY":"2. Developed region: nonG7","INCOME_GRP":"3. Upper middle income","FIPS_10":"LH","ISO_A2":"LT","ISO_A2_EH":"LT","ISO_A3":"LTU","ISO_A3_EH":"LTU","ISO_N3":"440","ISO_N3_EH":"440","UN_A3":"440","WB_A2":"LT","WB_A3":"LTU","WOE_ID":23424875,"WOE_ID_EH":23424875,"WOE_NOTE":"Exact WOE match as country","ADM0_ISO":"LTU","ADM0_DIFF":"","ADM0_TLC":"LTU","ADM0_A3_US":"LTU","ADM0_A3_FR":"LTU","ADM0_A3_RU":"LTU","ADM0_A3_ES":"LTU","ADM0_A3_CN":"LTU","ADM0_A3_TW":"LTU","ADM0_A3_IN":"LTU","ADM0_A3_NP":"LTU","ADM0_A3_PK":"LTU","ADM0_A3_DE":"LTU","ADM0_A3_GB":"LTU","ADM0_A3_BR":"LTU","ADM0_A3_IL":"LTU","ADM0_A3_PS":"LTU","ADM0_A3_SA":"LTU","ADM0_A3_EG":"LTU","ADM0_A3_MA":"LTU","ADM0_A3_PT":"LTU","ADM0_A3_AR":"LTU","ADM0_A3_JP":"LTU","ADM0_A3_KO":"LTU","ADM0_A3_VN":"LTU","ADM0_A3_TR":"LTU","ADM0_A3_ID":"LTU","ADM0_A3_PL":"LTU","ADM0_A3_GR":"LTU","ADM0_A3_IT":"LTU","ADM0_A3_NL":"LTU","ADM0_A3_SE":"LTU","ADM0_A3_BD":"LTU","ADM0_A3_UA":"LTU","ADM0_A3_UN":-99,"ADM0_A3_WB":-99,"CONTINENT":"Europe","REGION_UN":"Europe","SUBREGION":"Northern Europe","REGION_WB":"Europe & Central Asia","NAME_LEN":9,"LONG_LEN":9,"ABBREV_LEN":5,"TINY":-99,"HOMEPART":1,"MIN_ZOOM":0,"MIN_LABEL":4,"MAX_LABEL":9,"LABEL_X":24.089932,"LABEL_Y":55.103703,"NE_ID":1159321029,"WIKIDATAID":"Q37","NAME_AR":"ليتوانيا","NAME_BN":"লিথুয়ানিয়া","NAME_DE":"Litauen","NAME_EN":"Lithuania","NAME_ES":"Lituania","NAME_FA":"لیتوانی","NAME_FR":"Lituanie","NAME_EL":"Λιθουανία","NAME_HE":"ליטא","NAME_HI":"लिथुआनिया","NAME_HU":"Litvánia","NAME_ID":"Lituania","NAME_IT":"Lituania","NAME_JA":"リトアニア","NAME_KO":"리투아니아","NAME_NL":"Litouwen","NAME_PL":"Litwa","NAME_PT":"Lituânia","NAME_RU":"Литва","NAME_SV":"Litauen","NAME_TR":"Litvanya","NAME_UK":"Литва","NAME_UR":"لتھووینیا","NAME_VI":"Litva","NAME_ZH":"立陶宛","NAME_ZHT":"立陶宛","FCLASS_ISO":"Admin-0 country","TLC_DIFF":"","FCLASS_TLC":"Admin-0 country","FCLASS_US":"","FCLASS_FR":"","FCLASS_RU":"","FCLASS_ES":"","FCLASS_CN":"","FCLASS_TW":"","FCLASS_IN":"","FCLASS_NP":"","FCLASS_PK":"","FCLASS_DE":"","FCLASS_GB":"","FCLASS_BR":"","FCLASS_IL":"","FCLASS_PS":"","FCLASS_SA":"","FCLASS_EG":"","FCLASS_MA":"","FCLASS_PT":"","FCLASS_AR":"","FCLASS_JP":"","FCLASS_KO":"","FCLASS_VN":"","FCLASS_TR":"","FCLASS_ID":"","FCLASS_PL":"","FCLASS_GR":"","FCLASS_IT":"","FCLASS_NL":"","FCLASS_SE":"","FCLASS_BD":"","FCLASS_UA":""}},{"type":"Feature","geometry":{"type":"Polygon","coordinates":[[[9.580273437500011,47.057373046875],[9.527539062500011,47.270751953125],[9.487695312500023,47.062255859375],[9.580273437500011,47.057373046875]]]},"properties":{"featurecla":"Admin-0 map unit","scalerank":1,"LABELRANK":6,"SOVEREIGNT":"Liechtenstein","SOV_A3":"LIE","ADM0_DIF":0,"LEVEL":2,"TYPE":"Sovereign country","TLC":"1","ADMIN":"Liechtenstein","ADM0_A3":"LIE","GEOU_DIF":0,"GEOUNIT":"Liechtenstein","GU_A3":"LIE","SU_DIF":0,"SUBUNIT":"Liechtenstein","SU_A3":"LIE","BRK_DIFF":0,"NAME":"Liechtenstein","NAME_LONG":"Liechtenstein","BRK_A3":"LIE","BRK_NAME":"Liechtenstein","BRK_GROUP":"","ABBREV":"Liech.","POSTAL":"FL","FORMAL_EN":"Principality of Liechtenstein","FORMAL_FR":"","NAME_CIAWF":"Liechtenstein","NOTE_ADM0":"","NOTE_BRK":"","NAME_SORT":"Liechtenstein","NAME_ALT":"","MAPCOLOR7":2,"MAPCOLOR8":4,"MAPCOLOR9":2,"MAPCOLOR13":9,"POP_EST":38019,"POP_RANK":7,"POP_YEAR":2019,"GDP_MD":6876,"GDP_YEAR":2018,"ECONOMY":"2. Developed region: nonG7","INCOME_GRP":"2. High income: nonOECD","FIPS_10":"LS","ISO_A2":"LI","ISO_A2_EH":"LI","ISO_A3":"LIE","ISO_A3_EH":"LIE","ISO_N3":"438","ISO_N3_EH":"438","UN_A3":"438","WB_A2":"LI","WB_A3":"LIE","WOE_ID":23424879,"WOE_ID_EH":23424879,"WOE_NOTE":"Exact WOE match as country","ADM0_ISO":"LIE","ADM0_DIFF":"","ADM0_TLC":"LIE","ADM0_A3_US":"LIE","ADM0_A3_FR":"LIE","ADM0_A3_RU":"LIE","ADM0_A3_ES":"LIE","ADM0_A3_CN":"LIE","ADM0_A3_TW":"LIE","ADM0_A3_IN":"LIE","ADM0_A3_NP":"LIE","ADM0_A3_PK":"LIE","ADM0_A3_DE":"LIE","ADM0_A3_GB":"LIE","ADM0_A3_BR":"LIE","ADM0_A3_IL":"LIE","ADM0_A3_PS":"LIE","ADM0_A3_SA":"LIE","ADM0_A3_EG":"LIE","ADM0_A3_MA":"LIE","ADM0_A3_PT":"LIE","ADM0_A3_AR":"LIE","ADM0_A3_JP":"LIE","ADM0_A3_KO":"LIE","ADM0_A3_VN":"LIE","ADM0_A3_TR":"LIE","ADM0_A3_ID":"LIE","ADM0_A3_PL":"LIE","ADM0_A3_GR":"LIE","ADM0_A3_IT":"LIE","ADM0_A3_NL":"LIE","ADM0_A3_SE":"LIE","ADM0_A3_BD":"LIE","ADM0_A3_UA":"LIE","ADM0_A3_UN":-99,"ADM0_A3_WB":-99,"CONTINENT":"Europe","REGION_UN":"Europe","SUBREGION":"Western Europe","REGION_WB":"Europe & Central Asia","NAME_LEN":13,"LONG_LEN":13,"ABBREV_LEN":6,"TINY":6,"HOMEPART":1,"MIN_ZOOM":0,"MIN_LABEL":5,"MAX_LABEL":10,"LABEL_X":9.559439,"LABEL_Y":47.111405,"NE_ID":1159321021,"WIKIDATAID":"Q347","NAME_AR":"ليختنشتاين","NAME_BN":"লিশটেনস্টাইন","NAME_DE":"Liechtenstein","NAME_EN":"Liechtenstein","NAME_ES":"Liechtenstein","NAME_FA":"لیختناشتاین","NAME_FR":"Liechtenstein","NAME_EL":"Λίχτενσταϊν","NAME_HE":"ליכטנשטיין","NAME_HI":"लिक्टेन्स्टाइन","NAME_HU":"Liechtenstein","NAME_ID":"Liechtenstein","NAME_IT":"Liechtenstein","NAME_JA":"リヒテンシュタイン","NAME_KO":"리히텐슈타인","NAME_NL":"Liechtenstein","NAME_PL":"Liechtenstein","NAME_PT":"Liechtenstein","NAME_RU":"Лихтенштейн","NAME_SV":"Liechtenstein","NAME_TR":"Lihtenştayn","NAME_UK":"Ліхтенштейн","NAME_UR":"لیختینستائن","NAME_VI":"Liechtenstein","NAME_ZH":"列支敦士登","NAME_ZHT":"列支敦斯登","FCLASS_ISO":"Admin-0 country","TLC_DIFF":"","FCLASS_TLC":"Admin-0 country","FCLASS_US":"","FCLASS_FR":"","FCLASS_RU":"","FCLASS_ES":"","FCLASS_CN":"","FCLASS_TW":"","FCLASS_IN":"","FCLASS_NP":"","FCLASS_PK":"","FCLASS_DE":"","FCLASS_GB":"","FCLASS_BR":"","FCLASS_IL":"","FCLASS_PS":"","FCLASS_SA":"","FCLASS_EG":"","FCLASS_MA":"","FCLASS_PT":"","FCLASS_AR":"","FCLASS_JP":"","FCLASS_KO":"","FCLASS_VN":"","FCLASS_TR":"","FCLASS_ID":"","FCLASS_PL":"","FCLASS_GR":"","FCLASS_IT":"","FCLASS_NL":"","FCLASS_SE":"","FCLASS_BD":"","FCLASS_UA":""}},{"type":"Feature","geometry":{"type":"Polygon","coordinates":[[[26.593554687500017,55.667529296874996],[27.052539062500017,55.83056640625],[27.576757812500006,55.798779296875],[28.14794921875,56.142919921875],[28.103125000000006,56.545703124999996],[27.806054687500023,56.86708984375],[27.796875,57.316943359374996],[27.351953125000023,57.528124999999996],[26.532617187500023,57.531005859375],[25.991113281250023,57.838183593749996],[25.11103515625001,58.063427734375],[24.322558593750017,57.87060546875],[24.403222656250023,57.324999999999996],[23.93115234375,57.00849609375],[23.28730468750001,57.08974609375],[22.554589843750023,57.724267578125],[21.72871093750001,57.57099609375],[21.0712890625,56.82373046875],[21.04609375000001,56.070068359375],[22.084570312500006,56.40673828125],[24.52900390625001,56.2962890625],[25.585742187500017,56.130175781249996],[26.593554687500017,55.667529296874996]]]},"properties":{"featurecla":"Admin-0 map unit","scalerank":1,"LABELRANK":5,"SOVEREIGNT":"Latvia","SOV_A3":"LVA","ADM0_DIF":0,"LEVEL":2,"TYPE":"Sovereign country","TLC":"1","ADMIN":"Latvia","ADM0_A3":"LVA","GEOU_DIF":0,"GEOUNIT":"Latvia","GU_A3":"LVA","SU_DIF":0,"SUBUNIT":"Latvia","SU_A3":"LVA","BRK_DIFF":0,"NAME":"Latvia","NAME_LONG":"Latvia","BRK_A3":"LVA","BRK_NAME":"Latvia","BRK_GROUP":"","ABBREV":"Lat.","POSTAL":"LV","FORMAL_EN":"Republic of Latvia","FORMAL_FR":"","NAME_CIAWF":"Latvia","NOTE_ADM0":"","NOTE_BRK":"","NAME_SORT":"Latvia","NAME_ALT":"","MAPCOLOR7":4,"MAPCOLOR8":7,"MAPCOLOR9":6,"MAPCOLOR13":13,"POP_EST":1912789,"POP_RANK":12,"POP_YEAR":2019,"GDP_MD":34102,"GDP_YEAR":2019,"ECONOMY":"2. Developed region: nonG7","INCOME_GRP":"3. Upper middle income","FIPS_10":"LG","ISO_A2":"LV","ISO_A2_EH":"LV","ISO_A3":"LVA","ISO_A3_EH":"LVA","ISO_N3":"428","ISO_N3_EH":"428","UN_A3":"428","WB_A2":"LV","WB_A3":"LVA","WOE_ID":23424874,"WOE_ID_EH":23424874,"WOE_NOTE":"Exact WOE match as country","ADM0_ISO":"LVA","ADM0_DIFF":"","ADM0_TLC":"LVA","ADM0_A3_US":"LVA","ADM0_A3_FR":"LVA","ADM0_A3_RU":"LVA","ADM0_A3_ES":"LVA","ADM0_A3_CN":"LVA","ADM0_A3_TW":"LVA","ADM0_A3_IN":"LVA","ADM0_A3_NP":"LVA","ADM0_A3_PK":"LVA","ADM0_A3_DE":"LVA","ADM0_A3_GB":"LVA","ADM0_A3_BR":"LVA","ADM0_A3_IL":"LVA","ADM0_A3_PS":"LVA","ADM0_A3_SA":"LVA","ADM0_A3_EG":"LVA","ADM0_A3_MA":"LVA","ADM0_A3_PT":"LVA","ADM0_A3_AR":"LVA","ADM0_A3_JP":"LVA","ADM0_A3_KO":"LVA","ADM0_A3_VN":"LVA","ADM0_A3_TR":"LVA","ADM0_A3_ID":"LVA","ADM0_A3_PL":"LVA","ADM0_A3_GR":"LVA","ADM0_A3_IT":"LVA","ADM0_A3_NL":"LVA","ADM0_A3_SE":"LVA","ADM0_A3_BD":"LVA","ADM0_A3_UA":"LVA","ADM0_A3_UN":-99,"ADM0_A3_WB":-99,"CONTINENT":"Europe","REGION_UN":"Europe","SUBREGION":"Northern Europe","REGION_WB":"Europe & Central Asia","NAME_LEN":6,"LONG_LEN":6,"ABBREV_LEN":4,"TINY":-99,"HOMEPART":1,"MIN_ZOOM":0,"MIN_LABEL":4,"MAX_LABEL":9,"LABEL_X":25.458723,"LABEL_Y":57.066872,"NE_ID":1159321033,"WIKIDATAID":"Q211","NAME_AR":"لاتفيا","NAME_BN":"লাতভিয়া","NAME_DE":"Lettland","NAME_EN":"Latvia","NAME_ES":"Letonia","NAME_FA":"لتونی","NAME_FR":"Lettonie","NAME_EL":"Λετονία","NAME_HE":"לטביה","NAME_HI":"लातविया","NAME_HU":"Lettország","NAME_ID":"Latvia","NAME_IT":"Lettonia","NAME_JA":"ラトビア","NAME_KO":"라트비아","NAME_NL":"Letland","NAME_PL":"Łotwa","NAME_PT":"Letónia","NAME_RU":"Латвия","NAME_SV":"Lettland","NAME_TR":"Letonya","NAME_UK":"Латвія","NAME_UR":"لٹویا","NAME_VI":"Latvia","NAME_ZH":"拉脱维亚","NAME_ZHT":"拉脫維亞","FCLASS_ISO":"Admin-0 country","TLC_DIFF":"","FCLASS_TLC":"Admin-0 country","FCLASS_US":"","FCLASS_FR":"","FCLASS_RU":"","FCLASS_ES":"","FCLASS_CN":"","FCLASS_TW":"","FCLASS_IN":"","FCLASS_NP":"","FCLASS_PK":"","FCLASS_DE":"","FCLASS_GB":"","FCLASS_BR":"","FCLASS_IL":"","FCLASS_PS":"","FCLASS_SA":"","FCLASS_EG":"","FCLASS_MA":"","FCLASS_PT":"","FCLASS_AR":"","FCLASS_JP":"","FCLASS_KO":"","FCLASS_VN":"","FCLASS_TR":"","FCLASS_ID":"","FCLASS_PL":"","FCLASS_GR":"","FCLASS_IT":"","FCLASS_NL":"","FCLASS_SE":"","FCLASS_BD":"","FCLASS_UA":""}},{"type":"Feature","geometry":{"type":"Polygon","coordinates":[[[-7.218652343749994,55.0919921875],[-7.246679687499977,55.35302734375],[-8.274609374999983,55.146289062499996],[-8.763916015625,54.681201171874996],[-8.588037109374994,54.231103515625],[-9.717138671874977,54.300439453125],[-10.00390625,53.397021484374996],[-9.470751953124989,53.23486328125],[-9.586328124999994,52.5591796875],[-10.341064453125,51.79892578125],[-9.802880859374994,51.780126953125],[-9.296484374999977,51.4982421875],[-8.813427734374983,51.584912109375],[-7.527294921874983,52.098876953125],[-6.324999999999989,52.2466796875],[-6.027392578124989,52.927099609375],[-6.218017578125,54.088720703125],[-6.649804687499994,54.058642578124996],[-6.936132812499977,54.374316406249996],[-7.355175781249983,54.121240234375],[-8.118261718749977,54.4142578125],[-7.218652343749994,55.0919921875]]]},"properties":{"featurecla":"Admin-0 map unit","scalerank":4,"LABELRANK":3,"SOVEREIGNT":"Ireland","SOV_A3":"IRL","ADM0_DIF":0,"LEVEL":2,"TYPE":"Sovereign country","TLC":"1","ADMIN":"Ireland","ADM0_A3":"IRL","GEOU_DIF":0,"GEOUNIT":"Ireland","GU_A3":"IRL","SU_DIF":0,"SUBUNIT":"Ireland","SU_A3":"IRL","BRK_DIFF":0,"NAME":"Ireland","NAME_LONG":"Ireland","BRK_A3":"IRL","BRK_NAME":"Ireland","BRK_GROUP":"","ABBREV":"Ire.","POSTAL":"IRL","FORMAL_EN":"Ireland","FORMAL_FR":"","NAME_CIAWF":"Ireland","NOTE_ADM0":"","NOTE_BRK":"","NAME_SORT":"Ireland","NAME_ALT":"","MAPCOLOR7":2,"MAPCOLOR8":3,"MAPCOLOR9":2,"MAPCOLOR13":2,"POP_EST":4941444,"POP_RANK":12,"POP_YEAR":2019,"GDP_MD":388698,"GDP_YEAR":2019,"ECONOMY":"2. Developed region: nonG7","INCOME_GRP":"1. High income: OECD","FIPS_10":"EI","ISO_A2":"IE","ISO_A2_EH":"IE","ISO_A3":"IRL","ISO_A3_EH":"IRL","ISO_N3":"372","ISO_N3_EH":"372","UN_A3":"372","WB_A2":"IE","WB_A3":"IRL","WOE_ID":23424803,"WOE_ID_EH":23424803,"WOE_NOTE":"Exact WOE match as country","ADM0_ISO":"IRL","ADM0_DIFF":"","ADM0_TLC":"IRL","ADM0_A3_US":"IRL","ADM0_A3_FR":"IRL","ADM0_A3_RU":"IRL","ADM0_A3_ES":"IRL","ADM0_A3_CN":"IRL","ADM0_A3_TW":"IRL","ADM0_A3_IN":"IRL","ADM0_A3_NP":"IRL","ADM0_A3_PK":"IRL","ADM0_A3_DE":"IRL","ADM0_A3_GB":"IRL","ADM0_A3_BR":"IRL","ADM0_A3_IL":"IRL","ADM0_A3_PS":"IRL","ADM0_A3_SA":"IRL","ADM0_A3_EG":"IRL","ADM0_A3_MA":"IRL","ADM0_A3_PT":"IRL","ADM0_A3_AR":"IRL","ADM0_A3_JP":"IRL","ADM0_A3_KO":"IRL","ADM0_A3_VN":"IRL","ADM0_A3_TR":"IRL","ADM0_A3_ID":"IRL","ADM0_A3_PL":"IRL","ADM0_A3_GR":"IRL","ADM0_A3_IT":"IRL","ADM0_A3_NL":"IRL","ADM0_A3_SE":"IRL","ADM0_A3_BD":"IRL","ADM0_A3_UA":"IRL","ADM0_A3_UN":-99,"ADM0_A3_WB":-99,"CONTINENT":"Europe","REGION_UN":"Europe","SUBREGION":"Northern Europe","REGION_WB":"Europe & Central Asia","NAME_LEN":7,"LONG_LEN":7,"ABBREV_LEN":4,"TINY":-99,"HOMEPART":1,"MIN_ZOOM":0,"MIN_LABEL":3,"MAX_LABEL":8,"LABEL_X":-7.798588,"LABEL_Y":53.078726,"NE_ID":1159320877,"WIKIDATAID":"Q27","NAME_AR":"جمهورية أيرلندا","NAME_BN":"প্রজাতন্ত্রী আয়ারল্যান্ড","NAME_DE":"Irland","NAME_EN":"Ireland","NAME_ES":"Irlanda","NAME_FA":"ایرلند","NAME_FR":"Irlande","NAME_EL":"Δημοκρατία της Ιρλανδίας","NAME_HE":"אירלנד","NAME_HI":"आयरलैण्ड","NAME_HU":"Írország","NAME_ID":"Republik Irlandia","NAME_IT":"Irlanda","NAME_JA":"アイルランド","NAME_KO":"아일랜드","NAME_NL":"Ierland","NAME_PL":"Irlandia","NAME_PT":"República da Irlanda","NAME_RU":"Ирландия","NAME_SV":"Irland","NAME_TR":"İrlanda","NAME_UK":"Ірландія","NAME_UR":"جمہوریہ آئرلینڈ","NAME_VI":"Cộng hòa Ireland","NAME_ZH":"爱尔兰","NAME_ZHT":"愛爾蘭","FCLASS_ISO":"Admin-0 country","TLC_DIFF":"","FCLASS_TLC":"Admin-0 country","FCLASS_US":"","FCLASS_FR":"","FCLASS_RU":"","FCLASS_ES":"","FCLASS_CN":"","FCLASS_TW":"","FCLASS_IN":"","FCLASS_NP":"","FCLASS_PK":"","FCLASS_DE":"","FCLASS_GB":"","FCLASS_BR":"","FCLASS_IL":"","FCLASS_PS":"","FCLASS_SA":"","FCLASS_EG":"","FCLASS_MA":"","FCLASS_PT":"","FCLASS_AR":"","FCLASS_JP":"","FCLASS_KO":"","FCLASS_VN":"","FCLASS_TR":"","FCLASS_ID":"","FCLASS_PL":"","FCLASS_GR":"","FCLASS_IT":"","FCLASS_NL":"","FCLASS_SE":"","FCLASS_BD":"","FCLASS_UA":""}},{"type":"Feature","geometry":{"type":"Polygon","coordinates":[[[-15.543115234374994,66.228515625],[-15.985400390624989,66.5146484375],[-16.540673828124994,66.446728515625],[-16.748437499999994,66.131640625],[-17.153027343749983,66.20283203125],[-17.582226562499983,65.97138671875],[-17.906982421875,66.143310546875],[-18.777539062499983,66.168798828125],[-19.382958984374994,66.07568359375],[-19.59355468749999,65.779052734375],[-20.356591796874994,66.033251953125],[-21.105712890625,65.3],[-21.421875,65.462158203125],[-21.303466796875,65.87646484375],[-22.426123046874977,66.430126953125],[-22.723339843749983,66.039013671875],[-23.527929687499977,66.164404296875],[-24.032421874999983,65.78232421875],[-23.89990234375,65.407568359375],[-22.902490234374994,65.58046875],[-22.005761718749994,65.49345703125],[-22.400292968749994,65.159326171875],[-22.467041015625,64.794970703125],[-21.448632812499994,63.8583984375],[-21.246240234374994,63.935449218749994],[-20.198144531249994,63.555810546874994],[-18.65361328124999,63.406689453125],[-17.946923828124994,63.5357421875],[-17.81572265624999,63.71298828125],[-16.640332031249983,63.865478515625],[-16.060449218749994,64.11123046875],[-14.547070312499983,64.445947265625],[-13.580810546875,65.143017578125],[-13.935449218749994,65.616064453125],[-14.302294921874989,65.6275390625],[-14.698193359374983,66.02021484375],[-15.543115234374994,66.228515625]]]},"properties":{"featurecla":"Admin-0 map unit","scalerank":1,"LABELRANK":3,"SOVEREIGNT":"Iceland","SOV_A3":"ISL","ADM0_DIF":0,"LEVEL":2,"TYPE":"Sovereign country","TLC":"1","ADMIN":"Iceland","ADM0_A3":"ISL","GEOU_DIF":0,"GEOUNIT":"Iceland","GU_A3":"ISL","SU_DIF":0,"SUBUNIT":"Iceland","SU_A3":"ISL","BRK_DIFF":0,"NAME":"Iceland","NAME_LONG":"Iceland","BRK_A3":"ISL","BRK_NAME":"Iceland","BRK_GROUP":"","ABBREV":"Iceland","POSTAL":"IS","FORMAL_EN":"Republic of Iceland","FORMAL_FR":"","NAME_CIAWF":"Iceland","NOTE_ADM0":"","NOTE_BRK":"","NAME_SORT":"Iceland","NAME_ALT":"","MAPCOLOR7":1,"MAPCOLOR8":4,"MAPCOLOR9":4,"MAPCOLOR13":9,"POP_EST":361313,"POP_RANK":10,"POP_YEAR":2019,"GDP_MD":24188,"GDP_YEAR":2019,"ECONOMY":"2. Developed region: nonG7","INCOME_GRP":"1. High income: OECD","FIPS_10":"IC","ISO_A2":"IS","ISO_A2_EH":"IS","ISO_A3":"ISL","ISO_A3_EH":"ISL","ISO_N3":"352","ISO_N3_EH":"352","UN_A3":"352","WB_A2":"IS","WB_A3":"ISL","WOE_ID":23424845,"WOE_ID_EH":23424845,"WOE_NOTE":"Exact WOE match as country","ADM0_ISO":"ISL","ADM0_DIFF":"","ADM0_TLC":"ISL","ADM0_A3_US":"ISL","ADM0_A3_FR":"ISL","ADM0_A3_RU":"ISL","ADM0_A3_ES":"ISL","ADM0_A3_CN":"ISL","ADM0_A3_TW":"ISL","ADM0_A3_IN":"ISL","ADM0_A3_NP":"ISL","ADM0_A3_PK":"ISL","ADM0_A3_DE":"ISL","ADM0_A3_GB":"ISL","ADM0_A3_BR":"ISL","ADM0_A3_IL":"ISL","ADM0_A3_PS":"ISL","ADM0_A3_SA":"ISL","ADM0_A3_EG":"ISL","ADM0_A3_MA":"ISL","ADM0_A3_PT":"ISL","ADM0_A3_AR":"ISL","ADM0_A3_JP":"ISL","ADM0_A3_KO":"ISL","ADM0_A3_VN":"ISL","ADM0_A3_TR":"ISL","ADM0_A3_ID":"ISL","ADM0_A3_PL":"ISL","ADM0_A3_GR":"ISL","ADM0_A3_IT":"ISL","ADM0_A3_NL":"ISL","ADM0_A3_SE":"ISL","ADM0_A3_BD":"ISL","ADM0_A3_UA":"ISL","ADM0_A3_UN":-99,"ADM0_A3_WB":-99,"CONTINENT":"Europe","REGION_UN":"Europe","SUBREGION":"Northern Europe","REGION_WB":"Europe & Central Asia","NAME_LEN":7,"LONG_LEN":7,"ABBREV_LEN":7,"TINY":-99,"HOMEPART":1,"MIN_ZOOM":0,"MIN_LABEL":2,"MAX_LABEL":7,"LABEL_X":-18.673711,"LABEL_Y":64.779286,"NE_ID":1159320917,"WIKIDATAID":"Q189","NAME_AR":"آيسلندا","NAME_BN":"আইসল্যান্ড","NAME_DE":"Island","NAME_EN":"Iceland","NAME_ES":"Islandia","NAME_FA":"ایسلند","NAME_FR":"Islande","NAME_EL":"Ισλανδία","NAME_HE":"איסלנד","NAME_HI":"आइसलैण्ड","NAME_HU":"Izland","NAME_ID":"Islandia","NAME_IT":"Islanda","NAME_JA":"アイスランド","NAME_KO":"아이슬란드","NAME_NL":"IJsland","NAME_PL":"Islandia","NAME_PT":"Islândia","NAME_RU":"Исландия","NAME_SV":"Island","NAME_TR":"İzlanda","NAME_UK":"Ісландія","NAME_UR":"آئس لینڈ","NAME_VI":"Iceland","NAME_ZH":"冰岛","NAME_ZHT":"冰島","FCLASS_ISO":"Admin-0 country","TLC_DIFF":"","FCLASS_TLC":"Admin-0 country","FCLASS_US":"","FCLASS_FR":"","FCLASS_RU":"","FCLASS_ES":"","FCLASS_CN":"","FCLASS_TW":"","FCLASS_IN":"","FCLASS_NP":"","FCLASS_PK":"","FCLASS_DE":"","FCLASS_GB":"","FCLASS_BR":"","FCLASS_IL":"","FCLASS_PS":"","FCLASS_SA":"","FCLASS_EG":"","FCLASS_MA":"","FCLASS_PT":"","FCLASS_AR":"","FCLASS_JP":"","FCLASS_KO":"","FCLASS_VN":"","FCLASS_TR":"","FCLASS_ID":"","FCLASS_PL":"","FCLASS_GR":"","FCLASS_IT":"","FCLASS_NL":"","FCLASS_SE":"","FCLASS_BD":"","FCLASS_UA":""}},{"type":"Feature","geometry":{"type":"Polygon","coordinates":[[[22.1318359375,48.405322265624996],[21.45136718750001,48.55224609375],[20.490039062500017,48.526904296874996],[19.89863281250001,48.13134765625],[18.914160156250006,48.050830078124996],[18.724218750000006,47.787158203124996],[17.76191406250001,47.770166015624994],[17.147363281250023,48.00595703125],[16.44287109375,47.39951171875],[16.453417968750017,47.006787109375],[16.093066406250017,46.86328125],[16.516210937500006,46.499902343749994],[17.310644531250006,45.996142578124996],[18.358300781250023,45.75302734375],[18.905371093750006,45.93173828125],[19.53076171875,46.155175781249994],[20.241796875000006,46.10859375],[21.151953125000006,46.304345703124994],[21.99970703125001,47.505029296874994],[22.87666015625001,47.947265625],[22.1318359375,48.405322265624996]]]},"properties":{"featurecla":"Admin-0 map unit","scalerank":1,"LABELRANK":5,"SOVEREIGNT":"Hungary","SOV_A3":"HUN","ADM0_DIF":0,"LEVEL":2,"TYPE":"Sovereign country","TLC":"1","ADMIN":"Hungary","ADM0_A3":"HUN","GEOU_DIF":0,"GEOUNIT":"Hungary","GU_A3":"HUN","SU_DIF":0,"SUBUNIT":"Hungary","SU_A3":"HUN","BRK_DIFF":0,"NAME":"Hungary","NAME_LONG":"Hungary","BRK_A3":"HUN","BRK_NAME":"Hungary","BRK_GROUP":"","ABBREV":"Hun.","POSTAL":"HU","FORMAL_EN":"Republic of Hungary","FORMAL_FR":"","NAME_CIAWF":"Hungary","NOTE_ADM0":"","NOTE_BRK":"","NAME_SORT":"Hungary","NAME_ALT":"","MAPCOLOR7":4,"MAPCOLOR8":6,"MAPCOLOR9":1,"MAPCOLOR13":5,"POP_EST":9769949,"POP_RANK":13,"POP_YEAR":2019,"GDP_MD":163469,"GDP_YEAR":2019,"ECONOMY":"2. Developed region: nonG7","INCOME_GRP":"1. High income: OECD","FIPS_10":"HU","ISO_A2":"HU","ISO_A2_EH":"HU","ISO_A3":"HUN","ISO_A3_EH":"HUN","ISO_N3":"348","ISO_N3_EH":"348","UN_A3":"348","WB_A2":"HU","WB_A3":"HUN","WOE_ID":23424844,"WOE_ID_EH":23424844,"WOE_NOTE":"Exact WOE match as country","ADM0_ISO":"HUN","ADM0_DIFF":"","ADM0_TLC":"HUN","ADM0_A3_US":"HUN","ADM0_A3_FR":"HUN","ADM0_A3_RU":"HUN","ADM0_A3_ES":"HUN","ADM0_A3_CN":"HUN","ADM0_A3_TW":"HUN","ADM0_A3_IN":"HUN","ADM0_A3_NP":"HUN","ADM0_A3_PK":"HUN","ADM0_A3_DE":"HUN","ADM0_A3_GB":"HUN","ADM0_A3_BR":"HUN","ADM0_A3_IL":"HUN","ADM0_A3_PS":"HUN","ADM0_A3_SA":"HUN","ADM0_A3_EG":"HUN","ADM0_A3_MA":"HUN","ADM0_A3_PT":"HUN","ADM0_A3_AR":"HUN","ADM0_A3_JP":"HUN","ADM0_A3_KO":"HUN","ADM0_A3_VN":"HUN","ADM0_A3_TR":"HUN","ADM0_A3_ID":"HUN","ADM0_A3_PL":"HUN","ADM0_A3_GR":"HUN","ADM0_A3_IT":"HUN","ADM0_A3_NL":"HUN","ADM0_A3_SE":"HUN","ADM0_A3_BD":"HUN","ADM0_A3_UA":"HUN","ADM0_A3_UN":-99,"ADM0_A3_WB":-99,"CONTINENT":"Europe","REGION_UN":"Europe","SUBREGION":"Eastern Europe","REGION_WB":"Europe & Central Asia","NAME_LEN":7,"LONG_LEN":7,"ABBREV_LEN":4,"TINY":-99,"HOMEPART":1,"MIN_ZOOM":0,"MIN_LABEL":4,"MAX_LABEL":9,"LABEL_X":19.447867,"LABEL_Y":47.086841,"NE_ID":1159320841,"WIKIDATAID":"Q28","NAME_AR":"المجر","NAME_BN":"হাঙ্গেরি","NAME_DE":"Ungarn","NAME_EN":"Hungary","NAME_ES":"Hungría","NAME_FA":"مجارستان","NAME_FR":"Hongrie","NAME_EL":"Ουγγαρία","NAME_HE":"הונגריה","NAME_HI":"हंगरी","NAME_HU":"Magyarország","NAME_ID":"Hongaria","NAME_IT":"Ungheria","NAME_JA":"ハンガリー","NAME_KO":"헝가리","NAME_NL":"Hongarije","NAME_PL":"Węgry","NAME_PT":"Hungria","NAME_RU":"Венгрия","NAME_SV":"Ungern","NAME_TR":"Macaristan","NAME_UK":"Угорщина","NAME_UR":"ہنگری","NAME_VI":"Hungary","NAME_ZH":"匈牙利","NAME_ZHT":"匈牙利","FCLASS_ISO":"Admin-0 country","TLC_DIFF":"","FCLASS_TLC":"Admin-0 country","FCLASS_US":"","FCLASS_FR":"","FCLASS_RU":"","FCLASS_ES":"","FCLASS_CN":"","FCLASS_TW":"","FCLASS_IN":"","FCLASS_NP":"","FCLASS_PK":"","FCLASS_DE":"","FCLASS_GB":"","FCLASS_BR":"","FCLASS_IL":"","FCLASS_PS":"","FCLASS_SA":"","FCLASS_EG":"","FCLASS_MA":"","FCLASS_PT":"","FCLASS_AR":"","FCLASS_JP":"","FCLASS_KO":"","FCLASS_VN":"","FCLASS_TR":"","FCLASS_ID":"","FCLASS_PL":"","FCLASS_GR":"","FCLASS_IT":"","FCLASS_NL":"","FCLASS_SE":"","FCLASS_BD":"","FCLASS_UA":""}},{"type":"Feature","geometry":{"type":"Polygon","coordinates":[[[9.524023437500006,47.524218749999996],[10.312792968750017,47.313427734375],[10.430371093750011,47.541064453124996],[11.297949218750006,47.42490234375],[11.716796875,47.58349609375],[13.033593750000023,47.69873046875],[12.814257812500017,48.16083984375],[13.675195312500023,48.523046875],[13.814746093750017,48.766943359375],[12.632031250000011,49.461230468749996],[12.390527343750023,49.739648437499994],[12.45263671875,50.3498046875],[14.369042968750023,50.898730468749996],[14.809375000000017,50.858984375],[15.0166015625,51.252734374999996],[14.601660156250006,51.832373046875],[14.752539062500006,52.081835937499996],[14.514062500000023,52.64560546875],[14.128613281250011,52.878222656249996],[14.41455078125,53.283496093749996],[14.258886718750006,53.729638671875],[13.865527343750017,53.853369140625],[13.028613281250017,54.41103515625],[12.575390625000011,54.4673828125],[12.111328125,54.168310546875],[11.399609375000011,53.944628906249996],[11.013378906250011,54.379150390625],[10.21240234375,54.408935546875],[9.73974609375,54.825537109375],[8.670312500000023,54.90341796875],[8.957226562500011,54.538330078125],[8.897753906250017,53.835693359375],[8.49267578125,53.51435546875],[8.00927734375,53.690722656249996],[7.285253906250006,53.68134765625],[7.197265625,53.282275390624996],[6.977246093750011,52.205517578125],[6.741796875000006,51.910888671875],[5.948535156250017,51.76240234375],[6.193261718750023,51.488916015624994],[5.894726562500011,50.984228515625],[5.993945312500017,50.750439453125],[6.364453125000011,50.316162109375],[6.116503906250017,50.120996093749994],[6.4873046875,49.798486328124994],[6.344335937500006,49.452734375],[6.735449218750006,49.160595703125],[7.450585937500023,49.152197265625],[8.134863281250006,48.973583984375],[7.584179687500011,48.064306640625],[7.615625000000023,47.592724609375],[8.414746093750011,47.589599609375],[8.617871093750011,47.76611328125],[9.524023437500006,47.524218749999996]]]},"properties":{"featurecla":"Admin-0 map unit","scalerank":1,"LABELRANK":2,"SOVEREIGNT":"Germany","SOV_A3":"DEU","ADM0_DIF":0,"LEVEL":2,"TYPE":"Sovereign country","TLC":"1","ADMIN":"Germany","ADM0_A3":"DEU","GEOU_DIF":0,"GEOUNIT":"Germany","GU_A3":"DEU","SU_DIF":0,"SUBUNIT":"Germany","SU_A3":"DEU","BRK_DIFF":0,"NAME":"Germany","NAME_LONG":"Germany","BRK_A3":"DEU","BRK_NAME":"Germany","BRK_GROUP":"","ABBREV":"Ger.","POSTAL":"D","FORMAL_EN":"Federal Republic of Germany","FORMAL_FR":"","NAME_CIAWF":"Germany","NOTE_ADM0":"","NOTE_BRK":"","NAME_SORT":"Germany","NAME_ALT":"","MAPCOLOR7":2,"MAPCOLOR8":5,"MAPCOLOR9":5,"MAPCOLOR13":1,"POP_EST":83132799,"POP_RANK":16,"POP_YEAR":2019,"GDP_MD":3861123,"GDP_YEAR":2019,"ECONOMY":"1. Developed region: G7","INCOME_GRP":"1. High income: OECD","FIPS_10":"GM","ISO_A2":"DE","ISO_A2_EH":"DE","ISO_A3":"DEU","ISO_A3_EH":"DEU","ISO_N3":"276","ISO_N3_EH":"276","UN_A3":"276","WB_A2":"DE","WB_A3":"DEU","WOE_ID":23424829,"WOE_ID_EH":23424829,"WOE_NOTE":"Exact WOE match as country","ADM0_ISO":"DEU","ADM0_DIFF":"","ADM0_TLC":"DEU","ADM0_A3_US":"DEU","ADM0_A3_FR":"DEU","ADM0_A3_RU":"DEU","ADM0_A3_ES":"DEU","ADM0_A3_CN":"DEU","ADM0_A3_TW":"DEU","ADM0_A3_IN":"DEU","ADM0_A3_NP":"DEU","ADM0_A3_PK":"DEU","ADM0_A3_DE":"DEU","ADM0_A3_GB":"DEU","ADM0_A3_BR":"DEU","ADM0_A3_IL":"DEU","ADM0_A3_PS":"DEU","ADM0_A3_SA":"DEU","ADM0_A3_EG":"DEU","ADM0_A3_MA":"DEU","ADM0_A3_PT":"DEU","ADM0_A3_AR":"DEU","ADM0_A3_JP":"DEU","ADM0_A3_KO":"DEU","ADM0_A3_VN":"DEU","ADM0_A3_TR":"DEU","ADM0_A3_ID":"DEU","ADM0_A3_PL":"DEU","ADM0_A3_GR":"DEU","ADM0_A3_IT":"DEU","ADM0_A3_NL":"DEU","ADM0_A3_SE":"DEU","ADM0_A3_BD":"DEU","ADM0_A3_UA":"DEU","ADM0_A3_UN":-99,"ADM0_A3_WB":-99,"CONTINENT":"Europe","REGION_UN":"Europe","SUBREGION":"Western Europe","REGION_WB":"Europe & Central Asia","NAME_LEN":7,"LONG_LEN":7,"ABBREV_LEN":4,"TINY":-99,"HOMEPART":1,"MIN_ZOOM":0,"MIN_LABEL":1.7,"MAX_LABEL":6.7,"LABEL_X":9.678348,"LABEL_Y":50.961733,"NE_ID":1159320539,"WIKIDATAID":"Q183","NAME_AR":"ألمانيا","NAME_BN":"জার্মানি","NAME_DE":"Deutschland","NAME_EN":"Germany","NAME_ES":"Alemania","NAME_FA":"آلمان","NAME_FR":"Allemagne","NAME_EL":"Γερμανία","NAME_HE":"גרמניה","NAME_HI":"जर्मनी","NAME_HU":"Németország","NAME_ID":"Jerman","NAME_IT":"Germania","NAME_JA":"ドイツ","NAME_KO":"독일","NAME_NL":"Duitsland","NAME_PL":"Niemcy","NAME_PT":"Alemanha","NAME_RU":"Германия","NAME_SV":"Tyskland","NAME_TR":"Almanya","NAME_UK":"Німеччина","NAME_UR":"جرمنی","NAME_VI":"Đức","NAME_ZH":"德国","NAME_ZHT":"德國","FCLASS_ISO":"Admin-0 country","TLC_DIFF":"","FCLASS_TLC":"Admin-0 country","FCLASS_US":"","FCLASS_FR":"","FCLASS_RU":"","FCLASS_ES":"","FCLASS_CN":"","FCLASS_TW":"","FCLASS_IN":"","FCLASS_NP":"","FCLASS_PK":"","FCLASS_DE":"","FCLASS_GB":"","FCLASS_BR":"","FCLASS_IL":"","FCLASS_PS":"","FCLASS_SA":"","FCLASS_EG":"","FCLASS_MA":"","FCLASS_PT":"","FCLASS_AR":"","FCLASS_JP":"","FCLASS_KO":"","FCLASS_VN":"","FCLASS_TR":"","FCLASS_ID":"","FCLASS_PL":"","FCLASS_GR":"","FCLASS_IT":"","FCLASS_NL":"","FCLASS_SE":"","FCLASS_BD":"","FCLASS_UA":""}},{"type":"Feature","geometry":{"type":"MultiPolygon","coordinates":[[[[9.480371093750023,42.805419921875],[8.713085937500011,42.549755859375],[8.807519531250023,41.58837890625],[9.186132812500006,41.384912109374994],[9.550683593750023,42.129736328125],[9.480371093750023,42.805419921875]]],[[[7.615625000000023,47.592724609375],[7.584179687500011,48.064306640625],[8.134863281250006,48.973583984375],[7.450585937500023,49.152197265625],[6.735449218750006,49.160595703125],[6.344335937500006,49.452734375],[5.789746093750011,49.53828125],[4.545019531250006,49.960253906249996],[4.174609375000017,50.246484374999994],[3.2733398437500227,50.531542968749996],[3.1548828125000057,50.748925781249994],[3.0228515625000227,50.766894531249996],[2.8624023437500057,50.716015625],[2.52490234375,51.097119140625],[1.9125000000000227,50.990624999999994],[1.5794921875000227,50.7392578125],[1.551562500000017,50.2939453125],[1.2455078125000227,49.9982421875],[0.18671875000001137,49.703027343749994],[-0.16347656249999432,49.296777343749994],[-1.1385253906249773,49.387890625],[-1.2586425781249773,49.68017578125],[-1.8564453125,49.6837890625],[-1.4376464843749943,48.641406249999996],[-2.4461914062499943,48.648291015625],[-2.692333984374983,48.53681640625],[-3.2314453125,48.8408203125],[-4.720751953124989,48.539892578125],[-4.629199218749989,48.085791015625],[-4.312109374999977,47.822900390624994],[-3.1588378906249943,47.694677734375],[-2.0188964843749773,47.037646484374996],[-1.7865234374999943,46.51484375],[-1.1462890624999886,46.311376953125],[-1.0660156249999773,45.8056640625],[-1.2455078124999943,44.559863281249996],[-1.48486328125,43.563769531249996],[-1.7940429687499773,43.40732421875],[-1.2854492187499886,43.059619140624996],[-0.041162109374994316,42.689111328124994],[0.6968750000000057,42.845117187499994],[1.4283203125000057,42.5958984375],[1.7060546875,42.503320312499994],[2.03271484375,42.353515625],[3.21142578125,42.43115234375],[3.0517578125,42.91513671875],[3.2588867187500057,43.193212890625],[4.052636718750023,43.593066406249996],[4.628710937500017,43.387109374999994],[5.059765625000011,43.44453125],[5.406542968750017,43.228515625],[6.115917968750011,43.07236328125],[6.494042968750023,43.169287109375],[7.377734375000017,43.731738281249996],[7.414453125000023,43.770898437499994],[7.438671875000011,43.750439453125],[7.4931640625,43.767138671874996],[7.651464843750006,44.033642578125],[6.96728515625,44.280029296875],[6.842968750000011,44.510693359375],[7.078320312500011,45.23994140625],[6.804492187500017,45.81455078125],[7.021093750000006,45.92578125],[6.758105468750017,46.415771484375],[6.060253906250011,46.428173828125],[6.952050781250023,47.2671875],[7.053417968750011,47.48935546875],[7.615625000000023,47.592724609375]]]]},"properties":{"featurecla":"Admin-0 map unit","scalerank":1,"LABELRANK":10,"SOVEREIGNT":"France","SOV_A3":"FR1","ADM0_DIF":1,"LEVEL":3,"TYPE":"Geo unit","TLC":"","ADMIN":"France","ADM0_A3":"FRA","GEOU_DIF":1,"GEOUNIT":"France","GU_A3":"FXX","SU_DIF":0,"SUBUNIT":"France","SU_A3":"FXX","BRK_DIFF":0,"NAME":"France","NAME_LONG":"France","BRK_A3":"FXX","BRK_NAME":"France","BRK_GROUP":"","ABBREV":"Fr.","POSTAL":"FR","FORMAL_EN":"Metropolitan France","FORMAL_FR":"","NAME_CIAWF":"","NOTE_ADM0":"","NOTE_BRK":"","NAME_SORT":"France, Metropolitan","NAME_ALT":"","MAPCOLOR7":7,"MAPCOLOR8":5,"MAPCOLOR9":9,"MAPCOLOR13":11,"POP_EST":64829667,"POP_RANK":16,"POP_YEAR":2017,"GDP_MD":2695599,"GDP_YEAR":2016,"ECONOMY":"1. Developed region: G7","INCOME_GRP":"1. High income: OECD","FIPS_10":"-99","ISO_A2":"FR","ISO_A2_EH":"FR","ISO_A3":"FRA","ISO_A3_EH":"FRA","ISO_N3":"249","ISO_N3_EH":"249","UN_A3":"-099","WB_A2":"-99","WB_A3":"-99","WOE_ID":23424819,"WOE_ID_EH":23424819,"WOE_NOTE":"Exact WOE match as country","ADM0_ISO":"FRA","ADM0_DIFF":"","ADM0_TLC":"FRA","ADM0_A3_US":"FRA","ADM0_A3_FR":"FRA","ADM0_A3_RU":"FRA","ADM0_A3_ES":"FRA","ADM0_A3_CN":"FRA","ADM0_A3_TW":"FRA","ADM0_A3_IN":"FRA","ADM0_A3_NP":"FRA","ADM0_A3_PK":"FRA","ADM0_A3_DE":"FRA","ADM0_A3_GB":"FRA","ADM0_A3_BR":"FRA","ADM0_A3_IL":"FRA","ADM0_A3_PS":"FRA","ADM0_A3_SA":"FRA","ADM0_A3_EG":"FRA","ADM0_A3_MA":"FRA","ADM0_A3_PT":"FRA","ADM0_A3_AR":"FRA","ADM0_A3_JP":"FRA","ADM0_A3_KO":"FRA","ADM0_A3_VN":"FRA","ADM0_A3_TR":"FRA","ADM0_A3_ID":"FRA","ADM0_A3_PL":"FRA","ADM0_A3_GR":"FRA","ADM0_A3_IT":"FRA","ADM0_A3_NL":"FRA","ADM0_A3_SE":"FRA","ADM0_A3_BD":"FRA","ADM0_A3_UA":"FRA","ADM0_A3_UN":-99,"ADM0_A3_WB":-99,"CONTINENT":"Europe","REGION_UN":"Europe","SUBREGION":"Western Europe","REGION_WB":"Europe & Central Asia","NAME_LEN":6,"LONG_LEN":6,"ABBREV_LEN":3,"TINY":-99,"HOMEPART":1,"MIN_ZOOM":0,"MIN_LABEL":1.7,"MAX_LABEL":6.7,"LABEL_X":2.552275,"LABEL_Y":46.696113,"NE_ID":1159320651,"WIKIDATAID":"Q142","NAME_AR":"فرنسا","NAME_BN":"ফ্রান্স","NAME_DE":"Frankreich","NAME_EN":"France","NAME_ES":"Francia","NAME_FA":"فرانسه","NAME_FR":"France","NAME_EL":"Γαλλία","NAME_HE":"צרפת","NAME_HI":"फ़्रान्स","NAME_HU":"Franciaország","NAME_ID":"Prancis","NAME_IT":"Francia","NAME_JA":"フランス","NAME_KO":"프랑스","NAME_NL":"Frankrijk","NAME_PL":"Francja","NAME_PT":"França","NAME_RU":"Франция","NAME_SV":"Frankrike","NAME_TR":"Fransa","NAME_UK":"Франція","NAME_UR":"فرانس","NAME_VI":"Pháp","NAME_ZH":"法国","NAME_ZHT":"法國","FCLASS_ISO":"Unrecognized","TLC_DIFF":"","FCLASS_TLC":"Unrecognized","FCLASS_US":"","FCLASS_FR":"","FCLASS_RU":"","FCLASS_ES":"","FCLASS_CN":"","FCLASS_TW":"","FCLASS_IN":"","FCLASS_NP":"","FCLASS_PK":"","FCLASS_DE":"","FCLASS_GB":"","FCLASS_BR":"","FCLASS_IL":"","FCLASS_PS":"","FCLASS_SA":"","FCLASS_EG":"","FCLASS_MA":"","FCLASS_PT":"","FCLASS_AR":"","FCLASS_JP":"","FCLASS_KO":"","FCLASS_VN":"","FCLASS_TR":"","FCLASS_ID":"","FCLASS_PL":"","FCLASS_GR":"","FCLASS_IT":"","FCLASS_NL":"","FCLASS_SE":"","FCLASS_BD":"","FCLASS_UA":""}},{"type":"Feature","geometry":{"type":"Polygon","coordinates":[[[69.18486328125002,-49.10957031250001],[69.15312500000002,-49.529687499999994],[69.612890625,-49.650976562500006],[69.915625,-49.348535156249994],[69.18486328125002,-49.10957031250001]]]},"properties":{"featurecla":"Admin-0 map unit","scalerank":3,"LABELRANK":6,"SOVEREIGNT":"France","SOV_A3":"FR1","ADM0_DIF":1,"LEVEL":2,"TYPE":"Dependency","TLC":"1","ADMIN":"French Southern and Antarctic Lands","ADM0_A3":"ATF","GEOU_DIF":0,"GEOUNIT":"French Southern and Antarctic Lands","GU_A3":"ATF","SU_DIF":0,"SUBUNIT":"French Southern and Antarctic Lands","SU_A3":"ATF","BRK_DIFF":0,"NAME":"Fr. S. Antarctic Lands","NAME_LONG":"French Southern and Antarctic Lands","BRK_A3":"ATF","BRK_NAME":"Fr. S. and Antarctic Lands","BRK_GROUP":"","ABBREV":"Fr. S.A.L.","POSTAL":"TF","FORMAL_EN":"Territory of the French Southern and Antarctic Lands","FORMAL_FR":"","NAME_CIAWF":"","NOTE_ADM0":"Fr.","NOTE_BRK":"","NAME_SORT":"French Southern and Antarctic Lands","NAME_ALT":"","MAPCOLOR7":7,"MAPCOLOR8":5,"MAPCOLOR9":9,"MAPCOLOR13":11,"POP_EST":140,"POP_RANK":1,"POP_YEAR":2017,"GDP_MD":16,"GDP_YEAR":2016,"ECONOMY":"6. Developing region","INCOME_GRP":"2. High income: nonOECD","FIPS_10":"FS","ISO_A2":"TF","ISO_A2_EH":"TF","ISO_A3":"ATF","ISO_A3_EH":"ATF","ISO_N3":"260","ISO_N3_EH":"260","UN_A3":"260","WB_A2":"-99","WB_A3":"-99","WOE_ID":28289406,"WOE_ID_EH":28289406,"WOE_NOTE":"Exact WOE match as country","ADM0_ISO":"ATF","ADM0_DIFF":"","ADM0_TLC":"ATF","ADM0_A3_US":"ATF","ADM0_A3_FR":"ATF","ADM0_A3_RU":"ATF","ADM0_A3_ES":"ATF","ADM0_A3_CN":"ATF","ADM0_A3_TW":"ATF","ADM0_A3_IN":"ATF","ADM0_A3_NP":"ATF","ADM0_A3_PK":"ATF","ADM0_A3_DE":"ATF","ADM0_A3_GB":"ATF","ADM0_A3_BR":"ATF","ADM0_A3_IL":"ATF","ADM0_A3_PS":"ATF","ADM0_A3_SA":"ATF","ADM0_A3_EG":"ATF","ADM0_A3_MA":"ATF","ADM0_A3_PT":"ATF","ADM0_A3_AR":"ATF","ADM0_A3_JP":"ATF","ADM0_A3_KO":"ATF","ADM0_A3_VN":"ATF","ADM0_A3_TR":"ATF","ADM0_A3_ID":"ATF","ADM0_A3_PL":"ATF","ADM0_A3_GR":"ATF","ADM0_A3_IT":"ATF","ADM0_A3_NL":"ATF","ADM0_A3_SE":"ATF","ADM0_A3_BD":"ATF","ADM0_A3_UA":"ATF","ADM0_A3_UN":-99,"ADM0_A3_WB":-99,"CONTINENT":"Seven seas (open ocean)","REGION_UN":"Africa","SUBREGION":"Seven seas (open ocean)","REGION_WB":"Sub-Saharan Africa","NAME_LEN":22,"LONG_LEN":35,"ABBREV_LEN":10,"TINY":2,"HOMEPART":-99,"MIN_ZOOM":0,"MIN_LABEL":4,"MAX_LABEL":9,"LABEL_X":69.122136,"LABEL_Y":-49.303721,"NE_ID":1159320631,"WIKIDATAID":"Q129003","NAME_AR":"أراض فرنسية جنوبية وأنتارتيكية","NAME_BN":"ফ্র. এস. অ্যান্ড অ্যান্টার্কটিক ল্যান্ড","NAME_DE":"Französische Süd- und Antarktisgebiete","NAME_EN":"French Southern and Antarctic Lands","NAME_ES":"Tierras Australes y Antárticas Francesas","NAME_FA":"سرزمینهای جنوبی و جنوبگانی فرانسه","NAME_FR":"Terres australes et antarctiques françaises","NAME_EL":"Γαλλικά Νότια και Ανταρκτικά Εδάφη","NAME_HE":"הארצות הדרומיות והאנטארקטיות של צרפת","NAME_HI":"दक्षिण फ्रांसीसी और अंटार्कटिक लैंड","NAME_HU":"Francia déli és antarktiszi területek","NAME_ID":"Daratan Selatan dan Antarktika Perancis","NAME_IT":"Terre australi e antartiche francesi","NAME_JA":"フランス領南方・南極地域","NAME_KO":"프랑스령 남방 및 남극","NAME_NL":"Franse Zuidelijke Gebieden","NAME_PL":"Francuskie Terytoria Południowe i Antarktyczne","NAME_PT":"Terras Austrais e Antárticas Francesas","NAME_RU":"Французские Южные и Антарктические территории","NAME_SV":"Franska sydterritorierna","NAME_TR":"Fransız Güney ve Antarktika Toprakları","NAME_UK":"Французькі Південні і Антарктичні території","NAME_UR":"سرزمین جنوبی فرانسیسیہ و انٹارکٹیکا","NAME_VI":"Vùng đất phía Nam và châu Nam Cực thuộc Pháp","NAME_ZH":"法属南部和南极领地","NAME_ZHT":"法屬南部和南極領地","FCLASS_ISO":"Admin-0 dependency","TLC_DIFF":"","FCLASS_TLC":"Admin-0 dependency","FCLASS_US":"","FCLASS_FR":"","FCLASS_RU":"","FCLASS_ES":"","FCLASS_CN":"","FCLASS_TW":"","FCLASS_IN":"","FCLASS_NP":"","FCLASS_PK":"","FCLASS_DE":"","FCLASS_GB":"","FCLASS_BR":"","FCLASS_IL":"","FCLASS_PS":"","FCLASS_SA":"","FCLASS_EG":"","FCLASS_MA":"","FCLASS_PT":"","FCLASS_AR":"","FCLASS_JP":"","FCLASS_KO":"","FCLASS_VN":"","FCLASS_TR":"","FCLASS_ID":"","FCLASS_PL":"","FCLASS_GR":"","FCLASS_IT":"","FCLASS_NL":"","FCLASS_SE":"","FCLASS_BD":"","FCLASS_UA":""}},{"type":"Feature","geometry":{"type":"Polygon","coordinates":[[[19.989550781250017,60.351171875],[19.672265625000023,60.2330078125],[19.745996093750023,60.098974609375],[20.033984375000017,60.0935546875],[19.989550781250017,60.351171875]]]},"properties":{"featurecla":"Admin-0 map unit","scalerank":3,"LABELRANK":6,"SOVEREIGNT":"Finland","SOV_A3":"FI1","ADM0_DIF":1,"LEVEL":2,"TYPE":"Country","TLC":"1","ADMIN":"Aland","ADM0_A3":"ALD","GEOU_DIF":0,"GEOUNIT":"Aland","GU_A3":"ALD","SU_DIF":0,"SUBUNIT":"Aland","SU_A3":"ALD","BRK_DIFF":0,"NAME":"Åland","NAME_LONG":"Åland Islands","BRK_A3":"ALD","BRK_NAME":"Åland","BRK_GROUP":"","ABBREV":"Åland","POSTAL":"AI","FORMAL_EN":"Åland Islands","FORMAL_FR":"","NAME_CIAWF":"","NOTE_ADM0":"Fin.","NOTE_BRK":"","NAME_SORT":"Aland","NAME_ALT":"","MAPCOLOR7":4,"MAPCOLOR8":1,"MAPCOLOR9":4,"MAPCOLOR13":6,"POP_EST":29884,"POP_RANK":7,"POP_YEAR":2019,"GDP_MD":1563,"GDP_YEAR":2016,"ECONOMY":"2. Developed region: nonG7","INCOME_GRP":"1. High income: OECD","FIPS_10":"-99","ISO_A2":"AX","ISO_A2_EH":"AX","ISO_A3":"ALA","ISO_A3_EH":"ALA","ISO_N3":"248","ISO_N3_EH":"248","UN_A3":"248","WB_A2":"-99","WB_A3":"-99","WOE_ID":12577865,"WOE_ID_EH":12577865,"WOE_NOTE":"Exact WOE match as country","ADM0_ISO":"ALD","ADM0_DIFF":"","ADM0_TLC":"ALD","ADM0_A3_US":"ALD","ADM0_A3_FR":"ALD","ADM0_A3_RU":"ALD","ADM0_A3_ES":"ALD","ADM0_A3_CN":"ALD","ADM0_A3_TW":"ALD","ADM0_A3_IN":"ALD","ADM0_A3_NP":"ALD","ADM0_A3_PK":"ALD","ADM0_A3_DE":"ALD","ADM0_A3_GB":"ALD","ADM0_A3_BR":"ALD","ADM0_A3_IL":"ALD","ADM0_A3_PS":"ALD","ADM0_A3_SA":"ALD","ADM0_A3_EG":"ALD","ADM0_A3_MA":"ALD","ADM0_A3_PT":"ALD","ADM0_A3_AR":"ALD","ADM0_A3_JP":"ALD","ADM0_A3_KO":"ALD","ADM0_A3_VN":"ALD","ADM0_A3_TR":"ALD","ADM0_A3_ID":"ALD","ADM0_A3_PL":"ALD","ADM0_A3_GR":"ALD","ADM0_A3_IT":"ALD","ADM0_A3_NL":"ALD","ADM0_A3_SE":"ALD","ADM0_A3_BD":"ALD","ADM0_A3_UA":"ALD","ADM0_A3_UN":-99,"ADM0_A3_WB":-99,"CONTINENT":"Europe","REGION_UN":"Europe","SUBREGION":"Northern Europe","REGION_WB":"Europe & Central Asia","NAME_LEN":5,"LONG_LEN":13,"ABBREV_LEN":5,"TINY":5,"HOMEPART":-99,"MIN_ZOOM":0,"MIN_LABEL":5,"MAX_LABEL":10,"LABEL_X":19.869671,"LABEL_Y":60.156467,"NE_ID":1159320621,"WIKIDATAID":"Q5689","NAME_AR":"جزر أولاند","NAME_BN":"অলান্দ দ্বীপপুঞ্জ","NAME_DE":"Åland","NAME_EN":"Åland","NAME_ES":"Åland","NAME_FA":"جزایر الند","NAME_FR":"Åland","NAME_EL":"Ώλαντ","NAME_HE":"אולנד","NAME_HI":"ऑलैण्ड द्वीपसमूह","NAME_HU":"Åland","NAME_ID":"Åland","NAME_IT":"Isole Åland","NAME_JA":"オーランド諸島","NAME_KO":"올란드 제도","NAME_NL":"Åland","NAME_PL":"Wyspy Alandzkie","NAME_PT":"Åland","NAME_RU":"Аландские острова","NAME_SV":"Åland","NAME_TR":"Åland","NAME_UK":"Аландські острови","NAME_UR":"جزائر ایلانڈ","NAME_VI":"Åland","NAME_ZH":"奥兰","NAME_ZHT":"奧蘭","FCLASS_ISO":"Admin-0 dependency","TLC_DIFF":"","FCLASS_TLC":"Admin-0 dependency","FCLASS_US":"","FCLASS_FR":"","FCLASS_RU":"Unrecognized","FCLASS_ES":"","FCLASS_CN":"Unrecognized","FCLASS_TW":"","FCLASS_IN":"","FCLASS_NP":"","FCLASS_PK":"","FCLASS_DE":"","FCLASS_GB":"","FCLASS_BR":"","FCLASS_IL":"","FCLASS_PS":"","FCLASS_SA":"","FCLASS_EG":"","FCLASS_MA":"","FCLASS_PT":"","FCLASS_AR":"","FCLASS_JP":"","FCLASS_KO":"","FCLASS_VN":"","FCLASS_TR":"","FCLASS_ID":"","FCLASS_PL":"","FCLASS_GR":"","FCLASS_IT":"","FCLASS_NL":"","FCLASS_SE":"","FCLASS_BD":"","FCLASS_UA":""}},{"type":"Feature","geometry":{"type":"Polygon","coordinates":[[[24.15546875000001,65.8052734375],[25.34785156250001,65.479248046875],[25.288183593750006,64.8603515625],[24.557910156250017,64.801025390625],[24.2783203125,64.515283203125],[23.24873046875001,63.896142578124994],[21.89570312500001,63.21025390625],[21.54511718750001,63.204296875],[21.195703125000023,62.79052734375],[21.5224609375,61.567138671875],[21.36054687500001,60.96748046875],[21.43603515625,60.59638671875],[22.5205078125,60.3765625],[22.994140625,60.098535156249994],[23.721777343750006,59.965673828125],[25.715429687500006,60.267431640625],[26.456445312500023,60.466796875],[27.797656250000017,60.5361328125],[29.25166015625001,61.28779296875],[31.28564453125,62.567822265625],[31.533984375000017,62.885400390624994],[31.18085937500001,63.20830078125],[30.05537109375001,63.689013671875],[30.50390625,64.02060546875],[29.783203125,64.804296875],[29.723925781250017,65.634375],[29.903417968750006,66.091064453125],[29.087011718750006,66.970947265625],[29.941210937500017,67.5474609375],[29.343847656250006,68.061865234375],[28.685156250000006,68.189794921875],[28.470703125,68.48837890625],[28.9658203125,69.02197265625],[29.333398437500023,69.472998046875],[29.1416015625,69.671435546875],[28.411718750000006,69.82275390625],[27.889941406250017,70.061669921875],[27.108691406250017,69.9046875],[26.525390625,69.9150390625],[26.011523437500017,69.65263671875],[25.748339843750017,68.99013671875],[24.94140625,68.59326171875],[23.85400390625,68.805908203125],[23.324023437500017,68.648974609375],[22.410937500000017,68.719873046875],[21.62177734375001,69.270703125],[20.622167968750006,69.036865234375],[21.997460937500023,68.52060546875],[22.78242187500001,68.391015625],[23.474218750000006,68.017333984375],[23.623046875,67.184130859375],[23.941796875000023,66.87783203125],[23.701171875,66.48076171875],[24.15546875000001,65.8052734375]]]},"properties":{"featurecla":"Admin-0 map unit","scalerank":1,"LABELRANK":3,"SOVEREIGNT":"Finland","SOV_A3":"FI1","ADM0_DIF":1,"LEVEL":2,"TYPE":"Country","TLC":"1","ADMIN":"Finland","ADM0_A3":"FIN","GEOU_DIF":0,"GEOUNIT":"Finland","GU_A3":"FIN","SU_DIF":0,"SUBUNIT":"Finland","SU_A3":"FIN","BRK_DIFF":0,"NAME":"Finland","NAME_LONG":"Finland","BRK_A3":"FIN","BRK_NAME":"Finland","BRK_GROUP":"","ABBREV":"Fin.","POSTAL":"FIN","FORMAL_EN":"Republic of Finland","FORMAL_FR":"","NAME_CIAWF":"Finland","NOTE_ADM0":"","NOTE_BRK":"","NAME_SORT":"Finland","NAME_ALT":"","MAPCOLOR7":4,"MAPCOLOR8":1,"MAPCOLOR9":4,"MAPCOLOR13":6,"POP_EST":5520314,"POP_RANK":13,"POP_YEAR":2019,"GDP_MD":269296,"GDP_YEAR":2019,"ECONOMY":"2. Developed region: nonG7","INCOME_GRP":"1. High income: OECD","FIPS_10":"FI","ISO_A2":"FI","ISO_A2_EH":"FI","ISO_A3":"FIN","ISO_A3_EH":"FIN","ISO_N3":"246","ISO_N3_EH":"246","UN_A3":"246","WB_A2":"FI","WB_A3":"FIN","WOE_ID":23424812,"WOE_ID_EH":23424812,"WOE_NOTE":"Exact WOE match as country","ADM0_ISO":"FIN","ADM0_DIFF":"","ADM0_TLC":"FIN","ADM0_A3_US":"FIN","ADM0_A3_FR":"FIN","ADM0_A3_RU":"FIN","ADM0_A3_ES":"FIN","ADM0_A3_CN":"FIN","ADM0_A3_TW":"FIN","ADM0_A3_IN":"FIN","ADM0_A3_NP":"FIN","ADM0_A3_PK":"FIN","ADM0_A3_DE":"FIN","ADM0_A3_GB":"FIN","ADM0_A3_BR":"FIN","ADM0_A3_IL":"FIN","ADM0_A3_PS":"FIN","ADM0_A3_SA":"FIN","ADM0_A3_EG":"FIN","ADM0_A3_MA":"FIN","ADM0_A3_PT":"FIN","ADM0_A3_AR":"FIN","ADM0_A3_JP":"FIN","ADM0_A3_KO":"FIN","ADM0_A3_VN":"FIN","ADM0_A3_TR":"FIN","ADM0_A3_ID":"FIN","ADM0_A3_PL":"FIN","ADM0_A3_GR":"FIN","ADM0_A3_IT":"FIN","ADM0_A3_NL":"FIN","ADM0_A3_SE":"FIN","ADM0_A3_BD":"FIN","ADM0_A3_UA":"FIN","ADM0_A3_UN":-99,"ADM0_A3_WB":-99,"CONTINENT":"Europe","REGION_UN":"Europe","SUBREGION":"Northern Europe","REGION_WB":"Europe & Central Asia","NAME_LEN":7,"LONG_LEN":7,"ABBREV_LEN":4,"TINY":-99,"HOMEPART":1,"MIN_ZOOM":0,"MIN_LABEL":3,"MAX_LABEL":8,"LABEL_X":27.276449,"LABEL_Y":63.252361,"NE_ID":1159320623,"WIKIDATAID":"Q33","NAME_AR":"فنلندا","NAME_BN":"ফিনল্যান্ড","NAME_DE":"Finnland","NAME_EN":"Finland","NAME_ES":"Finlandia","NAME_FA":"فنلاند","NAME_FR":"Finlande","NAME_EL":"Φινλανδία","NAME_HE":"פינלנד","NAME_HI":"फ़िनलैण्ड","NAME_HU":"Finnország","NAME_ID":"Finlandia","NAME_IT":"Finlandia","NAME_JA":"フィンランド","NAME_KO":"핀란드","NAME_NL":"Finland","NAME_PL":"Finlandia","NAME_PT":"Finlândia","NAME_RU":"Финляндия","NAME_SV":"Finland","NAME_TR":"Finlandiya","NAME_UK":"Фінляндія","NAME_UR":"فن لینڈ","NAME_VI":"Phần Lan","NAME_ZH":"芬兰","NAME_ZHT":"芬蘭","FCLASS_ISO":"Admin-0 country","TLC_DIFF":"","FCLASS_TLC":"Admin-0 country","FCLASS_US":"","FCLASS_FR":"","FCLASS_RU":"","FCLASS_ES":"","FCLASS_CN":"","FCLASS_TW":"","FCLASS_IN":"","FCLASS_NP":"","FCLASS_PK":"","FCLASS_DE":"","FCLASS_GB":"","FCLASS_BR":"","FCLASS_IL":"","FCLASS_PS":"","FCLASS_SA":"","FCLASS_EG":"","FCLASS_MA":"","FCLASS_PT":"","FCLASS_AR":"","FCLASS_JP":"","FCLASS_KO":"","FCLASS_VN":"","FCLASS_TR":"","FCLASS_ID":"","FCLASS_PL":"","FCLASS_GR":"","FCLASS_IT":"","FCLASS_NL":"","FCLASS_SE":"","FCLASS_BD":"","FCLASS_UA":""}},{"type":"Feature","geometry":{"type":"MultiPolygon","coordinates":[[[[27.351953125000023,57.528124999999996],[27.752832031250023,57.841015625],[27.48779296875,58.270068359375],[27.464453125000006,58.84130859375],[28.012500000000017,59.484277343749994],[26.974707031250006,59.450634765625],[25.50927734375,59.639013671875],[25.443750000000023,59.521142578124994],[24.38037109375,59.47265625],[23.494433593750017,59.195654296875],[23.50927734375,58.658544921875],[24.114843750000006,58.26611328125],[24.322558593750017,57.87060546875],[25.11103515625001,58.063427734375],[25.991113281250023,57.838183593749996],[26.532617187500023,57.531005859375],[27.351953125000023,57.528124999999996]]],[[[22.61738281250001,58.621240234374994],[22.081347656250017,58.478125],[22.152929687500006,58.11533203125],[22.75703125000001,58.260888671874994],[22.61738281250001,58.621240234374994]]]]},"properties":{"featurecla":"Admin-0 map unit","scalerank":1,"LABELRANK":6,"SOVEREIGNT":"Estonia","SOV_A3":"EST","ADM0_DIF":0,"LEVEL":2,"TYPE":"Sovereign country","TLC":"1","ADMIN":"Estonia","ADM0_A3":"EST","GEOU_DIF":0,"GEOUNIT":"Estonia","GU_A3":"EST","SU_DIF":0,"SUBUNIT":"Estonia","SU_A3":"EST","BRK_DIFF":0,"NAME":"Estonia","NAME_LONG":"Estonia","BRK_A3":"EST","BRK_NAME":"Estonia","BRK_GROUP":"","ABBREV":"Est.","POSTAL":"EST","FORMAL_EN":"Republic of Estonia","FORMAL_FR":"","NAME_CIAWF":"Estonia","NOTE_ADM0":"","NOTE_BRK":"","NAME_SORT":"Estonia","NAME_ALT":"","MAPCOLOR7":3,"MAPCOLOR8":2,"MAPCOLOR9":1,"MAPCOLOR13":10,"POP_EST":1326590,"POP_RANK":12,"POP_YEAR":2019,"GDP_MD":31471,"GDP_YEAR":2019,"ECONOMY":"2. Developed region: nonG7","INCOME_GRP":"1. High income: OECD","FIPS_10":"EN","ISO_A2":"EE","ISO_A2_EH":"EE","ISO_A3":"EST","ISO_A3_EH":"EST","ISO_N3":"233","ISO_N3_EH":"233","UN_A3":"233","WB_A2":"EE","WB_A3":"EST","WOE_ID":23424805,"WOE_ID_EH":23424805,"WOE_NOTE":"Exact WOE match as country","ADM0_ISO":"EST","ADM0_DIFF":"","ADM0_TLC":"EST","ADM0_A3_US":"EST","ADM0_A3_FR":"EST","ADM0_A3_RU":"EST","ADM0_A3_ES":"EST","ADM0_A3_CN":"EST","ADM0_A3_TW":"EST","ADM0_A3_IN":"EST","ADM0_A3_NP":"EST","ADM0_A3_PK":"EST","ADM0_A3_DE":"EST","ADM0_A3_GB":"EST","ADM0_A3_BR":"EST","ADM0_A3_IL":"EST","ADM0_A3_PS":"EST","ADM0_A3_SA":"EST","ADM0_A3_EG":"EST","ADM0_A3_MA":"EST","ADM0_A3_PT":"EST","ADM0_A3_AR":"EST","ADM0_A3_JP":"EST","ADM0_A3_KO":"EST","ADM0_A3_VN":"EST","ADM0_A3_TR":"EST","ADM0_A3_ID":"EST","ADM0_A3_PL":"EST","ADM0_A3_GR":"EST","ADM0_A3_IT":"EST","ADM0_A3_NL":"EST","ADM0_A3_SE":"EST","ADM0_A3_BD":"EST","ADM0_A3_UA":"EST","ADM0_A3_UN":-99,"ADM0_A3_WB":-99,"CONTINENT":"Europe","REGION_UN":"Europe","SUBREGION":"Northern Europe","REGION_WB":"Europe & Central Asia","NAME_LEN":7,"LONG_LEN":7,"ABBREV_LEN":4,"TINY":-99,"HOMEPART":1,"MIN_ZOOM":0,"MIN_LABEL":3,"MAX_LABEL":8,"LABEL_X":25.867126,"LABEL_Y":58.724865,"NE_ID":1159320615,"WIKIDATAID":"Q191","NAME_AR":"إستونيا","NAME_BN":"এস্তোনিয়া","NAME_DE":"Estland","NAME_EN":"Estonia","NAME_ES":"Estonia","NAME_FA":"استونی","NAME_FR":"Estonie","NAME_EL":"Εσθονία","NAME_HE":"אסטוניה","NAME_HI":"एस्टोनिया","NAME_HU":"Észtország","NAME_ID":"Estonia","NAME_IT":"Estonia","NAME_JA":"エストニア","NAME_KO":"에스토니아","NAME_NL":"Estland","NAME_PL":"Estonia","NAME_PT":"Estónia","NAME_RU":"Эстония","NAME_SV":"Estland","NAME_TR":"Estonya","NAME_UK":"Естонія","NAME_UR":"استونیا","NAME_VI":"Estonia","NAME_ZH":"爱沙尼亚","NAME_ZHT":"愛沙尼亞","FCLASS_ISO":"Admin-0 country","TLC_DIFF":"","FCLASS_TLC":"Admin-0 country","FCLASS_US":"","FCLASS_FR":"","FCLASS_RU":"","FCLASS_ES":"","FCLASS_CN":"","FCLASS_TW":"","FCLASS_IN":"","FCLASS_NP":"","FCLASS_PK":"","FCLASS_DE":"","FCLASS_GB":"","FCLASS_BR":"","FCLASS_IL":"","FCLASS_PS":"","FCLASS_SA":"","FCLASS_EG":"","FCLASS_MA":"","FCLASS_PT":"","FCLASS_AR":"","FCLASS_JP":"","FCLASS_KO":"","FCLASS_VN":"","FCLASS_TR":"","FCLASS_ID":"","FCLASS_PL":"","FCLASS_GR":"","FCLASS_IT":"","FCLASS_NL":"","FCLASS_SE":"","FCLASS_BD":"","FCLASS_UA":""}},{"type":"Feature","geometry":{"type":"MultiPolygon","coordinates":[[[[-29.952880859375,83.56484375],[-32.98442382812499,83.599609375],[-33.83735351562498,83.52998046875],[-34.66777343749999,83.571142578125],[-36.60649414062499,83.536962890625],[-38.54145507812498,83.414794921875],[-38.93110351562498,83.175341796875],[-40.356835937499994,83.332177734375],[-41.300146484375006,83.10078125],[-43.00927734375,83.264599609375],[-44.65693359374998,83.129052734375],[-45.06743164062499,82.7849609375],[-44.326562499999994,82.471728515625],[-44.7294921875,81.779833984375],[-46.617333984374994,82.09697265625],[-48.861181640625006,82.405419921875],[-50.81953124999998,82.474072265625],[-50.894433593749994,81.89521484375],[-52.7755859375,82.321728515625],[-53.14501953125,81.799755859375],[-53.9873046875,82.279248046875],[-54.72587890624999,82.3513671875],[-55.54868164062499,82.245751953125],[-56.58935546875,82.2271484375],[-58.71738281249999,82.09306640625],[-58.81674804687499,81.92041015625],[-60.432373046875,81.920166015625],[-61.20292968749999,81.746875],[-61.099999999999994,81.39609375],[-61.435986328125,81.13359375],[-62.90336914062499,81.218359375],[-63.44169921874999,81.0138671875],[-64.51552734375,81],[-65.64521484375,80.68505859375],[-66.99589843749999,80.41298828125],[-66.84365234375,80.076220703125],[-64.79228515624999,80.000634765625],[-65.419873046875,79.340234375],[-65.96787109374999,79.132373046875],[-67.48222656249999,79.11689453125],[-68.37705078124999,79.037841796875],[-68.99345703124999,78.857421875],[-70.90576171875,78.6384765625],[-71.651318359375,78.62314453125],[-72.67973632812499,78.399560546875],[-72.79150390625,78.1548828125],[-72.06494140625,77.93681640625],[-70.1263671875,77.63779296875],[-69.35136718749999,77.467138671875],[-68.621533203125,77.60185546875],[-67.97734374999999,77.518896484375],[-66.69121093749999,77.681201171875],[-66.453076171875,77.39306640625],[-68.13554687499999,77.37958984375],[-68.97832031249999,77.1953125],[-70.86284179687499,77.175439453125],[-70.44130859375,76.807373046875],[-69.872216796875,76.876611328125],[-69.25205078124999,76.6861328125],[-69.37290039062499,76.331884765625],[-68.14873046874999,76.067041015625],[-66.826171875,75.968798828125],[-65.954052734375,76.24169921875],[-65.456787109375,76.129833984375],[-64.38730468749999,76.30400390625],[-63.960351562499994,76.208935546875],[-63.438867187499994,76.339453125],[-61.188232421875,76.157861328125],[-58.51621093749999,75.6890625],[-58.253320312499994,75.278955078125],[-57.81318359375,75.039990234375],[-56.52207031249999,74.614306640625],[-56.70634765624999,74.219189453125],[-55.92949218749999,73.89541015625],[-56.10405273437499,73.558154296875],[-55.445703124999994,73.460498046875],[-54.79038085937499,72.6416015625],[-55.456787109375,72.503271484375],[-55.315576171874994,72.110693359375],[-55.66782226562499,71.6267578125],[-55.33642578125,71.4267578125],[-54.68906249999999,71.367236328125],[-53.96298828124999,71.458984375],[-53.47758789062499,71.849951171875],[-53.007568359375,71.17998046875],[-51.37666015624998,71.11904296875],[-51.322851562500006,70.58876953125],[-51.52446289062499,70.439453125],[-52.801953125,70.7505859375],[-54.16582031249999,70.8201171875],[-54.01445312499999,70.4216796875],[-53.02304687499999,70.301904296875],[-52.254638671875,70.058935546875],[-50.5,69.935791015625],[-51.084863281249994,69.128271484375],[-51.249414062499994,68.73994140625],[-51.780664062499994,68.548193359375],[-52.30278320312499,68.701123046875],[-52.37851562499999,68.218603515625],[-51.632421875000006,68.273046875],[-51.59687499999998,68.05478515625],[-53.1515625,68.207763671875],[-53.57797851562499,67.83681640625],[-53.884423828124994,67.135546875],[-53.41874999999999,66.64853515625],[-53.614697265625,66.1544921875],[-53.24374999999999,65.979052734375],[-53.198974609375,65.59404296875],[-52.7609375,65.5908203125],[-52.259033203125,65.154931640625],[-52.093408203124994,64.41591796875],[-51.75810546874999,64.279931640625],[-51.468847656250006,63.64228515625],[-50.298730468749994,62.72197265625],[-50.28520507812499,62.466210937499994],[-49.553466796875,62.23271484375],[-49.2890625,61.58994140625],[-48.92207031249998,61.27744140625],[-48.49482421874998,61.22470703125],[-48.01396484374999,60.72197265625],[-47.796240234375006,60.828857421875],[-46.87446289062498,60.81640625],[-46.01171875,61.096826171874994],[-46.046630859375,60.61572265625],[-45.59028320312498,60.51884765625],[-45.379248046875006,60.2029296875],[-44.453466796875006,60.014550781249994],[-44.11699218749999,59.831933593749994],[-43.122900390625006,60.06123046875],[-43.044091796874994,60.523681640625],[-42.717041015625,60.767480468749994],[-42.41874999999999,61.537011718749994],[-42.110205078125006,61.8572265625],[-42.32148437499998,62.152734374999994],[-42.152978515624994,62.56845703125],[-40.550390625000006,63.725244140624994],[-40.477636718750006,64.34443359375],[-40.65546874999998,64.91533203125],[-39.65595703124998,65.368896484375],[-38.63671875,65.624365234375],[-38.21635742187499,65.838330078125],[-37.81391601562498,66.385498046875],[-37.75419921874999,65.59306640625],[-36.37919921874999,65.830810546875],[-34.6328125,66.434765625],[-34.101660156250006,66.725927734375],[-33.156982421875,67.626708984375],[-32.274804687499994,67.9228515625],[-32.13725585937499,68.384912109375],[-30.97856445312499,68.061328125],[-29.868505859375006,68.311572265625],[-29.24951171875,68.298779296875],[-26.341406249999977,68.7021484375],[-25.544042968749977,69.045703125],[-23.236962890624994,69.791455078125],[-23.173242187499994,70.114599609375],[-25.529882812499977,70.353173828125],[-26.415673828124994,70.221337890625],[-26.747265624999983,70.475537109375],[-28.015039062499994,70.40224609375],[-27.9921875,70.89521484375],[-27.68876953124999,70.99345703125],[-26.717919921874994,70.95048828125],[-25.74223632812499,71.18359375],[-25.655859374999977,71.530029296875],[-24.37700195312499,71.14638671875],[-23.79179687499999,70.55517578125],[-23.327832031249983,70.4509765625],[-21.62553710937499,70.4685546875],[-21.75224609374999,71.4783203125],[-22.49687499999999,71.913818359375],[-22.074804687499977,72.39921875],[-22.036328124999983,72.91845703125],[-22.852294921875,73.083984375],[-21.547998046874994,73.431689453125],[-20.509667968749994,73.49287109375],[-20.367285156249977,73.8482421875],[-21.987695312499994,73.97099609375],[-20.256445312499977,74.2828125],[-19.271582031249977,74.342626953125],[-19.98491210937499,74.9751953125],[-20.417089843749977,74.9751953125],[-20.484960937499977,75.3142578125],[-19.798486328124994,75.157470703125],[-19.425976562499983,75.229833984375],[-19.508984374999983,75.75751953125],[-20.103613281249977,76.219091796875],[-21.416845703124977,76.264013671875],[-21.877343749999994,76.573486328125],[-20.942089843749983,76.88701171875],[-20.064355468749994,76.927587890625],[-18.51030273437499,76.778173828125],[-18.339013671874994,77.215283203125],[-19.30029296875,77.22236328125],[-20.23193359375,77.368408203125],[-20.162060546874983,77.68984375],[-20.86259765624999,77.911865234375],[-21.57890624999999,77.6513671875],[-21.133740234374983,78.658642578125],[-20.050488281249983,78.841796875],[-19.414013671874983,79.348828125],[-19.391503906249994,79.750341796875],[-19.98540039062499,79.755859375],[-20.150146484375,80.01123046875],[-19.42919921875,80.25771484375],[-18.070947265624994,80.1720703125],[-16.868408203125,80.1982421875],[-15.937255859375,80.42763671875],[-15.542675781249983,80.650390625],[-14.503564453124994,80.76328125],[-14.452343749999983,80.993115234375],[-13.451171875,81.0380859375],[-11.52880859375,81.4240234375],[-12.434423828124977,81.68251953125],[-13.704492187499994,81.7890625],[-15.555517578124977,81.83359375],[-16.358984374999977,81.729052734375],[-17.4560546875,81.397705078125],[-20.015722656249977,81.56435546875],[-20.755859375,81.31201171875],[-21.23051757812499,81.6013671875],[-21.337988281249977,82.068701171875],[-23.103710937499983,82.01181640625],[-23.63652343749999,81.741845703125],[-24.293066406249977,81.7009765625],[-25.148828124999994,82.001123046875],[-27.839501953124994,82.048876953125],[-29.543847656249994,81.93994140625],[-29.57939453124999,82.161181640625],[-23.862207031249994,82.287060546875],[-22.472558593749994,82.384716796875],[-22.52490234375,82.78916015625],[-24.470312499999977,82.877392578125],[-25.123388671874977,83.159619140625],[-27.002050781250006,83.0671875],[-30.091992187499983,83.157421875],[-26.182714843749977,83.22138671875],[-27.034423828125,83.376904296875],[-28.483789062499994,83.434912109375],[-29.952880859375,83.56484375]]],[[[-52.73115234375,69.9447265625],[-53.375146484374994,70.2212890625],[-54.37163085937499,70.31728515625],[-54.705957031249994,70.25615234375],[-54.919140625,69.713623046875],[-53.82499999999999,69.54033203125],[-53.57841796874999,69.256640625],[-52.11259765624999,69.489111328125],[-52.045312499999994,69.8072265625],[-52.73115234375,69.9447265625]]],[[[-44.86455078124999,82.083642578125],[-44.749902343749994,82.401123046875],[-45.411376953125,82.5775390625],[-46.399169921875,82.692138671875],[-46.75190429687498,82.348193359375],[-44.86455078124999,82.083642578125]]],[[[-25.432324218749983,70.921337890625],[-25.81889648437499,71.04365234375],[-26.9755859375,70.8626953125],[-27.708935546874983,70.897119140625],[-27.89799804687499,70.45400390625],[-26.604687499999983,70.553369140625],[-26.217871093749977,70.454052734375],[-25.402246093749994,70.652685546875],[-25.432324218749983,70.921337890625]]],[[[-18.582617187499977,76.042333984375],[-18.732617187499983,76.642041015625],[-19.085351562499994,76.43037109375],[-18.582617187499977,76.042333984375]]],[[[-18.00053710937499,75.40732421875],[-18.856054687499977,75.319140625],[-18.670800781249994,75.00166015625],[-17.586035156249977,74.9927734375],[-18.00053710937499,75.40732421875]]]]},"properties":{"featurecla":"Admin-0 map unit","scalerank":1,"LABELRANK":3,"SOVEREIGNT":"Denmark","SOV_A3":"DN1","ADM0_DIF":1,"LEVEL":2,"TYPE":"Country","TLC":"1","ADMIN":"Greenland","ADM0_A3":"GRL","GEOU_DIF":0,"GEOUNIT":"Greenland","GU_A3":"GRL","SU_DIF":0,"SUBUNIT":"Greenland","SU_A3":"GRL","BRK_DIFF":0,"NAME":"Greenland","NAME_LONG":"Greenland","BRK_A3":"GRL","BRK_NAME":"Greenland","BRK_GROUP":"","ABBREV":"Grlnd.","POSTAL":"GL","FORMAL_EN":"Greenland","FORMAL_FR":"","NAME_CIAWF":"Greenland","NOTE_ADM0":"Den.","NOTE_BRK":"","NAME_SORT":"Greenland","NAME_ALT":"","MAPCOLOR7":4,"MAPCOLOR8":1,"MAPCOLOR9":3,"MAPCOLOR13":12,"POP_EST":56225,"POP_RANK":8,"POP_YEAR":2019,"GDP_MD":3051,"GDP_YEAR":2018,"ECONOMY":"2. Developed region: nonG7","INCOME_GRP":"2. High income: nonOECD","FIPS_10":"GL","ISO_A2":"GL","ISO_A2_EH":"GL","ISO_A3":"GRL","ISO_A3_EH":"GRL","ISO_N3":"304","ISO_N3_EH":"304","UN_A3":"304","WB_A2":"GL","WB_A3":"GRL","WOE_ID":23424828,"WOE_ID_EH":23424828,"WOE_NOTE":"Exact WOE match as country","ADM0_ISO":"GRL","ADM0_DIFF":"","ADM0_TLC":"GRL","ADM0_A3_US":"GRL","ADM0_A3_FR":"GRL","ADM0_A3_RU":"GRL","ADM0_A3_ES":"GRL","ADM0_A3_CN":"GRL","ADM0_A3_TW":"GRL","ADM0_A3_IN":"GRL","ADM0_A3_NP":"GRL","ADM0_A3_PK":"GRL","ADM0_A3_DE":"GRL","ADM0_A3_GB":"GRL","ADM0_A3_BR":"GRL","ADM0_A3_IL":"GRL","ADM0_A3_PS":"GRL","ADM0_A3_SA":"GRL","ADM0_A3_EG":"GRL","ADM0_A3_MA":"GRL","ADM0_A3_PT":"GRL","ADM0_A3_AR":"GRL","ADM0_A3_JP":"GRL","ADM0_A3_KO":"GRL","ADM0_A3_VN":"GRL","ADM0_A3_TR":"GRL","ADM0_A3_ID":"GRL","ADM0_A3_PL":"GRL","ADM0_A3_GR":"GRL","ADM0_A3_IT":"GRL","ADM0_A3_NL":"GRL","ADM0_A3_SE":"GRL","ADM0_A3_BD":"GRL","ADM0_A3_UA":"GRL","ADM0_A3_UN":-99,"ADM0_A3_WB":-99,"CONTINENT":"North America","REGION_UN":"Americas","SUBREGION":"Northern America","REGION_WB":"Europe & Central Asia","NAME_LEN":9,"LONG_LEN":9,"ABBREV_LEN":6,"TINY":-99,"HOMEPART":-99,"MIN_ZOOM":0,"MIN_LABEL":1.7,"MAX_LABEL":6.7,"LABEL_X":-39.335251,"LABEL_Y":74.319387,"NE_ID":1159320551,"WIKIDATAID":"Q223","NAME_AR":"جرينلاند","NAME_BN":"গ্রিনল্যান্ড","NAME_DE":"Grönland","NAME_EN":"Greenland","NAME_ES":"Groenlandia","NAME_FA":"گرینلند","NAME_FR":"Groenland","NAME_EL":"Γροιλανδία","NAME_HE":"גרינלנד","NAME_HI":"ग्रीनलैण्ड","NAME_HU":"Grönland","NAME_ID":"Greenland","NAME_IT":"Groenlandia","NAME_JA":"グリーンランド","NAME_KO":"그린란드","NAME_NL":"Groenland","NAME_PL":"Grenlandia","NAME_PT":"Groenlândia","NAME_RU":"Гренландия","NAME_SV":"Grönland","NAME_TR":"Grönland","NAME_UK":"Гренландія","NAME_UR":"گرین لینڈ","NAME_VI":"Greenland","NAME_ZH":"格陵兰","NAME_ZHT":"格陵蘭","FCLASS_ISO":"Admin-0 dependency","TLC_DIFF":"","FCLASS_TLC":"Admin-0 dependency","FCLASS_US":"","FCLASS_FR":"","FCLASS_RU":"","FCLASS_ES":"","FCLASS_CN":"","FCLASS_TW":"","FCLASS_IN":"","FCLASS_NP":"","FCLASS_PK":"","FCLASS_DE":"","FCLASS_GB":"","FCLASS_BR":"","FCLASS_IL":"","FCLASS_PS":"","FCLASS_SA":"","FCLASS_EG":"","FCLASS_MA":"","FCLASS_PT":"","FCLASS_AR":"","FCLASS_JP":"","FCLASS_KO":"","FCLASS_VN":"","FCLASS_TR":"","FCLASS_ID":"","FCLASS_PL":"","FCLASS_GR":"","FCLASS_IT":"","FCLASS_NL":"","FCLASS_SE":"","FCLASS_BD":"","FCLASS_UA":""}},{"type":"Feature","geometry":{"type":"Polygon","coordinates":[[[-6.631054687499983,62.227880859375],[-6.958642578124994,62.316259765625],[-7.013574218749994,62.093994140625],[-6.809716796874994,61.977441406249994],[-6.631054687499983,62.227880859375]]]},"properties":{"featurecla":"Admin-0 map unit","scalerank":3,"LABELRANK":6,"SOVEREIGNT":"Denmark","SOV_A3":"DN1","ADM0_DIF":1,"LEVEL":2,"TYPE":"Dependency","TLC":"1","ADMIN":"Faroe Islands","ADM0_A3":"FRO","GEOU_DIF":0,"GEOUNIT":"Faroe Islands","GU_A3":"FRO","SU_DIF":0,"SUBUNIT":"Faroe Islands","SU_A3":"FRO","BRK_DIFF":0,"NAME":"Faeroe Is.","NAME_LONG":"Faeroe Islands","BRK_A3":"FRO","BRK_NAME":"Faeroe Islands","BRK_GROUP":"","ABBREV":"Faeroe Is.","POSTAL":"FO","FORMAL_EN":"Føroyar Is. (Faeroe Is.)","FORMAL_FR":"","NAME_CIAWF":"Faroe Islands","NOTE_ADM0":"Den.","NOTE_BRK":"","NAME_SORT":"Faeroe Islands","NAME_ALT":"","MAPCOLOR7":4,"MAPCOLOR8":1,"MAPCOLOR9":3,"MAPCOLOR13":12,"POP_EST":48678,"POP_RANK":7,"POP_YEAR":2019,"GDP_MD":3116,"GDP_YEAR":2018,"ECONOMY":"2. Developed region: nonG7","INCOME_GRP":"2. High income: nonOECD","FIPS_10":"FO","ISO_A2":"FO","ISO_A2_EH":"FO","ISO_A3":"FRO","ISO_A3_EH":"FRO","ISO_N3":"234","ISO_N3_EH":"234","UN_A3":"234","WB_A2":"FO","WB_A3":"FRO","WOE_ID":23424816,"WOE_ID_EH":23424816,"WOE_NOTE":"Exact WOE match as country","ADM0_ISO":"FRO","ADM0_DIFF":"","ADM0_TLC":"FRO","ADM0_A3_US":"FRO","ADM0_A3_FR":"FRO","ADM0_A3_RU":"FRO","ADM0_A3_ES":"FRO","ADM0_A3_CN":"FRO","ADM0_A3_TW":"FRO","ADM0_A3_IN":"FRO","ADM0_A3_NP":"FRO","ADM0_A3_PK":"FRO","ADM0_A3_DE":"FRO","ADM0_A3_GB":"FRO","ADM0_A3_BR":"FRO","ADM0_A3_IL":"FRO","ADM0_A3_PS":"FRO","ADM0_A3_SA":"FRO","ADM0_A3_EG":"FRO","ADM0_A3_MA":"FRO","ADM0_A3_PT":"FRO","ADM0_A3_AR":"FRO","ADM0_A3_JP":"FRO","ADM0_A3_KO":"FRO","ADM0_A3_VN":"FRO","ADM0_A3_TR":"FRO","ADM0_A3_ID":"FRO","ADM0_A3_PL":"FRO","ADM0_A3_GR":"FRO","ADM0_A3_IT":"FRO","ADM0_A3_NL":"FRO","ADM0_A3_SE":"FRO","ADM0_A3_BD":"FRO","ADM0_A3_UA":"FRO","ADM0_A3_UN":-99,"ADM0_A3_WB":-99,"CONTINENT":"Europe","REGION_UN":"Europe","SUBREGION":"Northern Europe","REGION_WB":"Europe & Central Asia","NAME_LEN":10,"LONG_LEN":14,"ABBREV_LEN":10,"TINY":3,"HOMEPART":-99,"MIN_ZOOM":0,"MIN_LABEL":4,"MAX_LABEL":9,"LABEL_X":-7.058429,"LABEL_Y":62.185604,"NE_ID":1159320549,"WIKIDATAID":"Q4628","NAME_AR":"جزر فارو","NAME_BN":"ফ্যারো দ্বীপপুঞ্জ","NAME_DE":"Färöer","NAME_EN":"Faroe Islands","NAME_ES":"Islas Feroe","NAME_FA":"جزایر فارو","NAME_FR":"îles Féroé","NAME_EL":"Νήσοι Φερόες","NAME_HE":"איי פארו","NAME_HI":"फ़रो द्वीपसमूह","NAME_HU":"Feröer","NAME_ID":"Kepulauan Faroe","NAME_IT":"Fær Øer","NAME_JA":"フェロー諸島","NAME_KO":"페로 제도","NAME_NL":"Faeröer","NAME_PL":"Wyspy Owcze","NAME_PT":"Ilhas Feroe","NAME_RU":"Фарерские острова","NAME_SV":"Färöarna","NAME_TR":"Faroe Adaları","NAME_UK":"Фарерські острови","NAME_UR":"جزائرفارو","NAME_VI":"Quần đảo Faroe","NAME_ZH":"法罗群岛","NAME_ZHT":"法羅群島","FCLASS_ISO":"Admin-0 dependency","TLC_DIFF":"","FCLASS_TLC":"Admin-0 dependency","FCLASS_US":"","FCLASS_FR":"","FCLASS_RU":"","FCLASS_ES":"","FCLASS_CN":"","FCLASS_TW":"","FCLASS_IN":"","FCLASS_NP":"","FCLASS_PK":"","FCLASS_DE":"","FCLASS_GB":"","FCLASS_BR":"","FCLASS_IL":"","FCLASS_PS":"","FCLASS_SA":"","FCLASS_EG":"","FCLASS_MA":"","FCLASS_PT":"","FCLASS_AR":"","FCLASS_JP":"","FCLASS_KO":"","FCLASS_VN":"","FCLASS_TR":"","FCLASS_ID":"","FCLASS_PL":"","FCLASS_GR":"","FCLASS_IT":"","FCLASS_NL":"","FCLASS_SE":"","FCLASS_BD":"","FCLASS_UA":""}},{"type":"Feature","geometry":{"type":"MultiPolygon","coordinates":[[[[12.568750000000023,55.78505859375],[12.218945312500011,56.11865234375],[11.049609375000017,55.740234375],[11.286328125000011,55.204443359375],[11.65380859375,55.1869140625],[12.050390625000006,54.81533203125],[12.215039062500011,55.46650390625],[12.568750000000023,55.78505859375]]],[[[9.73974609375,54.825537109375],[9.591113281250017,55.493212890624996],[10.183007812500023,55.865185546875],[10.318750000000023,56.212890625],[10.296093750000011,56.99912109375],[10.537109375,57.448535156249996],[9.962304687500023,57.58095703125],[9.554296875000006,57.232470703124996],[8.618554687500023,57.111279296875],[8.163964843750023,56.606884765625],[8.132128906250017,55.5998046875],[8.615917968750011,55.418212890625],[8.670312500000023,54.90341796875],[9.73974609375,54.825537109375]]],[[[10.645117187500006,55.609814453125],[9.860644531250017,55.515478515625],[9.98876953125,55.16318359375],[10.785253906250006,55.1333984375],[10.645117187500006,55.609814453125]]]]},"properties":{"featurecla":"Admin-0 map unit","scalerank":1,"LABELRANK":4,"SOVEREIGNT":"Denmark","SOV_A3":"DN1","ADM0_DIF":1,"LEVEL":2,"TYPE":"Country","TLC":"1","ADMIN":"Denmark","ADM0_A3":"DNK","GEOU_DIF":0,"GEOUNIT":"Denmark","GU_A3":"DNK","SU_DIF":0,"SUBUNIT":"Denmark","SU_A3":"DNK","BRK_DIFF":0,"NAME":"Denmark","NAME_LONG":"Denmark","BRK_A3":"DNK","BRK_NAME":"Denmark","BRK_GROUP":"","ABBREV":"Den.","POSTAL":"DK","FORMAL_EN":"Kingdom of Denmark","FORMAL_FR":"","NAME_CIAWF":"Denmark","NOTE_ADM0":"","NOTE_BRK":"","NAME_SORT":"Denmark","NAME_ALT":"","MAPCOLOR7":4,"MAPCOLOR8":1,"MAPCOLOR9":3,"MAPCOLOR13":12,"POP_EST":5818553,"POP_RANK":13,"POP_YEAR":2019,"GDP_MD":350104,"GDP_YEAR":2019,"ECONOMY":"2. Developed region: nonG7","INCOME_GRP":"1. High income: OECD","FIPS_10":"DA","ISO_A2":"DK","ISO_A2_EH":"DK","ISO_A3":"DNK","ISO_A3_EH":"DNK","ISO_N3":"208","ISO_N3_EH":"208","UN_A3":"208","WB_A2":"DK","WB_A3":"DNK","WOE_ID":23424796,"WOE_ID_EH":23424796,"WOE_NOTE":"Exact WOE match as country","ADM0_ISO":"DNK","ADM0_DIFF":"","ADM0_TLC":"DNK","ADM0_A3_US":"DNK","ADM0_A3_FR":"DNK","ADM0_A3_RU":"DNK","ADM0_A3_ES":"DNK","ADM0_A3_CN":"DNK","ADM0_A3_TW":"DNK","ADM0_A3_IN":"DNK","ADM0_A3_NP":"DNK","ADM0_A3_PK":"DNK","ADM0_A3_DE":"DNK","ADM0_A3_GB":"DNK","ADM0_A3_BR":"DNK","ADM0_A3_IL":"DNK","ADM0_A3_PS":"DNK","ADM0_A3_SA":"DNK","ADM0_A3_EG":"DNK","ADM0_A3_MA":"DNK","ADM0_A3_PT":"DNK","ADM0_A3_AR":"DNK","ADM0_A3_JP":"DNK","ADM0_A3_KO":"DNK","ADM0_A3_VN":"DNK","ADM0_A3_TR":"DNK","ADM0_A3_ID":"DNK","ADM0_A3_PL":"DNK","ADM0_A3_GR":"DNK","ADM0_A3_IT":"DNK","ADM0_A3_NL":"DNK","ADM0_A3_SE":"DNK","ADM0_A3_BD":"DNK","ADM0_A3_UA":"DNK","ADM0_A3_UN":-99,"ADM0_A3_WB":-99,"CONTINENT":"Europe","REGION_UN":"Europe","SUBREGION":"Northern Europe","REGION_WB":"Europe & Central Asia","NAME_LEN":7,"LONG_LEN":7,"ABBREV_LEN":4,"TINY":-99,"HOMEPART":1,"MIN_ZOOM":0,"MIN_LABEL":3,"MAX_LABEL":8,"LABEL_X":9.018163,"LABEL_Y":55.966965,"NE_ID":1159320547,"WIKIDATAID":"Q35","NAME_AR":"الدنمارك","NAME_BN":"ডেনমার্ক","NAME_DE":"Dänemark","NAME_EN":"Denmark","NAME_ES":"Dinamarca","NAME_FA":"دانمارک","NAME_FR":"Danemark","NAME_EL":"Δανία","NAME_HE":"דנמרק","NAME_HI":"डेनमार्क","NAME_HU":"Dánia","NAME_ID":"Denmark","NAME_IT":"Danimarca","NAME_JA":"デンマーク","NAME_KO":"덴마크","NAME_NL":"Denemarken","NAME_PL":"Dania","NAME_PT":"Dinamarca","NAME_RU":"Дания","NAME_SV":"Danmark","NAME_TR":"Danimarka","NAME_UK":"Данія","NAME_UR":"ڈنمارک","NAME_VI":"Đan Mạch","NAME_ZH":"丹麦","NAME_ZHT":"丹麥","FCLASS_ISO":"Admin-0 country","TLC_DIFF":"","FCLASS_TLC":"Admin-0 country","FCLASS_US":"","FCLASS_FR":"","FCLASS_RU":"","FCLASS_ES":"","FCLASS_CN":"","FCLASS_TW":"","FCLASS_IN":"","FCLASS_NP":"","FCLASS_PK":"","FCLASS_DE":"","FCLASS_GB":"","FCLASS_BR":"","FCLASS_IL":"","FCLASS_PS":"","FCLASS_SA":"","FCLASS_EG":"","FCLASS_MA":"","FCLASS_PT":"","FCLASS_AR":"","FCLASS_JP":"","FCLASS_KO":"","FCLASS_VN":"","FCLASS_TR":"","FCLASS_ID":"","FCLASS_PL":"","FCLASS_GR":"","FCLASS_IT":"","FCLASS_NL":"","FCLASS_SE":"","FCLASS_BD":"","FCLASS_UA":""}},{"type":"Feature","geometry":{"type":"Polygon","coordinates":[[[18.83222656250001,49.510791015624996],[18.562402343750023,49.879345703125],[17.874804687500017,49.972265625],[17.151953125000006,50.378320312499994],[16.679101562500023,50.097460937499996],[16.007226562500023,50.611621093749996],[14.993750000000006,51.01435546875],[14.809375000000017,50.858984375],[14.369042968750023,50.898730468749996],[12.45263671875,50.3498046875],[12.390527343750023,49.739648437499994],[12.632031250000011,49.461230468749996],[13.814746093750017,48.766943359375],[14.049121093750017,48.602490234375],[14.691308593750023,48.59921875],[14.97216796875,48.983935546874996],[16.057226562500006,48.754785156249994],[16.477929687500023,48.800097656249996],[16.953125,48.598828125],[17.1884765625,48.8609375],[17.75849609375001,48.888134765625],[18.160937500000017,49.257373046874996],[18.83222656250001,49.510791015624996]]]},"properties":{"featurecla":"Admin-0 map unit","scalerank":1,"LABELRANK":5,"SOVEREIGNT":"Czechia","SOV_A3":"CZE","ADM0_DIF":0,"LEVEL":2,"TYPE":"Sovereign country","TLC":"1","ADMIN":"Czechia","ADM0_A3":"CZE","GEOU_DIF":0,"GEOUNIT":"Czechia","GU_A3":"CZE","SU_DIF":0,"SUBUNIT":"Czechia","SU_A3":"CZE","BRK_DIFF":0,"NAME":"Czechia","NAME_LONG":"Czech Republic","BRK_A3":"CZE","BRK_NAME":"Czechia","BRK_GROUP":"","ABBREV":"Cz.","POSTAL":"CZ","FORMAL_EN":"Czech Republic","FORMAL_FR":"la République tchèque","NAME_CIAWF":"Czechia","NOTE_ADM0":"","NOTE_BRK":"","NAME_SORT":"Czechia","NAME_ALT":"Česko","MAPCOLOR7":1,"MAPCOLOR8":1,"MAPCOLOR9":2,"MAPCOLOR13":6,"POP_EST":10669709,"POP_RANK":14,"POP_YEAR":2019,"GDP_MD":250680,"GDP_YEAR":2019,"ECONOMY":"2. Developed region: nonG7","INCOME_GRP":"1. High income: OECD","FIPS_10":"EZ","ISO_A2":"CZ","ISO_A2_EH":"CZ","ISO_A3":"CZE","ISO_A3_EH":"CZE","ISO_N3":"203","ISO_N3_EH":"203","UN_A3":"203","WB_A2":"CZ","WB_A3":"CZE","WOE_ID":23424810,"WOE_ID_EH":23424810,"WOE_NOTE":"Exact WOE match as country","ADM0_ISO":"CZE","ADM0_DIFF":"","ADM0_TLC":"CZE","ADM0_A3_US":"CZE","ADM0_A3_FR":"CZE","ADM0_A3_RU":"CZE","ADM0_A3_ES":"CZE","ADM0_A3_CN":"CZE","ADM0_A3_TW":"CZE","ADM0_A3_IN":"CZE","ADM0_A3_NP":"CZE","ADM0_A3_PK":"CZE","ADM0_A3_DE":"CZE","ADM0_A3_GB":"CZE","ADM0_A3_BR":"CZE","ADM0_A3_IL":"CZE","ADM0_A3_PS":"CZE","ADM0_A3_SA":"CZE","ADM0_A3_EG":"CZE","ADM0_A3_MA":"CZE","ADM0_A3_PT":"CZE","ADM0_A3_AR":"CZE","ADM0_A3_JP":"CZE","ADM0_A3_KO":"CZE","ADM0_A3_VN":"CZE","ADM0_A3_TR":"CZE","ADM0_A3_ID":"CZE","ADM0_A3_PL":"CZE","ADM0_A3_GR":"CZE","ADM0_A3_IT":"CZE","ADM0_A3_NL":"CZE","ADM0_A3_SE":"CZE","ADM0_A3_BD":"CZE","ADM0_A3_UA":"CZE","ADM0_A3_UN":-99,"ADM0_A3_WB":-99,"CONTINENT":"Europe","REGION_UN":"Europe","SUBREGION":"Eastern Europe","REGION_WB":"Europe & Central Asia","NAME_LEN":7,"LONG_LEN":14,"ABBREV_LEN":3,"TINY":-99,"HOMEPART":1,"MIN_ZOOM":0,"MIN_LABEL":4,"MAX_LABEL":9,"LABEL_X":15.377555,"LABEL_Y":49.882364,"NE_ID":1159320535,"WIKIDATAID":"Q213","NAME_AR":"التشيك","NAME_BN":"চেক প্রজাতন্ত্র","NAME_DE":"Tschechien","NAME_EN":"Czech Republic","NAME_ES":"República Checa","NAME_FA":"جمهوری چک","NAME_FR":"Tchéquie","NAME_EL":"Τσεχία","NAME_HE":"צ'כיה","NAME_HI":"चेक गणराज्य","NAME_HU":"Csehország","NAME_ID":"Republik Ceko","NAME_IT":"Repubblica Ceca","NAME_JA":"チェコ","NAME_KO":"체코","NAME_NL":"Tsjechië","NAME_PL":"Czechy","NAME_PT":"Chéquia","NAME_RU":"Чехия","NAME_SV":"Tjeckien","NAME_TR":"Çek Cumhuriyeti","NAME_UK":"Чехія","NAME_UR":"چیک جمہوریہ","NAME_VI":"Cộng hòa Séc","NAME_ZH":"捷克","NAME_ZHT":"捷克共和國","FCLASS_ISO":"Admin-0 country","TLC_DIFF":"","FCLASS_TLC":"Admin-0 country","FCLASS_US":"","FCLASS_FR":"","FCLASS_RU":"","FCLASS_ES":"","FCLASS_CN":"","FCLASS_TW":"","FCLASS_IN":"","FCLASS_NP":"","FCLASS_PK":"","FCLASS_DE":"","FCLASS_GB":"","FCLASS_BR":"","FCLASS_IL":"","FCLASS_PS":"","FCLASS_SA":"","FCLASS_EG":"","FCLASS_MA":"","FCLASS_PT":"","FCLASS_AR":"","FCLASS_JP":"","FCLASS_KO":"","FCLASS_VN":"","FCLASS_TR":"","FCLASS_ID":"","FCLASS_PL":"","FCLASS_GR":"","FCLASS_IT":"","FCLASS_NL":"","FCLASS_SE":"","FCLASS_BD":"","FCLASS_UA":""}},{"type":"Feature","geometry":{"type":"MultiPolygon","coordinates":[[[[-70.41826171874999,-18.34560546875001],[-70.14814453125,-19.80507812500001],[-70.197021484375,-20.725390625000003],[-70.087548828125,-21.49306640625001],[-70.331689453125,-22.8486328125],[-70.56318359375,-23.05703125000001],[-70.48779296875,-23.78173828125],[-70.57412109375,-24.644335937500003],[-70.44536132812499,-25.172656250000003],[-70.71372070312499,-25.7841796875],[-70.64658203124999,-26.329394531250003],[-71.18642578125,-28.37783203125001],[-71.51923828125,-28.92646484375001],[-71.31572265624999,-29.649707031250003],[-71.400390625,-30.14296875000001],[-71.66948242187499,-30.330371093750003],[-71.66196289062499,-31.169531250000006],[-71.4212890625,-32.386816406250006],[-71.74296874999999,-33.09511718750001],[-71.66435546874999,-33.65263671875],[-72.00283203125,-34.16533203125],[-72.223779296875,-35.09619140625],[-72.62392578125,-35.5857421875],[-73.215966796875,-37.16689453125001],[-73.60166015624999,-37.1884765625],[-73.66181640625,-37.69853515625],[-73.464794921875,-38.04033203125002],[-73.48076171874999,-38.6240234375],[-73.22646484375,-39.22441406250002],[-73.66943359375,-40.08232421875002],[-73.96586914062499,-41.118261718750006],[-73.52128906249999,-41.79707031250001],[-73.01499023437499,-41.543847656249994],[-72.4994140625,-41.980859374999994],[-72.78515625,-42.30126953125],[-72.99658203125,-43.63154296875001],[-73.265087890625,-44.16865234375001],[-72.66386718749999,-44.436425781249994],[-72.73896484375,-44.73417968750002],[-73.362451171875,-44.97822265625001],[-73.54990234374999,-45.483789062499994],[-74.037548828125,-45.41767578125001],[-74.157861328125,-45.767187500000006],[-75.06669921874999,-45.874902343749994],[-74.924462890625,-46.15966796875],[-75.145751953125,-46.60009765625],[-74.51225585937499,-46.885156249999994],[-74.403271484375,-47.327539062499994],[-74.60888671875,-47.75800781250001],[-74.57719726562499,-48.2744140625],[-74.34296875,-48.492578124999994],[-74.333740234375,-49.974609375],[-75.094677734375,-50.681250000000006],[-74.81474609374999,-51.062890624999994],[-73.8958984375,-51.331445312499994],[-73.97324218749999,-51.78447265625002],[-73.83447265625,-52.233984375000006],[-74.01445312499999,-52.63935546875001],[-73.052734375,-53.24345703125002],[-72.45830078124999,-53.254492187500006],[-71.38774414062499,-52.764257812500006],[-71.400341796875,-53.107031250000006],[-71.852734375,-53.285742187500006],[-72.17441406249999,-53.63232421875],[-71.29775390625,-53.883398437500006],[-70.995849609375,-53.779296875],[-70.7951171875,-52.76875000000001],[-69.56059570312499,-52.42158203125001],[-69.24101562499999,-52.205468749999994],[-68.443359375,-52.35664062500001],[-69.96025390624999,-52.008203124999994],[-71.91865234375,-51.98955078125002],[-72.407666015625,-51.54082031250002],[-72.276318359375,-50.910253906250006],[-72.50981445312499,-50.607519531250006],[-73.15292968749999,-50.73828125],[-73.50126953124999,-50.12529296875002],[-73.57626953124999,-49.582910156249994],[-72.614404296875,-48.792871093749994],[-72.354736328125,-48.365820312500006],[-72.51791992187499,-47.876367187499994],[-72.345947265625,-47.49267578125],[-71.90498046875,-47.20166015625],[-71.69521484375,-46.57841796875002],[-71.87568359375,-46.160546874999994],[-71.77265625,-45.72441406250002],[-71.353759765625,-45.23046875],[-71.21259765625,-44.44121093750002],[-71.82001953125,-44.38310546875002],[-71.680078125,-43.929589843749994],[-72.146435546875,-42.99003906250002],[-72.12460937499999,-42.29833984375],[-71.7609375,-42.101464843749994],[-71.911279296875,-41.650390625],[-71.93212890625,-40.69169921875002],[-71.6953125,-40.33525390625002],[-71.719921875,-39.63525390625],[-71.42558593749999,-38.98564453125002],[-70.951611328125,-38.73847656250001],[-71.16757812499999,-37.762304687500006],[-71.05551757812499,-36.52373046875],[-70.40478515625,-36.06171875000001],[-70.47041015625,-35.326171875],[-70.28994140625,-34.73281250000001],[-69.85244140625,-34.22431640625001],[-70.16962890625,-32.4716796875],[-70.585205078125,-31.569433593750006],[-70.51958007812499,-31.1484375],[-70.16142578124999,-30.440234375000003],[-69.95634765624999,-30.358203125000003],[-70.026806640625,-29.324023437500003],[-69.827880859375,-29.10322265625001],[-69.65693359375,-28.41357421875],[-69.17441406249999,-27.92470703125001],[-68.846337890625,-27.15371093750001],[-68.34599609374999,-27.027929687500006],[-68.58115234374999,-26.518359375000003],[-68.414501953125,-26.15371093750001],[-68.60029296875,-25.485644531250003],[-68.56201171875,-24.837695312500003],[-68.25029296874999,-24.39199218750001],[-67.356201171875,-24.033789062500006],[-67.0087890625,-23.00136718750001],[-67.19487304687499,-22.82167968750001],[-67.87944335937499,-22.82294921875001],[-68.197021484375,-21.30029296875],[-68.74516601562499,-20.458593750000006],[-68.69829101562499,-19.72109375000001],[-68.462890625,-19.43281250000001],[-68.96831054687499,-18.96796875000001],[-69.0939453125,-18.05048828125001],[-69.5109375,-17.50605468750001],[-69.85209960937499,-17.70380859375001],[-69.92636718749999,-18.2060546875],[-70.41826171874999,-18.34560546875001]]],[[[-68.62993164062499,-52.65263671875002],[-69.16704101562499,-52.667578125000006],[-69.49838867187499,-52.49140625000001],[-70.46025390624999,-53.20625000000001],[-70.09038085937499,-53.41816406250001],[-69.98813476562499,-54.10908203125001],[-70.37998046874999,-54.1806640625],[-70.53129882812499,-53.627343749999994],[-70.86772460937499,-53.884179687499994],[-70.75986328124999,-54.241308593750006],[-71.44091796875,-54.61962890625],[-70.49716796874999,-54.8095703125],[-69.72343749999999,-54.71210937500001],[-69.486279296875,-54.85888671875],[-68.65322265625,-54.853613281250006],[-68.62993164062499,-52.65263671875002]]],[[[-67.07993164062499,-55.15380859375],[-67.245263671875,-54.977636718750006],[-68.10693359375,-54.92939453125001],[-68.07001953125,-55.221093749999994],[-67.07993164062499,-55.15380859375]]],[[[-73.773388671875,-43.34589843750001],[-73.43632812499999,-42.9365234375],[-73.52783203125,-41.89628906250002],[-74.03666992187499,-41.795507812500006],[-74.20947265625,-42.87871093750002],[-74.354931640625,-43.263574218749994],[-73.773388671875,-43.34589843750001]]],[[[-74.47617187499999,-49.147851562499994],[-74.79345703125,-48.705078125],[-75.32666015625,-49.268652343750006],[-75.451171875,-49.769921874999994],[-74.5947265625,-50.00664062500002],[-74.47617187499999,-49.147851562499994]]],[[[-74.56728515625,-48.59199218750001],[-74.82744140624999,-47.85039062500002],[-75.212890625,-48.141699218750006],[-74.923046875,-48.62646484375],[-74.56728515625,-48.59199218750001]]],[[[-72.9232421875,-53.48164062500001],[-73.6865234375,-53.426855468750006],[-73.30473632812499,-53.943945312500006],[-72.20541992187499,-53.80742187500002],[-72.9232421875,-53.48164062500001]]],[[[-74.82294921875,-51.63017578125002],[-75.10537109375,-51.78886718750002],[-74.851806640625,-52.27070312500001],[-74.53183593749999,-51.99199218750002],[-74.82294921875,-51.63017578125002]]],[[[-69.70297851562499,-54.919042968750006],[-69.97978515624999,-55.1474609375],[-69.41181640625,-55.444238281249994],[-68.293359375,-55.521386718749994],[-68.282666015625,-55.25517578125002],[-68.90078125,-55.01777343750001],[-69.70297851562499,-54.919042968750006]]],[[[-73.7353515625,-44.39453125],[-74.50180664062499,-44.473535156249994],[-74.61777343749999,-44.64794921875],[-74.099072265625,-45.32539062500001],[-73.72714843749999,-45.119042968749994],[-73.98330078125,-44.49482421875001],[-73.7353515625,-44.39453125]]]]},"properties":{"featurecla":"Admin-0 map unit","scalerank":4,"LABELRANK":2,"SOVEREIGNT":"Chile","SOV_A3":"CHL","ADM0_DIF":0,"LEVEL":2,"TYPE":"Sovereign country","TLC":"1","ADMIN":"Chile","ADM0_A3":"CHL","GEOU_DIF":0,"GEOUNIT":"Chile","GU_A3":"CHL","SU_DIF":0,"SUBUNIT":"Chile","SU_A3":"CHL","BRK_DIFF":0,"NAME":"Chile","NAME_LONG":"Chile","BRK_A3":"CHL","BRK_NAME":"Chile","BRK_GROUP":"","ABBREV":"Chile","POSTAL":"CL","FORMAL_EN":"Republic of Chile","FORMAL_FR":"","NAME_CIAWF":"Chile","NOTE_ADM0":"","NOTE_BRK":"","NAME_SORT":"Chile","NAME_ALT":"","MAPCOLOR7":5,"MAPCOLOR8":1,"MAPCOLOR9":5,"MAPCOLOR13":9,"POP_EST":18952038,"POP_RANK":14,"POP_YEAR":2019,"GDP_MD":282318,"GDP_YEAR":2019,"ECONOMY":"5. Emerging region: G20","INCOME_GRP":"3. Upper middle income","FIPS_10":"CI","ISO_A2":"CL","ISO_A2_EH":"CL","ISO_A3":"CHL","ISO_A3_EH":"CHL","ISO_N3":"152","ISO_N3_EH":"152","UN_A3":"152","WB_A2":"CL","WB_A3":"CHL","WOE_ID":23424782,"WOE_ID_EH":23424782,"WOE_NOTE":"Exact WOE match as country","ADM0_ISO":"CHL","ADM0_DIFF":"","ADM0_TLC":"CHL","ADM0_A3_US":"CHL","ADM0_A3_FR":"CHL","ADM0_A3_RU":"CHL","ADM0_A3_ES":"CHL","ADM0_A3_CN":"CHL","ADM0_A3_TW":"CHL","ADM0_A3_IN":"CHL","ADM0_A3_NP":"CHL","ADM0_A3_PK":"CHL","ADM0_A3_DE":"CHL","ADM0_A3_GB":"CHL","ADM0_A3_BR":"CHL","ADM0_A3_IL":"CHL","ADM0_A3_PS":"CHL","ADM0_A3_SA":"CHL","ADM0_A3_EG":"CHL","ADM0_A3_MA":"CHL","ADM0_A3_PT":"CHL","ADM0_A3_AR":"CHL","ADM0_A3_JP":"CHL","ADM0_A3_KO":"CHL","ADM0_A3_VN":"CHL","ADM0_A3_TR":"CHL","ADM0_A3_ID":"CHL","ADM0_A3_PL":"CHL","ADM0_A3_GR":"CHL","ADM0_A3_IT":"CHL","ADM0_A3_NL":"CHL","ADM0_A3_SE":"CHL","ADM0_A3_BD":"CHL","ADM0_A3_UA":"CHL","ADM0_A3_UN":-99,"ADM0_A3_WB":-99,"CONTINENT":"South America","REGION_UN":"Americas","SUBREGION":"South America","REGION_WB":"Latin America & Caribbean","NAME_LEN":5,"LONG_LEN":5,"ABBREV_LEN":5,"TINY":-99,"HOMEPART":1,"MIN_ZOOM":0,"MIN_LABEL":1.7,"MAX_LABEL":6.7,"LABEL_X":-72.318871,"LABEL_Y":-38.151771,"NE_ID":1159320493,"WIKIDATAID":"Q298","NAME_AR":"تشيلي","NAME_BN":"চিলি","NAME_DE":"Chile","NAME_EN":"Chile","NAME_ES":"Chile","NAME_FA":"شیلی","NAME_FR":"Chili","NAME_EL":"Χιλή","NAME_HE":"צ'ילה","NAME_HI":"चिली","NAME_HU":"Chile","NAME_ID":"Chili","NAME_IT":"Cile","NAME_JA":"チリ","NAME_KO":"칠레","NAME_NL":"Chili","NAME_PL":"Chile","NAME_PT":"Chile","NAME_RU":"Чили","NAME_SV":"Chile","NAME_TR":"Şili","NAME_UK":"Чилі","NAME_UR":"چلی","NAME_VI":"Chile","NAME_ZH":"智利","NAME_ZHT":"智利","FCLASS_ISO":"Admin-0 country","TLC_DIFF":"","FCLASS_TLC":"Admin-0 country","FCLASS_US":"","FCLASS_FR":"","FCLASS_RU":"","FCLASS_ES":"","FCLASS_CN":"","FCLASS_TW":"","FCLASS_IN":"","FCLASS_NP":"","FCLASS_PK":"","FCLASS_DE":"","FCLASS_GB":"","FCLASS_BR":"","FCLASS_IL":"","FCLASS_PS":"","FCLASS_SA":"","FCLASS_EG":"","FCLASS_MA":"","FCLASS_PT":"","FCLASS_AR":"","FCLASS_JP":"","FCLASS_KO":"","FCLASS_VN":"","FCLASS_TR":"","FCLASS_ID":"","FCLASS_PL":"","FCLASS_GR":"","FCLASS_IT":"","FCLASS_NL":"","FCLASS_SE":"","FCLASS_BD":"","FCLASS_UA":""}},{"type":"Feature","geometry":{"type":"Polygon","coordinates":[[[4.226171875000006,51.386474609375],[3.9020507812500114,51.207666015624994],[3.35009765625,51.377685546875],[2.52490234375,51.097119140625],[2.8624023437500057,50.716015625],[3.0228515625000227,50.766894531249996],[3.1548828125000057,50.748925781249994],[3.9224609375000057,50.701318359374994],[5.669140625000011,50.805957031249996],[5.476855468750017,51.285058593749994],[4.50341796875,51.47470703125],[4.226171875000006,51.386474609375]],[[4.420703125000017,50.797607421875],[4.384375000000006,50.776025390624994],[4.223046875000023,50.831933593749994],[4.365625000000023,50.900390625],[4.420703125000017,50.797607421875]]]},"properties":{"featurecla":"Admin-0 map unit","scalerank":1,"LABELRANK":9,"SOVEREIGNT":"Belgium","SOV_A3":"BEL","ADM0_DIF":0,"LEVEL":3,"TYPE":"Geo unit","TLC":"1","ADMIN":"Belgium","ADM0_A3":"BEL","GEOU_DIF":1,"GEOUNIT":"Flemish Region","GU_A3":"BFR","SU_DIF":0,"SUBUNIT":"Flemish Region","SU_A3":"BFR","BRK_DIFF":0,"NAME":"Flemish","NAME_LONG":"Flemish Region","BRK_A3":"BFR","BRK_NAME":"Flemish","BRK_GROUP":"Belgium","ABBREV":"Flem.","POSTAL":"FL","FORMAL_EN":"Vlaams Gewest","FORMAL_FR":"","NAME_CIAWF":"","NOTE_ADM0":"","NOTE_BRK":"","NAME_SORT":"Flemish Region","NAME_ALT":"","MAPCOLOR7":3,"MAPCOLOR8":2,"MAPCOLOR9":1,"MAPCOLOR13":8,"POP_EST":6629143,"POP_RANK":13,"POP_YEAR":2020,"GDP_MD":307728,"GDP_YEAR":2016,"ECONOMY":"2. Developed region: nonG7","INCOME_GRP":"1. High income: OECD","FIPS_10":"-99","ISO_A2":"-99","ISO_A2_EH":"BE","ISO_A3":"-99","ISO_A3_EH":"BEL","ISO_N3":"-99","ISO_N3_EH":"056","UN_A3":"-099","WB_A2":"-99","WB_A3":"-99","WOE_ID":55864895,"WOE_ID_EH":55864895,"WOE_NOTE":"WOE colloquial group of Admin-1 states provinces: 7153308, 7153301, 7153304, 22525998, and 7153305.","ADM0_ISO":"BEL","ADM0_DIFF":"1","ADM0_TLC":"BFR","ADM0_A3_US":"BEL","ADM0_A3_FR":"BEL","ADM0_A3_RU":"BEL","ADM0_A3_ES":"BEL","ADM0_A3_CN":"BEL","ADM0_A3_TW":"BEL","ADM0_A3_IN":"BEL","ADM0_A3_NP":"BEL","ADM0_A3_PK":"BEL","ADM0_A3_DE":"BEL","ADM0_A3_GB":"BEL","ADM0_A3_BR":"BEL","ADM0_A3_IL":"BEL","ADM0_A3_PS":"BEL","ADM0_A3_SA":"BEL","ADM0_A3_EG":"BEL","ADM0_A3_MA":"BEL","ADM0_A3_PT":"BEL","ADM0_A3_AR":"BEL","ADM0_A3_JP":"BEL","ADM0_A3_KO":"BEL","ADM0_A3_VN":"BEL","ADM0_A3_TR":"BEL","ADM0_A3_ID":"BEL","ADM0_A3_PL":"BEL","ADM0_A3_GR":"BEL","ADM0_A3_IT":"BEL","ADM0_A3_NL":"BEL","ADM0_A3_SE":"BEL","ADM0_A3_BD":"BEL","ADM0_A3_UA":"BEL","ADM0_A3_UN":-99,"ADM0_A3_WB":-99,"CONTINENT":"Europe","REGION_UN":"Europe","SUBREGION":"Western Europe","REGION_WB":"Europe & Central Asia","NAME_LEN":7,"LONG_LEN":14,"ABBREV_LEN":5,"TINY":-99,"HOMEPART":1,"MIN_ZOOM":0,"MIN_LABEL":6.7,"MAX_LABEL":11,"LABEL_X":4.768377,"LABEL_Y":51.108115,"NE_ID":1159320395,"WIKIDATAID":"Q1118","NAME_AR":"برابانت فلاماند","NAME_BN":"ফ্লেমিশ ব্র্যাবেন্ট","NAME_DE":"Flämisch-Brabant","NAME_EN":"Flemish Brabant","NAME_ES":"Brabante Flamenco","NAME_FA":"برابانت فلاندر","NAME_FR":"Brabant flamand","NAME_EL":"Φλαμανδική Βραβάντη","NAME_HE":"ברבנט הפלמית","NAME_HI":"फ्लेमिश ब्रबेंट","NAME_HU":"Flamand-Brabant","NAME_ID":"Flemish Brabant","NAME_IT":"provincia del Brabante Fiammingo","NAME_JA":"フラームス＝ブラバント州","NAME_KO":"플람스브라반트주","NAME_NL":"Vlaams-Brabant","NAME_PL":"Brabancja Flamandzka","NAME_PT":"Brabante Flamengo","NAME_RU":"Фламандский Брабант","NAME_SV":"Flamländska Brabant","NAME_TR":"Flaman Brabant","NAME_UK":"Фламандський Брабант","NAME_UR":"فلیمش برابنٹ","NAME_VI":"Vlaams-Brabant","NAME_ZH":"弗拉芒-布拉班特省","NAME_ZHT":"佛萊明-布拉邦省","FCLASS_ISO":"Unrecognized","TLC_DIFF":"1","FCLASS_TLC":"Admin-1 region","FCLASS_US":"","FCLASS_FR":"","FCLASS_RU":"","FCLASS_ES":"","FCLASS_CN":"","FCLASS_TW":"","FCLASS_IN":"","FCLASS_NP":"","FCLASS_PK":"","FCLASS_DE":"","FCLASS_GB":"","FCLASS_BR":"","FCLASS_IL":"","FCLASS_PS":"","FCLASS_SA":"","FCLASS_EG":"","FCLASS_MA":"","FCLASS_PT":"","FCLASS_AR":"","FCLASS_JP":"","FCLASS_KO":"","FCLASS_VN":"","FCLASS_TR":"","FCLASS_ID":"","FCLASS_PL":"","FCLASS_GR":"","FCLASS_IT":"","FCLASS_NL":"","FCLASS_SE":"","FCLASS_BD":"","FCLASS_UA":""}},{"type":"Feature","geometry":{"type":"Polygon","coordinates":[[[5.669140625000011,50.805957031249996],[3.9224609375000057,50.701318359374994],[3.1548828125000057,50.748925781249994],[3.2733398437500227,50.531542968749996],[4.174609375000017,50.246484374999994],[4.545019531250006,49.960253906249996],[5.789746093750011,49.53828125],[5.744042968750023,49.91962890625],[6.116503906250017,50.120996093749994],[6.364453125000011,50.316162109375],[5.993945312500017,50.750439453125],[5.669140625000011,50.805957031249996]]]},"properties":{"featurecla":"Admin-0 map unit","scalerank":1,"LABELRANK":9,"SOVEREIGNT":"Belgium","SOV_A3":"BEL","ADM0_DIF":0,"LEVEL":3,"TYPE":"Geo unit","TLC":"1","ADMIN":"Belgium","ADM0_A3":"BEL","GEOU_DIF":1,"GEOUNIT":"Walloon Region","GU_A3":"BWR","SU_DIF":0,"SUBUNIT":"Walloon Region","SU_A3":"BWR","BRK_DIFF":0,"NAME":"Walloon","NAME_LONG":"Walloon Region","BRK_A3":"BWR","BRK_NAME":"Walloon","BRK_GROUP":"Belgium","ABBREV":"Wal.","POSTAL":"WA","FORMAL_EN":"Waals Gewest","FORMAL_FR":"","NAME_CIAWF":"","NOTE_ADM0":"","NOTE_BRK":"","NAME_SORT":"Walloon Region","NAME_ALT":"","MAPCOLOR7":3,"MAPCOLOR8":2,"MAPCOLOR9":1,"MAPCOLOR13":8,"POP_EST":3633795,"POP_RANK":12,"POP_YEAR":2019,"GDP_MD":168683,"GDP_YEAR":2016,"ECONOMY":"2. Developed region: nonG7","INCOME_GRP":"1. High income: OECD","FIPS_10":"-99","ISO_A2":"-99","ISO_A2_EH":"BE","ISO_A3":"-99","ISO_A3_EH":"BEL","ISO_N3":"-99","ISO_N3_EH":"056","UN_A3":"-099","WB_A2":"-99","WB_A3":"-99","WOE_ID":55864897,"WOE_ID_EH":55864897,"WOE_NOTE":"WOE colloquial group of Admin-1 states provinces: 7153299, 22525997, 7153303, 7153300, and 7153302.","ADM0_ISO":"BEL","ADM0_DIFF":"1","ADM0_TLC":"BWR","ADM0_A3_US":"BEL","ADM0_A3_FR":"BEL","ADM0_A3_RU":"BEL","ADM0_A3_ES":"BEL","ADM0_A3_CN":"BEL","ADM0_A3_TW":"BEL","ADM0_A3_IN":"BEL","ADM0_A3_NP":"BEL","ADM0_A3_PK":"BEL","ADM0_A3_DE":"BEL","ADM0_A3_GB":"BEL","ADM0_A3_BR":"BEL","ADM0_A3_IL":"BEL","ADM0_A3_PS":"BEL","ADM0_A3_SA":"BEL","ADM0_A3_EG":"BEL","ADM0_A3_MA":"BEL","ADM0_A3_PT":"BEL","ADM0_A3_AR":"BEL","ADM0_A3_JP":"BEL","ADM0_A3_KO":"BEL","ADM0_A3_VN":"BEL","ADM0_A3_TR":"BEL","ADM0_A3_ID":"BEL","ADM0_A3_PL":"BEL","ADM0_A3_GR":"BEL","ADM0_A3_IT":"BEL","ADM0_A3_NL":"BEL","ADM0_A3_SE":"BEL","ADM0_A3_BD":"BEL","ADM0_A3_UA":"BEL","ADM0_A3_UN":-99,"ADM0_A3_WB":-99,"CONTINENT":"Europe","REGION_UN":"Europe","SUBREGION":"Western Europe","REGION_WB":"Europe & Central Asia","NAME_LEN":7,"LONG_LEN":14,"ABBREV_LEN":4,"TINY":-99,"HOMEPART":1,"MIN_ZOOM":0,"MIN_LABEL":6.7,"MAX_LABEL":11,"LABEL_X":5.368446,"LABEL_Y":50.255764,"NE_ID":1159320397,"WIKIDATAID":"Q1122","NAME_AR":"برابانت والون","NAME_BN":"ওয়াল্লুন ব্রাবান্ট","NAME_DE":"Provinz Wallonisch-Brabant","NAME_EN":"Walloon Brabant","NAME_ES":"Provincia del Brabante Valón","NAME_FA":"استان اوئلون بربان","NAME_FR":"Brabant wallon","NAME_EL":"Βαλλωνική Βραβάντη","NAME_HE":"ברבנט הוולונית","NAME_HI":"वालून ब्रबैंट","NAME_HU":"Vallon-Brabant","NAME_ID":"Brabant Walonia","NAME_IT":"provincia del Brabante Vallone","NAME_JA":"ブラバン・ワロン州","NAME_KO":"브라방왈롱주","NAME_NL":"Waals-Brabant","NAME_PL":"Prowincja Brabancja Walońska","NAME_PT":"Brabante Valão","NAME_RU":"Валлонский Брабант","NAME_SV":"Vallonska Brabant","NAME_TR":"Valon Brabant","NAME_UK":"Валлонський Брабант","NAME_UR":"والون برابنٹ","NAME_VI":"Walloon Brabant","NAME_ZH":"瓦隆-布拉班特省","NAME_ZHT":"瓦隆-布拉班特省","FCLASS_ISO":"Unrecognized","TLC_DIFF":"1","FCLASS_TLC":"Admin-1 region","FCLASS_US":"","FCLASS_FR":"","FCLASS_RU":"","FCLASS_ES":"","FCLASS_CN":"","FCLASS_TW":"","FCLASS_IN":"","FCLASS_NP":"","FCLASS_PK":"","FCLASS_DE":"","FCLASS_GB":"","FCLASS_BR":"","FCLASS_IL":"","FCLASS_PS":"","FCLASS_SA":"","FCLASS_EG":"","FCLASS_MA":"","FCLASS_PT":"","FCLASS_AR":"","FCLASS_JP":"","FCLASS_KO":"","FCLASS_VN":"","FCLASS_TR":"","FCLASS_ID":"","FCLASS_PL":"","FCLASS_GR":"","FCLASS_IT":"","FCLASS_NL":"","FCLASS_SE":"","FCLASS_BD":"","FCLASS_UA":""}},{"type":"Feature","geometry":{"type":"Polygon","coordinates":[[[4.420703125000017,50.797607421875],[4.365625000000023,50.900390625],[4.223046875000023,50.831933593749994],[4.384375000000006,50.776025390624994],[4.420703125000017,50.797607421875]]]},"properties":{"featurecla":"Admin-0 map unit","scalerank":1,"LABELRANK":9,"SOVEREIGNT":"Belgium","SOV_A3":"BEL","ADM0_DIF":0,"LEVEL":3,"TYPE":"Geo unit","TLC":"1","ADMIN":"Belgium","ADM0_A3":"BEL","GEOU_DIF":1,"GEOUNIT":"Brussels Capital Region","GU_A3":"BCR","SU_DIF":0,"SUBUNIT":"Brussels Capital Region","SU_A3":"BCR","BRK_DIFF":0,"NAME":"Brussels","NAME_LONG":"Brussels","BRK_A3":"BCR","BRK_NAME":"Brussels","BRK_GROUP":"Belgium","ABBREV":"Brus.","POSTAL":"BR","FORMAL_EN":"Brussels Hoofdstedelijk Gewest","FORMAL_FR":"","NAME_CIAWF":"","NOTE_ADM0":"","NOTE_BRK":"","NAME_SORT":"Brussels Capital Region","NAME_ALT":"","MAPCOLOR7":3,"MAPCOLOR8":2,"MAPCOLOR9":1,"MAPCOLOR13":8,"POP_EST":1208542,"POP_RANK":12,"POP_YEAR":2019,"GDP_MD":56101,"GDP_YEAR":2016,"ECONOMY":"2. Developed region: nonG7","INCOME_GRP":"1. High income: OECD","FIPS_10":"-99","ISO_A2":"-99","ISO_A2_EH":"BE","ISO_A3":"-99","ISO_A3_EH":"BEL","ISO_N3":"-99","ISO_N3_EH":"056","UN_A3":"-099","WB_A2":"-99","WB_A3":"-99","WOE_ID":55965974,"WOE_ID_EH":55965974,"WOE_NOTE":"WOE Admin-1 states provinces match.","ADM0_ISO":"BEL","ADM0_DIFF":"1","ADM0_TLC":"BCR","ADM0_A3_US":"BEL","ADM0_A3_FR":"BEL","ADM0_A3_RU":"BEL","ADM0_A3_ES":"BEL","ADM0_A3_CN":"BEL","ADM0_A3_TW":"BEL","ADM0_A3_IN":"BEL","ADM0_A3_NP":"BEL","ADM0_A3_PK":"BEL","ADM0_A3_DE":"BEL","ADM0_A3_GB":"BEL","ADM0_A3_BR":"BEL","ADM0_A3_IL":"BEL","ADM0_A3_PS":"BEL","ADM0_A3_SA":"BEL","ADM0_A3_EG":"BEL","ADM0_A3_MA":"BEL","ADM0_A3_PT":"BEL","ADM0_A3_AR":"BEL","ADM0_A3_JP":"BEL","ADM0_A3_KO":"BEL","ADM0_A3_VN":"BEL","ADM0_A3_TR":"BEL","ADM0_A3_ID":"BEL","ADM0_A3_PL":"BEL","ADM0_A3_GR":"BEL","ADM0_A3_IT":"BEL","ADM0_A3_NL":"BEL","ADM0_A3_SE":"BEL","ADM0_A3_BD":"BEL","ADM0_A3_UA":"BEL","ADM0_A3_UN":-99,"ADM0_A3_WB":-99,"CONTINENT":"Europe","REGION_UN":"Europe","SUBREGION":"Western Europe","REGION_WB":"Europe & Central Asia","NAME_LEN":8,"LONG_LEN":8,"ABBREV_LEN":5,"TINY":-99,"HOMEPART":1,"MIN_ZOOM":0,"MIN_LABEL":7.7,"MAX_LABEL":11,"LABEL_X":4.368181,"LABEL_Y":50.832616,"NE_ID":1159320391,"WIKIDATAID":"Q240","NAME_AR":"بروكسل","NAME_BN":"ব্রাসেল্স","NAME_DE":"Region Brüssel-Hauptstadt","NAME_EN":"Brussels Capital Region","NAME_ES":"Región de Bruselas-Capital","NAME_FA":"بروکسل","NAME_FR":"Région de Bruxelles-Capitale","NAME_EL":"Περιοχή των Βρυξελλών","NAME_HE":"בריסל","NAME_HI":"ब्रुसेल्स","NAME_HU":"Brüsszel fővárosi régió","NAME_ID":"Daerah Ibu Kota Brussel","NAME_IT":"Regione di Bruxelles-Capitale","NAME_JA":"ブリュッセル首都圏地域","NAME_KO":"브뤼셀","NAME_NL":"Brussels Hoofdstedelijk Gewest","NAME_PL":"Region Stołeczny Brukseli","NAME_PT":"Região de Bruxelas-Capital","NAME_RU":"Брюссельский столичный регион","NAME_SV":"Brysselregionen","NAME_TR":"Brüksel Başkent Bölgesi","NAME_UK":"Брюссельський столичний регіон","NAME_UR":"برسلز","NAME_VI":"Bruxelles","NAME_ZH":"布鲁塞尔-首都大区","NAME_ZHT":"布魯塞爾-首都大區","FCLASS_ISO":"Unrecognized","TLC_DIFF":"1","FCLASS_TLC":"Admin-1 region","FCLASS_US":"","FCLASS_FR":"","FCLASS_RU":"","FCLASS_ES":"","FCLASS_CN":"","FCLASS_TW":"","FCLASS_IN":"","FCLASS_NP":"","FCLASS_PK":"","FCLASS_DE":"","FCLASS_GB":"","FCLASS_BR":"","FCLASS_IL":"","FCLASS_PS":"","FCLASS_SA":"","FCLASS_EG":"","FCLASS_MA":"","FCLASS_PT":"","FCLASS_AR":"","FCLASS_JP":"","FCLASS_KO":"","FCLASS_VN":"","FCLASS_TR":"","FCLASS_ID":"","FCLASS_PL":"","FCLASS_GR":"","FCLASS_IT":"","FCLASS_NL":"","FCLASS_SE":"","FCLASS_BD":"","FCLASS_UA":""}},{"type":"Feature","geometry":{"type":"Polygon","coordinates":[[[31.76337890625001,52.10107421875],[31.57734375000001,52.312304687499996],[31.417871093750023,53.196044921875],[32.14199218750002,53.091162109375],[32.70429687500001,53.336328125],[31.7919921875,54.055908203125],[31.403613281250017,54.195947265625],[30.814453125,55.2787109375],[30.906835937500006,55.57001953125],[30.23359375000001,55.84521484375],[29.482226562500017,55.6845703125],[29.375,55.938720703125],[28.794726562500017,55.942578125],[28.14794921875,56.142919921875],[27.576757812500006,55.798779296875],[27.052539062500017,55.83056640625],[26.593554687500017,55.667529296874996],[26.175195312500023,55.003271484375],[25.859277343750023,54.919287109375],[25.54736328125,54.331835937499996],[24.768164062500006,53.974658203124996],[23.484667968750017,53.939794921875],[23.887109375000023,53.0275390625],[23.8447265625,52.664208984375],[23.2041015625,52.337890625],[23.652441406250006,52.040380859375],[23.605273437500017,51.517919921875],[24.361914062500006,51.867529296875],[25.92529296875,51.913525390625],[27.141992187500023,51.75205078125],[27.270117187500006,51.613574218749996],[28.18378906250001,51.607861328125],[29.346484375000017,51.382568359375],[30.160742187500006,51.477880859375],[30.98066406250001,52.046191406249996],[31.76337890625001,52.10107421875]]]},"properties":{"featurecla":"Admin-0 map unit","scalerank":1,"LABELRANK":4,"SOVEREIGNT":"Belarus","SOV_A3":"BLR","ADM0_DIF":0,"LEVEL":2,"TYPE":"Sovereign country","TLC":"1","ADMIN":"Belarus","ADM0_A3":"BLR","GEOU_DIF":0,"GEOUNIT":"Belarus","GU_A3":"BLR","SU_DIF":0,"SUBUNIT":"Belarus","SU_A3":"BLR","BRK_DIFF":0,"NAME":"Belarus","NAME_LONG":"Belarus","BRK_A3":"BLR","BRK_NAME":"Belarus","BRK_GROUP":"","ABBREV":"Bela.","POSTAL":"BY","FORMAL_EN":"Republic of Belarus","FORMAL_FR":"","NAME_CIAWF":"Belarus","NOTE_ADM0":"","NOTE_BRK":"","NAME_SORT":"Belarus","NAME_ALT":"","MAPCOLOR7":1,"MAPCOLOR8":1,"MAPCOLOR9":5,"MAPCOLOR13":11,"POP_EST":9466856,"POP_RANK":13,"POP_YEAR":2019,"GDP_MD":63080,"GDP_YEAR":2019,"ECONOMY":"6. Developing region","INCOME_GRP":"3. Upper middle income","FIPS_10":"BO","ISO_A2":"BY","ISO_A2_EH":"BY","ISO_A3":"BLR","ISO_A3_EH":"BLR","ISO_N3":"112","ISO_N3_EH":"112","UN_A3":"112","WB_A2":"BY","WB_A3":"BLR","WOE_ID":23424765,"WOE_ID_EH":23424765,"WOE_NOTE":"Exact WOE match as country","ADM0_ISO":"BLR","ADM0_DIFF":"","ADM0_TLC":"BLR","ADM0_A3_US":"BLR","ADM0_A3_FR":"BLR","ADM0_A3_RU":"BLR","ADM0_A3_ES":"BLR","ADM0_A3_CN":"BLR","ADM0_A3_TW":"BLR","ADM0_A3_IN":"BLR","ADM0_A3_NP":"BLR","ADM0_A3_PK":"BLR","ADM0_A3_DE":"BLR","ADM0_A3_GB":"BLR","ADM0_A3_BR":"BLR","ADM0_A3_IL":"BLR","ADM0_A3_PS":"BLR","ADM0_A3_SA":"BLR","ADM0_A3_EG":"BLR","ADM0_A3_MA":"BLR","ADM0_A3_PT":"BLR","ADM0_A3_AR":"BLR","ADM0_A3_JP":"BLR","ADM0_A3_KO":"BLR","ADM0_A3_VN":"BLR","ADM0_A3_TR":"BLR","ADM0_A3_ID":"BLR","ADM0_A3_PL":"BLR","ADM0_A3_GR":"BLR","ADM0_A3_IT":"BLR","ADM0_A3_NL":"BLR","ADM0_A3_SE":"BLR","ADM0_A3_BD":"BLR","ADM0_A3_UA":"BLR","ADM0_A3_UN":-99,"ADM0_A3_WB":-99,"CONTINENT":"Europe","REGION_UN":"Europe","SUBREGION":"Eastern Europe","REGION_WB":"Europe & Central Asia","NAME_LEN":7,"LONG_LEN":7,"ABBREV_LEN":5,"TINY":-99,"HOMEPART":1,"MIN_ZOOM":0,"MIN_LABEL":3,"MAX_LABEL":8,"LABEL_X":28.417701,"LABEL_Y":53.821888,"NE_ID":1159320427,"WIKIDATAID":"Q184","NAME_AR":"بيلاروسيا","NAME_BN":"বেলারুশ","NAME_DE":"Belarus","NAME_EN":"Belarus","NAME_ES":"Bielorrusia","NAME_FA":"بلاروس","NAME_FR":"Biélorussie","NAME_EL":"Λευκορωσία","NAME_HE":"בלארוס","NAME_HI":"बेलारूस","NAME_HU":"Fehéroroszország","NAME_ID":"Belarus","NAME_IT":"Bielorussia","NAME_JA":"ベラルーシ","NAME_KO":"벨라루스","NAME_NL":"Wit-Rusland","NAME_PL":"Białoruś","NAME_PT":"Bielorrússia","NAME_RU":"Белоруссия","NAME_SV":"Belarus","NAME_TR":"Beyaz Rusya","NAME_UK":"Білорусь","NAME_UR":"بیلاروس","NAME_VI":"Belarus","NAME_ZH":"白俄罗斯","NAME_ZHT":"白俄羅斯","FCLASS_ISO":"Admin-0 country","TLC_DIFF":"","FCLASS_TLC":"Admin-0 country","FCLASS_US":"","FCLASS_FR":"","FCLASS_RU":"","FCLASS_ES":"","FCLASS_CN":"","FCLASS_TW":"","FCLASS_IN":"","FCLASS_NP":"","FCLASS_PK":"","FCLASS_DE":"","FCLASS_GB":"","FCLASS_BR":"","FCLASS_IL":"","FCLASS_PS":"","FCLASS_SA":"","FCLASS_EG":"","FCLASS_MA":"","FCLASS_PT":"","FCLASS_AR":"","FCLASS_JP":"","FCLASS_KO":"","FCLASS_VN":"","FCLASS_TR":"","FCLASS_ID":"","FCLASS_PL":"","FCLASS_GR":"","FCLASS_IT":"","FCLASS_NL":"","FCLASS_SE":"","FCLASS_BD":"","FCLASS_UA":""}},{"type":"Feature","geometry":{"type":"Polygon","coordinates":[[[9.527539062500011,47.270751953125],[9.580273437500011,47.057373046875],[10.452832031250011,46.86494140625],[11.025097656250011,46.79697265625],[11.244433593750017,46.97568359375],[12.130761718750023,46.984765624999994],[12.388281250000006,46.70263671875],[13.700000000000017,46.520263671875],[14.503515625000006,46.417041015624996],[15.000683593750011,46.6259765625],[15.957617187500006,46.677636718749994],[16.093066406250017,46.86328125],[16.453417968750017,47.006787109375],[16.44287109375,47.39951171875],[17.147363281250023,48.00595703125],[16.953125,48.598828125],[16.477929687500023,48.800097656249996],[16.057226562500006,48.754785156249994],[14.97216796875,48.983935546874996],[14.691308593750023,48.59921875],[14.049121093750017,48.602490234375],[13.814746093750017,48.766943359375],[13.675195312500023,48.523046875],[12.814257812500017,48.16083984375],[13.033593750000023,47.69873046875],[11.716796875,47.58349609375],[11.297949218750006,47.42490234375],[10.430371093750011,47.541064453124996],[10.312792968750017,47.313427734375],[9.524023437500006,47.524218749999996],[9.527539062500011,47.270751953125]]]},"properties":{"featurecla":"Admin-0 map unit","scalerank":1,"LABELRANK":4,"SOVEREIGNT":"Austria","SOV_A3":"AUT","ADM0_DIF":0,"LEVEL":2,"TYPE":"Sovereign country","TLC":"1","ADMIN":"Austria","ADM0_A3":"AUT","GEOU_DIF":0,"GEOUNIT":"Austria","GU_A3":"AUT","SU_DIF":0,"SUBUNIT":"Austria","SU_A3":"AUT","BRK_DIFF":0,"NAME":"Austria","NAME_LONG":"Austria","BRK_A3":"AUT","BRK_NAME":"Austria","BRK_GROUP":"","ABBREV":"Aust.","POSTAL":"A","FORMAL_EN":"Republic of Austria","FORMAL_FR":"","NAME_CIAWF":"Austria","NOTE_ADM0":"","NOTE_BRK":"","NAME_SORT":"Austria","NAME_ALT":"","MAPCOLOR7":3,"MAPCOLOR8":1,"MAPCOLOR9":3,"MAPCOLOR13":4,"POP_EST":8877067,"POP_RANK":13,"POP_YEAR":2019,"GDP_MD":445075,"GDP_YEAR":2019,"ECONOMY":"2. Developed region: nonG7","INCOME_GRP":"1. High income: OECD","FIPS_10":"AU","ISO_A2":"AT","ISO_A2_EH":"AT","ISO_A3":"AUT","ISO_A3_EH":"AUT","ISO_N3":"040","ISO_N3_EH":"040","UN_A3":"040","WB_A2":"AT","WB_A3":"AUT","WOE_ID":23424750,"WOE_ID_EH":23424750,"WOE_NOTE":"Exact WOE match as country","ADM0_ISO":"AUT","ADM0_DIFF":"","ADM0_TLC":"AUT","ADM0_A3_US":"AUT","ADM0_A3_FR":"AUT","ADM0_A3_RU":"AUT","ADM0_A3_ES":"AUT","ADM0_A3_CN":"AUT","ADM0_A3_TW":"AUT","ADM0_A3_IN":"AUT","ADM0_A3_NP":"AUT","ADM0_A3_PK":"AUT","ADM0_A3_DE":"AUT","ADM0_A3_GB":"AUT","ADM0_A3_BR":"AUT","ADM0_A3_IL":"AUT","ADM0_A3_PS":"AUT","ADM0_A3_SA":"AUT","ADM0_A3_EG":"AUT","ADM0_A3_MA":"AUT","ADM0_A3_PT":"AUT","ADM0_A3_AR":"AUT","ADM0_A3_JP":"AUT","ADM0_A3_KO":"AUT","ADM0_A3_VN":"AUT","ADM0_A3_TR":"AUT","ADM0_A3_ID":"AUT","ADM0_A3_PL":"AUT","ADM0_A3_GR":"AUT","ADM0_A3_IT":"AUT","ADM0_A3_NL":"AUT","ADM0_A3_SE":"AUT","ADM0_A3_BD":"AUT","ADM0_A3_UA":"AUT","ADM0_A3_UN":-99,"ADM0_A3_WB":-99,"CONTINENT":"Europe","REGION_UN":"Europe","SUBREGION":"Western Europe","REGION_WB":"Europe & Central Asia","NAME_LEN":7,"LONG_LEN":7,"ABBREV_LEN":5,"TINY":-99,"HOMEPART":1,"MIN_ZOOM":0,"MIN_LABEL":3,"MAX_LABEL":8,"LABEL_X":14.130515,"LABEL_Y":47.518859,"NE_ID":1159320379,"WIKIDATAID":"Q40","NAME_AR":"النمسا","NAME_BN":"অস্ট্রিয়া","NAME_DE":"Österreich","NAME_EN":"Austria","NAME_ES":"Austria","NAME_FA":"اتریش","NAME_FR":"Autriche","NAME_EL":"Αυστρία","NAME_HE":"אוסטריה","NAME_HI":"ऑस्ट्रिया","NAME_HU":"Ausztria","NAME_ID":"Austria","NAME_IT":"Austria","NAME_JA":"オーストリア","NAME_KO":"오스트리아","NAME_NL":"Oostenrijk","NAME_PL":"Austria","NAME_PT":"Áustria","NAME_RU":"Австрия","NAME_SV":"Österrike","NAME_TR":"Avusturya","NAME_UK":"Австрія","NAME_UR":"آسٹریا","NAME_VI":"Áo","NAME_ZH":"奥地利","NAME_ZHT":"奧地利","FCLASS_ISO":"Admin-0 country","TLC_DIFF":"","FCLASS_TLC":"Admin-0 country","FCLASS_US":"","FCLASS_FR":"","FCLASS_RU":"","FCLASS_ES":"","FCLASS_CN":"","FCLASS_TW":"","FCLASS_IN":"","FCLASS_NP":"","FCLASS_PK":"","FCLASS_DE":"","FCLASS_GB":"","FCLASS_BR":"","FCLASS_IL":"","FCLASS_PS":"","FCLASS_SA":"","FCLASS_EG":"","FCLASS_MA":"","FCLASS_PT":"","FCLASS_AR":"","FCLASS_JP":"","FCLASS_KO":"","FCLASS_VN":"","FCLASS_TR":"","FCLASS_ID":"","FCLASS_PL":"","FCLASS_GR":"","FCLASS_IT":"","FCLASS_NL":"","FCLASS_SE":"","FCLASS_BD":"","FCLASS_UA":""}},{"type":"Feature","geometry":{"type":"MultiPolygon","coordinates":[[[[143.17890625,-11.954492187500009],[142.87255859375,-11.821386718750006],[142.83681640625002,-11.306933593750003],[142.45644531250002,-10.707324218750003],[142.16835937500002,-10.946582031250003],[141.95156250000002,-11.896191406250011],[141.677734375,-12.491406250000011],[141.64541015625002,-13.259082031250003],[141.47255859375002,-13.797558593750011],[141.62548828125,-15.056640625],[141.21914062500002,-16.64619140625001],[140.83046875000002,-17.41445312500001],[140.03583984375,-17.70263671875],[139.24843750000002,-17.32861328125],[139.00986328125003,-16.89931640625001],[138.24501953125002,-16.718359375000006],[137.70371093750003,-16.233007812500006],[136.78466796875,-15.894238281250011],[136.20537109375005,-15.403417968750006],[135.53076171875,-15.000390625000009],[135.40517578125002,-14.758203125000009],[135.88339843750003,-14.153125000000003],[135.92734375000003,-13.304296875000006],[136.59433593750003,-13.003808593750009],[136.53701171875002,-12.784277343750006],[136.9474609375,-12.349902343750003],[136.540234375,-11.957617187500006],[136.08183593750005,-12.422460937500006],[135.78847656250002,-11.907031250000003],[135.21796875,-12.2216796875],[134.73027343750005,-11.984375],[132.6828125,-11.505566406250011],[132.58378906250005,-12.110253906250009],[132.3720703125,-12.239160156250009],[131.43828125000005,-12.276953125000006],[130.67236328125,-12.406933593750011],[130.1681640625,-12.957421875000009],[130.259765625,-13.30224609375],[129.8388671875,-13.572949218750011],[129.37871093750005,-14.392480468750009],[129.458984375,-14.933203125000006],[128.1994140625,-14.751757812500003],[127.6728515625,-14.195117187500003],[126.90322265625002,-13.744140625],[126.56972656250002,-14.160937500000003],[126.111328125,-14.114062500000003],[125.1787109375,-14.714746093750009],[124.38164062499999,-15.758203125000009],[124.57685546875001,-16.11367187500001],[123.49042968750001,-16.49072265625],[123.77812499999999,-16.867773437500006],[123.52519531249999,-17.48574218750001],[122.970703125,-16.436816406250003],[122.16025390625003,-17.31367187500001],[122.23740234375003,-17.968554687500003],[121.49355468750002,-19.1064453125],[120.87841796875,-19.6650390625],[119.5859375,-20.03828125000001],[119.1044921875,-19.99531250000001],[118.75146484375,-20.26191406250001],[118.19921875,-20.37519531250001],[117.40625,-20.72119140625],[116.70673828125001,-20.65380859375],[116.01093750000001,-21.030371093750006],[115.45615234375003,-21.49169921875],[114.85908203125001,-21.735937500000006],[114.37773437499999,-22.34150390625001],[113.95839843750002,-21.93916015625001],[113.68281250000001,-22.637792968750006],[113.75703125000001,-23.41816406250001],[113.55292968750001,-23.73281250000001],[113.41767578125001,-24.435644531250006],[114.21425781250002,-25.8515625],[113.58164062500003,-26.55810546875],[114.02812499999999,-27.347265625000006],[114.16513671875003,-28.080664062500006],[114.53740234374999,-28.54287109375001],[114.958984375,-29.43359375],[114.99453125000002,-30.21621093750001],[115.17685546875003,-30.80800781250001],[115.69843750000001,-31.69453125000001],[115.68300781250002,-33.19287109375],[115.181640625,-33.64345703125001],[115.0087890625,-34.255859375],[115.72626953125001,-34.52607421875001],[116.51718750000003,-34.987890625000006],[117.58193359375002,-35.097753906250006],[118.13554687499999,-34.98662109375],[118.89531249999999,-34.47988281250001],[119.45058593750002,-34.368261718750006],[119.85410156250003,-33.974707031250006],[121.40507812499999,-33.826757812500006],[122.15097656250003,-33.991796875000006],[122.77753906250001,-33.89082031250001],[123.20761718750003,-33.98828125],[123.650390625,-33.83632812500001],[124.12607421875003,-33.12939453125],[125.91718750000001,-32.296972656250006],[127.31982421875,-32.26406250000001],[128.06767578125005,-32.066503906250006],[128.94619140625002,-31.70263671875],[131.14365234375003,-31.495703125000006],[132.21464843750005,-32.00712890625],[132.75742187500003,-31.95625000000001],[133.55136718750003,-32.18291015625],[134.23417968750005,-32.54853515625001],[134.30126953125,-33.1650390625],[134.791015625,-33.32832031250001],[135.18544921875002,-33.90673828125],[135.64755859375003,-34.93964843750001],[136.4306640625,-34.02998046875001],[137.2373046875,-33.629492187500006],[137.44228515625002,-33.19355468750001],[137.85234375000005,-33.200781250000006],[137.9318359375,-33.5791015625],[137.49384765625,-34.1611328125],[137.39101562500002,-34.91328125000001],[137.01425781250003,-34.9158203125],[136.88359375000005,-35.23974609375],[137.69169921875005,-35.14296875000001],[138.08925781250002,-34.16982421875001],[138.51113281250002,-35.0244140625],[138.18437500000005,-35.61269531250001],[139.03769531250003,-35.6892578125],[139.54873046875002,-36.0966796875],[139.85732421875002,-36.662109375],[139.78427734375003,-37.24580078125001],[140.62724609375005,-38.028417968750006],[141.42421875000002,-38.36347656250001],[141.72500000000002,-38.271386718749994],[142.61210937500005,-38.45166015625],[143.53896484375002,-38.820898437500006],[144.665234375,-38.2099609375],[144.89130859375,-37.89980468750001],[145.39726562500005,-38.53535156250001],[145.93535156250005,-38.901757812499994],[146.85683593750002,-38.663476562499994],[147.39560546875003,-38.219140624999994],[148.26250000000005,-37.830664062500006],[149.29843750000003,-37.80214843750001],[149.93271484375003,-37.52851562500001],[149.96025390625005,-36.8455078125],[150.1953125,-35.833593750000006],[150.69033203125002,-35.177734375],[150.96035156250002,-34.29707031250001],[151.23154296875003,-34.02968750000001],[151.48378906250002,-33.3474609375],[151.81289062500002,-32.90107421875001],[152.47041015625,-32.439062500000006],[152.55927734375,-32.045703125],[152.94394531250003,-31.434863281250003],[153.03056640625005,-30.56337890625001],[153.27236328125002,-29.89248046875001],[153.34804687500002,-29.29042968750001],[153.60458984375003,-28.8544921875],[153.57568359375,-28.240527343750003],[153.11679687500003,-27.194433593750006],[153.16494140625002,-25.964160156250003],[152.91347656250002,-25.43212890625],[151.90273437500002,-24.200976562500003],[151.50078125000005,-24.01240234375001],[150.84316406250002,-23.4580078125],[150.7638671875,-22.576171875],[150.076171875,-22.16445312500001],[149.70390625000005,-22.440527343750006],[149.20488281250005,-21.125097656250006],[148.68369140625003,-20.580175781250006],[148.75937500000003,-20.28955078125],[147.91562500000003,-19.869238281250006],[147.41855468750003,-19.37812500000001],[147.13876953125003,-19.393164062500006],[146.48115234375,-19.078710937500006],[146.333203125,-18.5537109375],[146.0322265625,-18.27285156250001],[146.12587890625002,-17.63525390625],[145.90195312500003,-17.07021484375001],[145.42607421875005,-16.40615234375001],[145.27158203125003,-15.476660156250006],[145.28769531250003,-14.943164062500003],[144.47304687500002,-14.231835937500009],[143.75634765625,-14.348828125000011],[143.4015625,-12.639941406250003],[143.11025390625002,-12.303515625000003],[143.17890625,-11.954492187500009]]],[[[136.71464843750005,-13.803906250000011],[136.36328125,-14.228906250000009],[136.89433593750005,-14.293066406250006],[136.71464843750005,-13.803906250000011]]],[[[130.61884765625,-11.376074218750006],[130.95097656250005,-11.926464843750011],[131.53857421875,-11.436914062500009],[131.26826171875,-11.189843750000009],[130.61884765625,-11.376074218750006]]],[[[137.59648437500005,-35.73867187500001],[137.33408203125003,-35.59248046875001],[136.638671875,-35.748828125],[136.755078125,-36.03310546875001],[137.4484375,-36.074804687500006],[137.59648437500005,-35.73867187500001]]],[[[145.04296875,-40.786718750000006],[144.64609375000003,-40.980859374999994],[144.77792968750003,-41.418847656249994],[145.23818359375002,-42.019628906250006],[145.26816406250003,-42.544335937499994],[146.0431640625,-43.54716796875002],[146.87392578125002,-43.61250000000001],[147.40800781250005,-42.89384765625002],[147.98085937500002,-43.15703125000002],[147.92441406250003,-42.57246093750001],[148.31572265625005,-41.927734375],[148.29287109375002,-40.94707031250002],[147.96875,-40.77958984375002],[147.45478515625,-41.00166015625001],[146.31748046875003,-41.163476562499994],[145.28300781250005,-40.769921874999994],[145.04296875,-40.786718750000006]]]]},"properties":{"featurecla":"Admin-0 map unit","scalerank":1,"LABELRANK":2,"SOVEREIGNT":"Australia","SOV_A3":"AU1","ADM0_DIF":1,"LEVEL":2,"TYPE":"Country","TLC":"1","ADMIN":"Australia","ADM0_A3":"AUS","GEOU_DIF":0,"GEOUNIT":"Australia","GU_A3":"AUS","SU_DIF":0,"SUBUNIT":"Australia","SU_A3":"AUS","BRK_DIFF":0,"NAME":"Australia","NAME_LONG":"Australia","BRK_A3":"AUS","BRK_NAME":"Australia","BRK_GROUP":"","ABBREV":"Auz.","POSTAL":"AU","FORMAL_EN":"Commonwealth of Australia","FORMAL_FR":"","NAME_CIAWF":"Australia","NOTE_ADM0":"","NOTE_BRK":"","NAME_SORT":"Australia","NAME_ALT":"","MAPCOLOR7":1,"MAPCOLOR8":2,"MAPCOLOR9":2,"MAPCOLOR13":7,"POP_EST":25364307,"POP_RANK":15,"POP_YEAR":2019,"GDP_MD":1396567,"GDP_YEAR":2019,"ECONOMY":"2. Developed region: nonG7","INCOME_GRP":"1. High income: OECD","FIPS_10":"AS","ISO_A2":"AU","ISO_A2_EH":"AU","ISO_A3":"AUS","ISO_A3_EH":"AUS","ISO_N3":"036","ISO_N3_EH":"036","UN_A3":"036","WB_A2":"AU","WB_A3":"AUS","WOE_ID":-90,"WOE_ID_EH":23424748,"WOE_NOTE":"Includes Ashmore and Cartier Islands (23424749) and Coral Sea Islands (23424790).","ADM0_ISO":"AUS","ADM0_DIFF":"","ADM0_TLC":"AUS","ADM0_A3_US":"AUS","ADM0_A3_FR":"AUS","ADM0_A3_RU":"AUS","ADM0_A3_ES":"AUS","ADM0_A3_CN":"AUS","ADM0_A3_TW":"AUS","ADM0_A3_IN":"AUS","ADM0_A3_NP":"AUS","ADM0_A3_PK":"AUS","ADM0_A3_DE":"AUS","ADM0_A3_GB":"AUS","ADM0_A3_BR":"AUS","ADM0_A3_IL":"AUS","ADM0_A3_PS":"AUS","ADM0_A3_SA":"AUS","ADM0_A3_EG":"AUS","ADM0_A3_MA":"AUS","ADM0_A3_PT":"AUS","ADM0_A3_AR":"AUS","ADM0_A3_JP":"AUS","ADM0_A3_KO":"AUS","ADM0_A3_VN":"AUS","ADM0_A3_TR":"AUS","ADM0_A3_ID":"AUS","ADM0_A3_PL":"AUS","ADM0_A3_GR":"AUS","ADM0_A3_IT":"AUS","ADM0_A3_NL":"AUS","ADM0_A3_SE":"AUS","ADM0_A3_BD":"AUS","ADM0_A3_UA":"AUS","ADM0_A3_UN":-99,"ADM0_A3_WB":-99,"CONTINENT":"Oceania","REGION_UN":"Oceania","SUBREGION":"Australia and New Zealand","REGION_WB":"East Asia & Pacific","NAME_LEN":9,"LONG_LEN":9,"ABBREV_LEN":4,"TINY":-99,"HOMEPART":1,"MIN_ZOOM":0,"MIN_LABEL":1.7,"MAX_LABEL":5.7,"LABEL_X":134.04972,"LABEL_Y":-24.129522,"NE_ID":1159320355,"WIKIDATAID":"Q408","NAME_AR":"أستراليا","NAME_BN":"অস্ট্রেলিয়া","NAME_DE":"Australien","NAME_EN":"Australia","NAME_ES":"Australia","NAME_FA":"استرالیا","NAME_FR":"Australie","NAME_EL":"Αυστραλία","NAME_HE":"אוסטרליה","NAME_HI":"ऑस्ट्रेलिया","NAME_HU":"Ausztrália","NAME_ID":"Australia","NAME_IT":"Australia","NAME_JA":"オーストラリア","NAME_KO":"오스트레일리아","NAME_NL":"Australië","NAME_PL":"Australia","NAME_PT":"Austrália","NAME_RU":"Австралия","NAME_SV":"Australien","NAME_TR":"Avustralya","NAME_UK":"Австралія","NAME_UR":"آسٹریلیا","NAME_VI":"Úc","NAME_ZH":"澳大利亚","NAME_ZHT":"澳大利亞","FCLASS_ISO":"Admin-0 country","TLC_DIFF":"","FCLASS_TLC":"Admin-0 country","FCLASS_US":"","FCLASS_FR":"","FCLASS_RU":"","FCLASS_ES":"","FCLASS_CN":"","FCLASS_TW":"","FCLASS_IN":"","FCLASS_NP":"","FCLASS_PK":"","FCLASS_DE":"","FCLASS_GB":"","FCLASS_BR":"","FCLASS_IL":"","FCLASS_PS":"","FCLASS_SA":"","FCLASS_EG":"","FCLASS_MA":"","FCLASS_PT":"","FCLASS_AR":"","FCLASS_JP":"","FCLASS_KO":"","FCLASS_VN":"","FCLASS_TR":"","FCLASS_ID":"","FCLASS_PL":"","FCLASS_GR":"","FCLASS_IT":"","FCLASS_NL":"","FCLASS_SE":"","FCLASS_BD":"","FCLASS_UA":""}},{"type":"Feature","geometry":{"type":"Polygon","coordinates":[[[73.70742187500002,-53.137109374999994],[73.58574218750002,-53.02714843750002],[73.38808593750002,-52.999902343749994],[73.46513671875002,-53.184179687500006],[73.70742187500002,-53.137109374999994]]]},"properties":{"featurecla":"Admin-0 map unit","scalerank":5,"LABELRANK":5,"SOVEREIGNT":"Australia","SOV_A3":"AU1","ADM0_DIF":1,"LEVEL":2,"TYPE":"Dependency","TLC":"1","ADMIN":"Heard Island and McDonald Islands","ADM0_A3":"HMD","GEOU_DIF":0,"GEOUNIT":"Heard Island and McDonald Islands","GU_A3":"HMD","SU_DIF":0,"SUBUNIT":"Heard Island and McDonald Islands","SU_A3":"HMD","BRK_DIFF":0,"NAME":"Heard I. and McDonald Is.","NAME_LONG":"Heard I. and McDonald Islands","BRK_A3":"HMD","BRK_NAME":"Heard I. and McDonald Is.","BRK_GROUP":"","ABBREV":"H.M.Is.","POSTAL":"HM","FORMAL_EN":"Territory of Heard Island and McDonald Islands","FORMAL_FR":"","NAME_CIAWF":"","NOTE_ADM0":"Auz.","NOTE_BRK":"","NAME_SORT":"Heard Island and McDonald Islands","NAME_ALT":"","MAPCOLOR7":1,"MAPCOLOR8":2,"MAPCOLOR9":2,"MAPCOLOR13":7,"POP_EST":0,"POP_RANK":1,"POP_YEAR":2019,"GDP_MD":0,"GDP_YEAR":2016,"ECONOMY":"7. Least developed region","INCOME_GRP":"5. Low income","FIPS_10":"HM","ISO_A2":"HM","ISO_A2_EH":"HM","ISO_A3":"HMD","ISO_A3_EH":"HMD","ISO_N3":"334","ISO_N3_EH":"334","UN_A3":"-099","WB_A2":"-99","WB_A3":"-99","WOE_ID":28289411,"WOE_ID_EH":28289411,"WOE_NOTE":"Exact WOE match as country","ADM0_ISO":"HMD","ADM0_DIFF":"","ADM0_TLC":"HMD","ADM0_A3_US":"HMD","ADM0_A3_FR":"HMD","ADM0_A3_RU":"HMD","ADM0_A3_ES":"HMD","ADM0_A3_CN":"HMD","ADM0_A3_TW":"HMD","ADM0_A3_IN":"HMD","ADM0_A3_NP":"HMD","ADM0_A3_PK":"HMD","ADM0_A3_DE":"HMD","ADM0_A3_GB":"HMD","ADM0_A3_BR":"HMD","ADM0_A3_IL":"HMD","ADM0_A3_PS":"HMD","ADM0_A3_SA":"HMD","ADM0_A3_EG":"HMD","ADM0_A3_MA":"HMD","ADM0_A3_PT":"HMD","ADM0_A3_AR":"HMD","ADM0_A3_JP":"HMD","ADM0_A3_KO":"HMD","ADM0_A3_VN":"HMD","ADM0_A3_TR":"HMD","ADM0_A3_ID":"HMD","ADM0_A3_PL":"HMD","ADM0_A3_GR":"HMD","ADM0_A3_IT":"HMD","ADM0_A3_NL":"HMD","ADM0_A3_SE":"HMD","ADM0_A3_BD":"HMD","ADM0_A3_UA":"HMD","ADM0_A3_UN":-99,"ADM0_A3_WB":-99,"CONTINENT":"Seven seas (open ocean)","REGION_UN":"Africa","SUBREGION":"Seven seas (open ocean)","REGION_WB":"Sub-Saharan Africa","NAME_LEN":25,"LONG_LEN":29,"ABBREV_LEN":7,"TINY":-99,"HOMEPART":-99,"MIN_ZOOM":0,"MIN_LABEL":4.5,"MAX_LABEL":9.5,"LABEL_X":73.50521,"LABEL_Y":-53.103462,"NE_ID":1159320361,"WIKIDATAID":"Q131198","NAME_AR":"جزيرة هيرد وجزر ماكدونالد","NAME_BN":"হার্ড দ্বীপ এবং ম্যাকডোনাল্ড দ্বীপপুঞ্জ","NAME_DE":"Heard und McDonaldinseln","NAME_EN":"Heard Island and McDonald Islands","NAME_ES":"Islas Heard y McDonald","NAME_FA":"جزیره هرد و جزایر مکدونالد","NAME_FR":"îles Heard-et-MacDonald","NAME_EL":"Νήσοι Χερντ και Μακντόναλντ","NAME_HE":"האי הרד ואיי מקדונלד","NAME_HI":"हर्ड द्वीप और मैकडोनाल्ड द्वीप","NAME_HU":"Heard-sziget és McDonald-szigetek","NAME_ID":"Pulau Heard dan Kepulauan McDonald","NAME_IT":"Isole Heard e McDonald","NAME_JA":"ハード島とマクドナルド諸島","NAME_KO":"허드 맥도널드 제도","NAME_NL":"Heard en McDonaldeilanden","NAME_PL":"Wyspy Heard i McDonalda","NAME_PT":"Ilha Heard e Ilhas McDonald","NAME_RU":"Остров Херд и острова Макдональд","NAME_SV":"Heard- och McDonaldöarna","NAME_TR":"Heard Adası ve McDonald Adaları","NAME_UK":"Острів Герд і острови Макдональд","NAME_UR":"جزیرہ ہرڈ و جزائر مکڈونلڈ","NAME_VI":"Đảo Heard và quần đảo McDonald","NAME_ZH":"赫德岛和麦克唐纳群岛","NAME_ZHT":"赫德島和麥克唐納群島","FCLASS_ISO":"Admin-0 dependency","TLC_DIFF":"","FCLASS_TLC":"Admin-0 dependency","FCLASS_US":"","FCLASS_FR":"","FCLASS_RU":"","FCLASS_ES":"","FCLASS_CN":"","FCLASS_TW":"","FCLASS_IN":"","FCLASS_NP":"","FCLASS_PK":"","FCLASS_DE":"","FCLASS_GB":"","FCLASS_BR":"","FCLASS_IL":"","FCLASS_PS":"","FCLASS_SA":"","FCLASS_EG":"","FCLASS_MA":"","FCLASS_PT":"","FCLASS_AR":"","FCLASS_JP":"","FCLASS_KO":"","FCLASS_VN":"","FCLASS_TR":"","FCLASS_ID":"","FCLASS_PL":"","FCLASS_GR":"","FCLASS_IT":"","FCLASS_NL":"","FCLASS_SE":"","FCLASS_BD":"","FCLASS_UA":""}},{"type":"Feature","geometry":{"type":"MultiPolygon","coordinates":[[[[-57.60888671875,-30.187792968750003],[-56.938623046874994,-29.594824218750006],[-55.725488281249994,-28.2041015625],[-55.101513671875,-27.866796875000006],[-54.8291015625,-27.550585937500003],[-53.83818359374999,-27.12109375],[-53.671289062499994,-26.22509765625],[-53.89116210937499,-25.66884765625001],[-54.615869140624994,-25.57607421875001],[-54.755078125,-26.53291015625001],[-55.426660156249994,-27.00927734375],[-55.789990234375,-27.41640625000001],[-56.1640625,-27.32148437500001],[-56.437158203124994,-27.553808593750006],[-58.641748046874994,-27.196093750000003],[-58.191308593749994,-26.629980468750006],[-57.587158203125,-25.405078125000003],[-57.821679687499994,-25.13642578125001],[-58.365380859374994,-24.959277343750003],[-59.372949218749994,-24.453906250000003],[-59.892480468749994,-24.093554687500003],[-61.03291015625,-23.755664062500003],[-61.79853515625,-23.18203125000001],[-62.65097656249999,-22.233691406250003],[-62.84335937499999,-21.99726562500001],[-63.97612304687499,-22.072558593750003],[-64.373974609375,-22.761035156250003],[-64.60551757812499,-22.228808593750003],[-65.77104492187499,-22.099609375],[-66.098583984375,-21.835058593750006],[-66.71171874999999,-22.21630859375],[-67.19487304687499,-22.82167968750001],[-67.0087890625,-23.00136718750001],[-67.356201171875,-24.033789062500006],[-68.25029296874999,-24.39199218750001],[-68.56201171875,-24.837695312500003],[-68.60029296875,-25.485644531250003],[-68.414501953125,-26.15371093750001],[-68.58115234374999,-26.518359375000003],[-68.34599609374999,-27.027929687500006],[-68.846337890625,-27.15371093750001],[-69.17441406249999,-27.92470703125001],[-69.65693359375,-28.41357421875],[-69.827880859375,-29.10322265625001],[-70.026806640625,-29.324023437500003],[-69.95634765624999,-30.358203125000003],[-70.16142578124999,-30.440234375000003],[-70.51958007812499,-31.1484375],[-70.585205078125,-31.569433593750006],[-70.16962890625,-32.4716796875],[-69.85244140625,-34.22431640625001],[-70.28994140625,-34.73281250000001],[-70.47041015625,-35.326171875],[-70.40478515625,-36.06171875000001],[-71.05551757812499,-36.52373046875],[-71.16757812499999,-37.762304687500006],[-70.951611328125,-38.73847656250001],[-71.42558593749999,-38.98564453125002],[-71.719921875,-39.63525390625],[-71.6953125,-40.33525390625002],[-71.93212890625,-40.69169921875002],[-71.911279296875,-41.650390625],[-71.7609375,-42.101464843749994],[-72.12460937499999,-42.29833984375],[-72.146435546875,-42.99003906250002],[-71.680078125,-43.929589843749994],[-71.82001953125,-44.38310546875002],[-71.21259765625,-44.44121093750002],[-71.353759765625,-45.23046875],[-71.77265625,-45.72441406250002],[-71.87568359375,-46.160546874999994],[-71.69521484375,-46.57841796875002],[-71.90498046875,-47.20166015625],[-72.345947265625,-47.49267578125],[-72.51791992187499,-47.876367187499994],[-72.354736328125,-48.365820312500006],[-72.614404296875,-48.792871093749994],[-73.57626953124999,-49.582910156249994],[-73.50126953124999,-50.12529296875002],[-73.15292968749999,-50.73828125],[-72.50981445312499,-50.607519531250006],[-72.276318359375,-50.910253906250006],[-72.407666015625,-51.54082031250002],[-71.91865234375,-51.98955078125002],[-69.96025390624999,-52.008203124999994],[-68.443359375,-52.35664062500001],[-69.03251953124999,-51.63623046875],[-69.23515624999999,-50.950585937499994],[-68.939453125,-50.38232421875],[-67.78349609374999,-49.85888671875],[-67.68486328124999,-49.246679687500006],[-67.03310546875,-48.62773437500002],[-66.39335937499999,-48.342382812500006],[-65.91215820312499,-47.97675781250001],[-65.73808593749999,-47.34492187500001],[-65.99853515625,-47.09375],[-66.77685546875,-47.005859375],[-67.56337890625,-46.34541015625001],[-67.556640625,-45.970117187499994],[-66.94140625,-45.25732421875],[-66.19013671875,-44.964746093749994],[-65.63876953124999,-45.0078125],[-65.361279296875,-44.47734375000002],[-65.28359375,-43.629980468750006],[-64.715234375,-43.13554687500002],[-64.65048828124999,-42.53144531250001],[-64.13066406249999,-42.861425781250006],[-63.69248046874999,-42.805273437500006],[-63.5958984375,-42.40654296875002],[-64.57099609375,-42.416015625],[-65.05908203125,-41.96992187500001],[-65.15498046875,-41.10566406250001],[-64.91689453125,-40.731347656249994],[-63.77299804687499,-41.150000000000006],[-62.95903320312499,-41.10966796875002],[-62.39501953125,-40.89082031250001],[-62.28691406249999,-39.89531250000002],[-62.053662109375,-39.37382812500002],[-62.06689453125,-38.91914062500001],[-61.112207031249994,-38.99296875000002],[-59.8283203125,-38.83818359375002],[-58.17919921875,-38.43583984375002],[-57.54697265624999,-38.08564453125001],[-56.672021484374994,-36.85126953125001],[-56.69809570312499,-36.42646484375001],[-57.26499023437499,-36.144140625000006],[-57.303662109375,-35.1884765625],[-58.283349609374994,-34.68349609375001],[-58.54721679687499,-33.66347656250001],[-58.424462890624994,-33.11152343750001],[-58.17099609374999,-32.95927734375],[-58.201171875,-32.4716796875],[-58.18901367187499,-31.92421875000001],[-57.60888671875,-30.187792968750003]]],[[[-68.65322265625,-54.853613281250006],[-68.2201171875,-54.81757812500001],[-66.93046874999999,-54.924902343750006],[-66.5111328125,-55.032128906249994],[-65.34599609374999,-54.8779296875],[-65.369287109375,-54.63212890625002],[-66.23564453124999,-54.53349609375002],[-67.29423828124999,-54.0498046875],[-68.00849609375,-53.564062500000006],[-68.33876953125,-52.90009765625001],[-68.62993164062499,-52.65263671875002],[-68.65322265625,-54.853613281250006]]]]},"properties":{"featurecla":"Admin-0 map unit","scalerank":1,"LABELRANK":2,"SOVEREIGNT":"Argentina","SOV_A3":"ARG","ADM0_DIF":0,"LEVEL":2,"TYPE":"Sovereign country","TLC":"1","ADMIN":"Argentina","ADM0_A3":"ARG","GEOU_DIF":0,"GEOUNIT":"Argentina","GU_A3":"ARG","SU_DIF":0,"SUBUNIT":"Argentina","SU_A3":"ARG","BRK_DIFF":0,"NAME":"Argentina","NAME_LONG":"Argentina","BRK_A3":"ARG","BRK_NAME":"Argentina","BRK_GROUP":"","ABBREV":"Arg.","POSTAL":"AR","FORMAL_EN":"Argentine Republic","FORMAL_FR":"","NAME_CIAWF":"Argentina","NOTE_ADM0":"","NOTE_BRK":"","NAME_SORT":"Argentina","NAME_ALT":"","MAPCOLOR7":3,"MAPCOLOR8":1,"MAPCOLOR9":3,"MAPCOLOR13":13,"POP_EST":44938712,"POP_RANK":15,"POP_YEAR":2019,"GDP_MD":445445,"GDP_YEAR":2019,"ECONOMY":"5. Emerging region: G20","INCOME_GRP":"3. Upper middle income","FIPS_10":"AR","ISO_A2":"AR","ISO_A2_EH":"AR","ISO_A3":"ARG","ISO_A3_EH":"ARG","ISO_N3":"032","ISO_N3_EH":"032","UN_A3":"032","WB_A2":"AR","WB_A3":"ARG","WOE_ID":23424747,"WOE_ID_EH":23424747,"WOE_NOTE":"Exact WOE match as country","ADM0_ISO":"ARG","ADM0_DIFF":"","ADM0_TLC":"ARG","ADM0_A3_US":"ARG","ADM0_A3_FR":"ARG","ADM0_A3_RU":"ARG","ADM0_A3_ES":"ARG","ADM0_A3_CN":"ARG","ADM0_A3_TW":"ARG","ADM0_A3_IN":"ARG","ADM0_A3_NP":"ARG","ADM0_A3_PK":"ARG","ADM0_A3_DE":"ARG","ADM0_A3_GB":"ARG","ADM0_A3_BR":"ARG","ADM0_A3_IL":"ARG","ADM0_A3_PS":"ARG","ADM0_A3_SA":"ARG","ADM0_A3_EG":"ARG","ADM0_A3_MA":"ARG","ADM0_A3_PT":"ARG","ADM0_A3_AR":"ARG","ADM0_A3_JP":"ARG","ADM0_A3_KO":"ARG","ADM0_A3_VN":"ARG","ADM0_A3_TR":"ARG","ADM0_A3_ID":"ARG","ADM0_A3_PL":"ARG","ADM0_A3_GR":"ARG","ADM0_A3_IT":"ARG","ADM0_A3_NL":"ARG","ADM0_A3_SE":"ARG","ADM0_A3_BD":"ARG","ADM0_A3_UA":"ARG","ADM0_A3_UN":-99,"ADM0_A3_WB":-99,"CONTINENT":"South America","REGION_UN":"Americas","SUBREGION":"South America","REGION_WB":"Latin America & Caribbean","NAME_LEN":9,"LONG_LEN":9,"ABBREV_LEN":4,"TINY":-99,"HOMEPART":1,"MIN_ZOOM":0,"MIN_LABEL":2,"MAX_LABEL":7,"LABEL_X":-64.173331,"LABEL_Y":-33.501159,"NE_ID":1159320331,"WIKIDATAID":"Q414","NAME_AR":"الأرجنتين","NAME_BN":"আর্জেন্টিনা","NAME_DE":"Argentinien","NAME_EN":"Argentina","NAME_ES":"Argentina","NAME_FA":"آرژانتین","NAME_FR":"Argentine","NAME_EL":"Αργεντινή","NAME_HE":"ארגנטינה","NAME_HI":"अर्जेण्टीना","NAME_HU":"Argentína","NAME_ID":"Argentina","NAME_IT":"Argentina","NAME_JA":"アルゼンチン","NAME_KO":"아르헨티나","NAME_NL":"Argentinië","NAME_PL":"Argentyna","NAME_PT":"Argentina","NAME_RU":"Аргентина","NAME_SV":"Argentina","NAME_TR":"Arjantin","NAME_UK":"Аргентина","NAME_UR":"ارجنٹائن","NAME_VI":"Argentina","NAME_ZH":"阿根廷","NAME_ZHT":"阿根廷","FCLASS_ISO":"Admin-0 country","TLC_DIFF":"","FCLASS_TLC":"Admin-0 country","FCLASS_US":"","FCLASS_FR":"","FCLASS_RU":"","FCLASS_ES":"","FCLASS_CN":"","FCLASS_TW":"","FCLASS_IN":"","FCLASS_NP":"","FCLASS_PK":"","FCLASS_DE":"","FCLASS_GB":"","FCLASS_BR":"","FCLASS_IL":"","FCLASS_PS":"","FCLASS_SA":"","FCLASS_EG":"","FCLASS_MA":"","FCLASS_PT":"","FCLASS_AR":"","FCLASS_JP":"","FCLASS_KO":"","FCLASS_VN":"","FCLASS_TR":"","FCLASS_ID":"","FCLASS_PL":"","FCLASS_GR":"","FCLASS_IT":"","FCLASS_NL":"","FCLASS_SE":"","FCLASS_BD":"","FCLASS_UA":""}},{"type":"Feature","geometry":{"type":"Polygon","coordinates":[[[1.7060546875,42.503320312499994],[1.4283203125000057,42.5958984375],[1.4862304687500227,42.434472656249994],[1.7060546875,42.503320312499994]]]},"properties":{"featurecla":"Admin-0 map unit","scalerank":3,"LABELRANK":6,"SOVEREIGNT":"Andorra","SOV_A3":"AND","ADM0_DIF":0,"LEVEL":2,"TYPE":"Sovereign country","TLC":"1","ADMIN":"Andorra","ADM0_A3":"AND","GEOU_DIF":0,"GEOUNIT":"Andorra","GU_A3":"AND","SU_DIF":0,"SUBUNIT":"Andorra","SU_A3":"AND","BRK_DIFF":0,"NAME":"Andorra","NAME_LONG":"Andorra","BRK_A3":"AND","BRK_NAME":"Andorra","BRK_GROUP":"","ABBREV":"And.","POSTAL":"AND","FORMAL_EN":"Principality of Andorra","FORMAL_FR":"","NAME_CIAWF":"Andorra","NOTE_ADM0":"","NOTE_BRK":"","NAME_SORT":"Andorra","NAME_ALT":"","MAPCOLOR7":1,"MAPCOLOR8":4,"MAPCOLOR9":1,"MAPCOLOR13":8,"POP_EST":77142,"POP_RANK":8,"POP_YEAR":2019,"GDP_MD":3154,"GDP_YEAR":2019,"ECONOMY":"2. Developed region: nonG7","INCOME_GRP":"2. High income: nonOECD","FIPS_10":"AN","ISO_A2":"AD","ISO_A2_EH":"AD","ISO_A3":"AND","ISO_A3_EH":"AND","ISO_N3":"020","ISO_N3_EH":"020","UN_A3":"020","WB_A2":"AD","WB_A3":"ADO","WOE_ID":23424744,"WOE_ID_EH":23424744,"WOE_NOTE":"Exact WOE match as country","ADM0_ISO":"AND","ADM0_DIFF":"","ADM0_TLC":"AND","ADM0_A3_US":"AND","ADM0_A3_FR":"AND","ADM0_A3_RU":"AND","ADM0_A3_ES":"AND","ADM0_A3_CN":"AND","ADM0_A3_TW":"AND","ADM0_A3_IN":"AND","ADM0_A3_NP":"AND","ADM0_A3_PK":"AND","ADM0_A3_DE":"AND","ADM0_A3_GB":"AND","ADM0_A3_BR":"AND","ADM0_A3_IL":"AND","ADM0_A3_PS":"AND","ADM0_A3_SA":"AND","ADM0_A3_EG":"AND","ADM0_A3_MA":"AND","ADM0_A3_PT":"AND","ADM0_A3_AR":"AND","ADM0_A3_JP":"AND","ADM0_A3_KO":"AND","ADM0_A3_VN":"AND","ADM0_A3_TR":"AND","ADM0_A3_ID":"AND","ADM0_A3_PL":"AND","ADM0_A3_GR":"AND","ADM0_A3_IT":"AND","ADM0_A3_NL":"AND","ADM0_A3_SE":"AND","ADM0_A3_BD":"AND","ADM0_A3_UA":"AND","ADM0_A3_UN":-99,"ADM0_A3_WB":-99,"CONTINENT":"Europe","REGION_UN":"Europe","SUBREGION":"Southern Europe","REGION_WB":"Europe & Central Asia","NAME_LEN":7,"LONG_LEN":7,"ABBREV_LEN":4,"TINY":5,"HOMEPART":1,"MIN_ZOOM":0,"MIN_LABEL":5,"MAX_LABEL":10,"LABEL_X":1.539409,"LABEL_Y":42.547643,"NE_ID":1159320327,"WIKIDATAID":"Q228","NAME_AR":"أندورا","NAME_BN":"অ্যান্ডোরা","NAME_DE":"Andorra","NAME_EN":"Andorra","NAME_ES":"Andorra","NAME_FA":"آندورا","NAME_FR":"Andorre","NAME_EL":"Ανδόρρα","NAME_HE":"אנדורה","NAME_HI":"अण्डोरा","NAME_HU":"Andorra","NAME_ID":"Andorra","NAME_IT":"Andorra","NAME_JA":"アンドラ","NAME_KO":"안도라","NAME_NL":"Andorra","NAME_PL":"Andora","NAME_PT":"Andorra","NAME_RU":"Андорра","NAME_SV":"Andorra","NAME_TR":"Andorra","NAME_UK":"Андорра","NAME_UR":"انڈورا","NAME_VI":"Andorra","NAME_ZH":"安道尔","NAME_ZHT":"安道爾","FCLASS_ISO":"Admin-0 country","TLC_DIFF":"","FCLASS_TLC":"Admin-0 country","FCLASS_US":"","FCLASS_FR":"","FCLASS_RU":"","FCLASS_ES":"","FCLASS_CN":"","FCLASS_TW":"","FCLASS_IN":"","FCLASS_NP":"","FCLASS_PK":"","FCLASS_DE":"","FCLASS_GB":"","FCLASS_BR":"","FCLASS_IL":"","FCLASS_PS":"","FCLASS_SA":"","FCLASS_EG":"","FCLASS_MA":"","FCLASS_PT":"","FCLASS_AR":"","FCLASS_JP":"","FCLASS_KO":"","FCLASS_VN":"","FCLASS_TR":"","FCLASS_ID":"","FCLASS_PL":"","FCLASS_GR":"","FCLASS_IT":"","FCLASS_NL":"","FCLASS_SE":"","FCLASS_BD":"","FCLASS_UA":""}},{"type":"Feature","geometry":{"type":"MultiPolygon","coordinates":[[[[-57.020654296874994,-63.37285156250002],[-57.3896484375,-63.22626953125001],[-58.8720703125,-63.551855468750006],[-59.510156249999994,-63.82070312500002],[-60.864160156249994,-64.07343750000001],[-61.631787109375,-64.60468750000001],[-62.57622070312499,-64.75566406250002],[-63.26416015625,-65.07314453125002],[-63.76025390625,-65.03349609375002],[-64.613525390625,-66.01904296875],[-65.61728515624999,-66.13525390625],[-65.84746093749999,-66.64980468750002],[-66.37089843749999,-66.60888671875],[-66.610009765625,-67.20859375],[-67.16015625,-66.9517578125],[-67.493359375,-67.11279296875],[-67.48691406249999,-67.54697265625],[-66.91538085937499,-67.69257812500001],[-67.149853515625,-68.02460937500001],[-66.793359375,-68.24042968750001],[-67.11689453125,-68.5748046875],[-66.97490234374999,-69.16103515625002],[-67.37177734375,-69.41230468750001],[-68.140869140625,-69.34755859375002],[-68.46982421874999,-69.64384765625002],[-68.4033203125,-70.01972656250001],[-67.88847656249999,-70.42167968750002],[-67.50458984375,-71.05781250000001],[-67.4603515625,-71.52675781250002],[-66.82773437499999,-72.0904296875],[-67.66708984374999,-72.8345703125],[-68.820947265625,-73.10546875],[-70.32265625,-73.2740234375],[-72.92919921875,-73.44794921875001],[-73.996044921875,-73.6998046875],[-75.29306640624999,-73.63876953125],[-76.2912109375,-73.80537109375001],[-76.75498046874999,-73.78945312500002],[-76.85048828125,-73.46044921875],[-78.407861328125,-73.55576171875],[-79.521728515625,-73.08955078125001],[-80.44223632812499,-72.94453125000001],[-81.26240234375,-73.31494140625],[-81.308740234375,-73.73828125],[-82.18349609375,-73.85683593750002],[-84.981201171875,-73.50205078125],[-85.801416015625,-73.19208984375001],[-86.60214843749999,-73.35371093750001],[-87.401025390625,-73.1919921875],[-88.419384765625,-73.22900390625],[-88.194091796875,-72.78750000000002],[-89.1271484375,-72.69316406250002],[-89.341259765625,-72.88955078125002],[-90.29541015625,-72.97792968750002],[-90.430908203125,-73.24326171875],[-90.92094726562499,-73.31914062500002],[-92.24101562499999,-73.17841796875001],[-93.70595703125,-73.21503906250001],[-94.24619140624999,-73.31298828125],[-95.23662109374999,-73.22011718750002],[-96.15214843749999,-73.30927734375001],[-98.01240234375,-73.033203125],[-100.8205078125,-72.98115234375001],[-102.40927734374999,-72.98740234375],[-102.484765625,-72.73564453125002],[-103.110107421875,-72.72119140625],[-103.076171875,-73.1845703125],[-102.675048828125,-73.3208984375],[-101.189453125,-73.31787109375],[-100.02080078124999,-73.40253906250001],[-99.78110351562499,-73.72011718750002],[-100.98544921874999,-73.75722656250002],[-102.41064453125,-73.61640625000001],[-102.76645507812499,-73.8837890625],[-101.71542968749999,-74.02373046875002],[-101.251708984375,-74.48574218750002],[-100.118603515625,-74.51503906250002],[-100.1640625,-74.93789062500002],[-99.53134765624999,-75.30898437500002],[-101.03935546874999,-75.421875],[-101.70810546874999,-75.12734375000002],[-104.90185546875,-75.11513671875002],[-106.61884765625,-75.34394531250001],[-107.804736328125,-75.32158203125002],[-109.27216796875,-75.18505859375],[-111.10419921875,-75.19082031250002],[-110.967578125,-74.95126953125],[-110.300439453125,-74.71064453125001],[-110.307080078125,-74.36669921875],[-111.62998046874999,-74.18144531250002],[-111.696240234375,-74.79218750000001],[-113.9318359375,-74.98183593750002],[-113.903466796875,-74.64443359375002],[-113.50849609375,-74.0888671875],[-114.345947265625,-73.92500000000001],[-114.791015625,-73.98857421875002],[-115.222607421875,-74.48740234375],[-117.068310546875,-74.4732421875],[-118.65576171875,-74.39277343750001],[-119.677001953125,-74.65458984375002],[-121.5439453125,-74.75],[-123.88945312499999,-74.773046875],[-125.35341796875,-74.71464843750002],[-127.86337890625,-74.71923828125],[-129.7908203125,-74.89140625000002],[-132.049365234375,-74.76572265625],[-133.474853515625,-74.85185546875002],[-135.362060546875,-74.6904296875],[-136.22783203125,-74.83603515625],[-136.54951171875,-75.13945312500002],[-137.6181640625,-75.07558593750002],[-139.691162109375,-75.21279296875002],[-141.505712890625,-75.6904296875],[-142.329833984375,-75.49091796875001],[-143.574267578125,-75.56357421875],[-145.105517578125,-75.87890625],[-145.987744140625,-75.88876953125],[-146.817333984375,-76.31806640625001],[-148.3203125,-76.1044921875],[-148.60107421875,-76.49326171875],[-147.3404296875,-76.43837890625002],[-145.75048828125,-76.7490234375],[-145.807958984375,-77.27324218750002],[-146.390625,-77.47246093750002],[-146.927587890625,-77.25986328125],[-147.730224609375,-77.30976562500001],[-148.572412109375,-77.105078125],[-149.1259765625,-77.64267578125],[-149.717724609375,-77.7974609375],[-151.718994140625,-77.42587890625],[-153.460595703125,-77.416015625],[-153.9099609375,-77.22695312500002],[-154.81494140625,-77.126953125],[-156.21123046875,-77.10566406250001],[-157.465380859375,-77.23125000000002],[-158.21357421875,-77.15712890625002],[-158.285888671875,-77.95078125],[-157.266796875,-78.1998046875],[-154.695068359375,-78.21699218750001],[-154.71640625,-78.39814453125001],[-155.919775390625,-78.5103515625],[-155.209912109375,-78.96484375],[-153.517578125,-79.11728515625],[-152.1376953125,-79.11591796875001],[-152.09140625,-79.24160156250002],[-150.490625,-79.54560546875001],[-148.176513671875,-79.77587890625],[-148.317138671875,-80.07099609375001],[-149.57763671875,-80.10595703125],[-150.43544921875,-80.21103515625],[-150.132763671875,-80.51044921875001],[-149.2140625,-80.60419921875001],[-148.12275390625,-80.90078125000002],[-156.52822265625,-81.16230468750001],[-157.03251953125,-81.31914062500002],[-154.48515625,-81.56621093750002],[-154.717431640625,-81.94072265625002],[-153.00986328125,-82.44960937500002],[-153.822265625,-82.66933593750002],[-155.150244140625,-82.8583984375],[-155.459423828125,-82.98076171875002],[-157.521875,-83.10664062500001],[-157.699267578125,-83.38125000000002],[-159.444384765625,-83.54316406250001],[-159.92353515625,-83.4947265625],[-162.197265625,-83.51894531250002],[-163.111083984375,-83.3291015625],[-164.445556640625,-83.46767578125002],[-164.915625,-83.2900390625],[-166.21689453125,-83.20078125],[-168.41767578125,-83.22880859375002],[-171.8212890625,-82.84746093750002],[-173.071142578125,-82.91582031250002],[-171.187841796875,-83.2564453125],[-169.16767578125,-83.4498046875],[-167.801220703125,-83.79082031250002],[-164.95087890625,-83.80585937500001],[-164.08291015625,-83.94609375000002],[-164.11416015625,-84.44541015625],[-163.568505859375,-84.52871093750002],[-158.30341796875,-84.77802734375001],[-156.986328125,-84.8111328125],[-157.127490234375,-85.18564453125],[-160.8208984375,-84.98662109375002],[-162.9333984375,-84.90117187500002],[-166.911083984375,-84.81923828125002],[-167.4921875,-84.83369140625001],[-168.6677734375,-84.68359375],[-171.703662109375,-84.54238281250002],[-174.66318359375,-84.46269531250002],[-175.874609375,-84.5103515625],[-176.289013671875,-84.41835937500002],[-178.389501953125,-84.3375],[-180,-84.3515625],[-180,-89.99892578125002],[180,-89.99892578125002],[180,-84.3515625],[179.40302734375,-84.20615234375],[175.32285156250003,-83.9400390625],[175.01103515625005,-83.83906250000001],[173.82236328125003,-83.81015625],[172.87392578125002,-83.67314453125002],[171.9171875,-83.64404296875],[170.81748046875003,-83.43574218750001],[168.11005859375,-83.36201171875001],[168.091796875,-82.97470703125],[167.60195312500002,-83.0474609375],[166.95673828125,-82.7646484375],[166.44589843750003,-82.72216796875],[164.74716796875003,-82.35439453125002],[163.68007812500002,-82.18730468750002],[162.82119140625002,-81.8662109375],[161.58212890625003,-81.60976562500002],[160.90781250000003,-81.390234375],[160.5421875,-80.42500000000001],[159.06513671875,-80.44257812500001],[160.5587890625,-80.01054687500002],[160.2091796875,-79.55439453125001],[160.48271484375005,-79.20146484375002],[161.19052734375003,-78.97871093750001],[161.8642578125,-79.06093750000002],[161.97451171875002,-78.69423828125002],[162.63945312500005,-78.89775390625002],[164.634765625,-78.60322265625001],[166.11679687500003,-78.57109375000002],[165.41757812500003,-78.04218750000001],[164.628125,-78.31562500000001],[164.29736328125,-78.23623046875002],[163.6076171875,-77.38779296875],[163.0869140625,-77.03232421875],[162.67910156250002,-77.00673828125002],[162.82460937500002,-76.46357421875001],[162.81572265625005,-75.84619140625],[162.35195312500002,-75.6865234375],[162.08779296875002,-75.26162109375002],[162.53359375000002,-75.16708984375],[162.60410156250003,-74.82314453125002],[163.16738281250002,-74.60195312500002],[164.1740234375,-74.52324218750002],[165.30283203125003,-74.59375],[164.77568359375005,-74.02851562500001],[164.81298828125,-73.39677734375002],[165.12949218750003,-73.38261718750002],[165.34697265625005,-73.87939453125],[166.10605468750003,-73.73515625000002],[166.159375,-73.5337890625],[166.99609375,-73.54433593750002],[167.15566406250002,-73.14726562500002],[168.73593750000003,-73.09121093750002],[169.0333984375,-73.20039062500001],[169.54501953125003,-73.050390625],[170.04775390625002,-72.6005859375],[170.22402343750002,-71.94794921875001],[170.85908203125,-71.86855468750002],[170.4357421875,-71.41875000000002],[170.1623046875,-71.63046875],[168.7978515625,-71.27480468750002],[168.17265625000005,-71.183203125],[167.56943359375003,-70.81025390625001],[166.626953125,-70.66425781250001],[164.40322265625002,-70.51044921875001],[163.34873046875003,-70.62089843750002],[162.6748046875,-70.30458984375002],[162.216015625,-70.333984375],[162.03964843750003,-70.625],[161.42451171875,-70.8267578125],[161.03701171875002,-70.31718750000002],[160.20966796875,-69.97490234375002],[159.78398437500005,-69.52187500000002],[157.93251953125002,-69.18076171875],[157.48134765625002,-69.30869140625],[155.52031250000005,-69.0244140625],[154.19970703125,-68.41787109375002],[153.78466796875,-68.349609375],[153.7052734375,-68.72890625000002],[153.08183593750005,-68.85683593750002],[152.54550781250003,-68.72958984375],[151.1388671875,-68.76416015625],[151.06826171875002,-68.38496093750001],[148.45625,-68.46699218750001],[147.09365234375002,-68.36865234375],[146.82783203125,-67.96464843750002],[145.97519531250003,-67.62421875000001],[145.1279296875,-67.6259765625],[144.18906250000003,-67.89980468750002],[143.94199218750003,-67.79404296875],[144.62119140625003,-67.14140625000002],[143.9111328125,-67.09072265625002],[143.73037109375002,-66.87675781250002],[142.88837890625,-67.00009765625],[141.9728515625,-66.80673828125],[139.90009765625,-66.71513671875002],[139.24160156250002,-66.57402343750002],[138.13994140625005,-66.5439453125],[137.75380859375002,-66.40644531250001],[136.88916015625,-66.33964843750002],[136.55332031250003,-66.43896484375],[135.35195312500002,-66.12714843750001],[134.28945312500002,-66.47675781250001],[134.17890625,-66.27705078125001],[133.44453125,-66.08144531250002],[131.83085937500005,-66.23583984375],[130.95175781250003,-66.19140625],[130.12050781250002,-66.29150390625],[129.7412109375,-66.46855468750002],[129.23691406250003,-67.0416015625],[128.43056640625002,-67.119140625],[127.54121093750001,-67.05107421875002],[126.87363281250003,-66.759375],[126.66474609375001,-66.49755859375],[125.86562500000002,-66.36445312500001],[125.09511718750002,-66.64111328125],[124.19619140625002,-66.60078125000001],[122.18281250000001,-66.85947265625],[121.48759765624999,-67.09072265625002],[119.13300781250001,-67.370703125],[118.96464843749999,-67.14482421875002],[116.71347656250003,-67.04716796875002],[114.02656250000001,-67.44121093750002],[113.9912109375,-67.2119140625],[115.27373046874999,-67.0279296875],[115.63535156250003,-66.77119140625001],[115.08242187500002,-66.49296875000002],[114.3369140625,-66.36015625000002],[113.70976562499999,-65.92958984375002],[113.09941406249999,-65.79990234375],[111.453125,-65.9609375],[110.90673828125,-66.07666015625],[110.62226562500001,-66.5240234375],[109.46279296875002,-66.90869140625],[107.78505859375002,-66.6640625],[107.1708984375,-66.47041015625001],[106.38691406250001,-66.41064453125],[103.951171875,-65.98808593750002],[102.67421875000002,-65.86513671875002],[101.47441406249999,-65.951171875],[100.88906250000002,-66.3580078125],[99.3701171875,-66.64824218750002],[98.85888671875,-66.67080078125002],[98.25761718749999,-66.46748046875001],[97.71982421875003,-66.60732421875002],[97.1005859375,-66.49941406250002],[95.541015625,-66.63095703125],[94.83984375,-66.50136718750002],[93.96425781250002,-66.68964843750001],[92.73056640625003,-66.62441406250002],[92.07343750000001,-66.50791015625],[91.02167968750001,-66.60283203125002],[89.69843750000001,-66.82304687500002],[87.98027343749999,-66.78847656250002],[86.75019531250001,-67.037109375],[85.71074218749999,-67.16132812500001],[84.48515624999999,-67.11445312500001],[83.49365234375,-67.44121093750002],[83.30429687500003,-67.60302734375],[82.60703125000003,-67.61308593750002],[79.28779296875001,-68.11933593750001],[78.72626953125001,-68.27783203125],[78.48896484375001,-68.62578125000002],[77.54091796875002,-69.1744140625],[75.8912109375,-69.57558593750002],[75.423828125,-69.89306640625],[74.57109375000002,-69.87958984375001],[73.94218750000002,-69.7431640625],[73.3248046875,-69.84892578125002],[72.82207031250002,-70.09589843750001],[72.7603515625,-70.39570312500001],[71.9048828125,-70.706640625],[71.46484375,-71.15458984375002],[71.27675781250002,-71.62392578125002],[70.6162109375,-71.84208984375002],[69.5546875,-72.37451171875],[68.41982421875002,-72.51503906250002],[67.97138671875001,-72.7505859375],[67.97138671875001,-73.08564453125001],[67.32207031250002,-73.30029296875],[66.56914062500002,-73.20917968750001],[67.11337890625,-72.64111328125],[67.4322265625,-72.0029296875],[68.03740234375002,-71.39101562500002],[68.87275390625001,-71.03515625],[69.18837890625002,-70.70458984375],[69.02089843750002,-70.3251953125],[67.94082031250002,-70.4228515625],[67.26796875000002,-70.27314453125001],[68.17812500000002,-69.83730468750002],[68.74375,-69.92138671875],[69.6294921875,-69.23164062500001],[69.5341796875,-68.7369140625],[69.98222656250002,-68.46425781250002],[69.41640625000002,-67.74296875000002],[68.32792968750002,-67.88955078125002],[64.57363281250002,-67.62041015625002],[63.69902343750002,-67.50830078125],[62.68789062500002,-67.64755859375],[61.30908203125,-67.54023437500001],[60.482031250000006,-67.38515625000002],[59.25078125000002,-67.4849609375],[58.737402343750006,-67.22958984375],[57.62744140625,-67.01406250000002],[56.8916015625,-67.05625],[56.453222656250006,-66.77978515625],[56.36152343750001,-66.37275390625001],[55.504492187500006,-66.00263671875001],[53.67177734375002,-65.85869140625002],[51.88457031250002,-66.02001953125],[50.33242187500002,-66.44462890625002],[50.55302734375002,-67.1943359375],[50.00615234375002,-67.17519531250002],[49.2470703125,-66.94160156250001],[48.46523437500002,-67.04345703125],[48.648046875000006,-67.79404296875],[47.958593750000006,-67.66005859375002],[47.489843750000006,-67.72792968750002],[47.154394531250006,-67.35722656250002],[46.559667968750006,-67.2681640625],[46.399023437500006,-67.61757812500002],[44.98955078125002,-67.76923828125001],[44.699804687500006,-67.904296875],[42.81953125000001,-68.12324218750001],[42.408789062500006,-68.35185546875002],[41.13271484375002,-68.57509765625002],[39.863867187500006,-68.96699218750001],[39.705078125,-69.42558593750002],[38.85927734375002,-70.00605468750001],[38.49941406250002,-70.05615234375],[38.14433593750002,-69.82421875],[37.55976562500001,-69.718359375],[37.114843750000006,-69.81044921875002],[36.71875,-69.65224609375002],[35.357031250000006,-69.68134765625001],[34.59589843750001,-69.09453125000002],[33.81367187500001,-69.09931640625001],[34.19287109375,-68.70244140625002],[33.12148437500002,-68.68916015625001],[32.56757812500001,-69.07421875],[32.989355468750006,-69.62421875000001],[32.62128906250001,-70.0005859375],[31.378808593750023,-70.22578125000001],[30.003320312500023,-70.30000000000001],[28.911523437500023,-70.58310546875],[27.206835937500017,-70.91093750000002],[25.97412109375,-71.03740234375002],[24.756738281250023,-70.89208984375],[24.235742187500023,-70.44863281250002],[23.803613281250023,-70.40458984375002],[23.406835937500006,-70.7232421875],[22.445410156250006,-70.73974609375],[22.366015625000017,-70.47509765625],[21.704980468750023,-70.25849609375001],[21.07080078125,-70.84345703125001],[19.26513671875,-70.90234375],[19.02656250000001,-70.67402343750001],[19.196386718750006,-70.29316406250001],[18.4326171875,-70.28994140625002],[18.124609375000006,-70.54033203125002],[16.70917968750001,-70.39726562500002],[16.38105468750001,-70.1451171875],[15.806933593750017,-70.32402343750002],[13.822656250000023,-70.34316406250002],[12.929394531250011,-70.21337890625],[11.701269531250006,-70.7666015625],[10.217675781250023,-70.50791015625],[9.1416015625,-70.18369140625],[8.523046875000006,-70.47382812500001],[7.6767578125,-70.35634765625002],[7.401171875000017,-70.49443359375002],[5.113085937500017,-70.65566406250002],[2.6094726562500057,-70.90009765625001],[0.8349609375,-71.20234375000001],[-0.543164062499983,-71.71269531250002],[-1.0677734374999943,-71.265625],[-2.014599609374983,-71.43339843750002],[-2.81201171875,-71.32099609375001],[-3.7131835937499886,-71.374609375],[-5.950048828124977,-71.34160156250002],[-5.708691406249983,-70.96826171875],[-5.936328124999989,-70.71269531250002],[-6.838183593749989,-70.84453125000002],[-7.388134765624983,-70.78691406250002],[-7.713720703124977,-71.546484375],[-8.646484375,-71.67275390625002],[-9.230664062499983,-71.17402343750001],[-9.887988281249989,-71.02734375],[-10.969824218749977,-71.56005859375],[-12.073681640624983,-71.296875],[-12.148193359375,-71.61367187500002],[-10.958105468749977,-71.901953125],[-11.496972656249994,-72.41289062500002],[-12.746923828124977,-72.62890625],[-13.208593749999977,-72.78505859375002],[-14.297753906249994,-72.7330078125],[-14.320996093749983,-73.123046875],[-15.595996093749989,-73.09677734375],[-16.435205078124994,-73.42568359375002],[-15.748828124999989,-73.94560546875002],[-14.658935546875,-73.9888671875],[-15.672509765624994,-74.40732421875],[-17.299023437499983,-74.33388671875002],[-18.22119140625,-74.97451171875002],[-19.493017578124977,-75.53994140625002],[-20.487499999999983,-75.49199218750002],[-21.433789062499983,-75.68310546875],[-22.465478515624994,-75.66103515625002],[-24.26958007812499,-75.76699218750002],[-26.059326171875,-75.95722656250001],[-27.134521484375,-76.15732421875],[-28.93364257812499,-76.37031250000001],[-32.063378906249994,-77.15986328125001],[-32.61406249999999,-77.14082031250001],[-34.075781250000006,-77.425390625],[-34.55146484374998,-77.728515625],[-35.08759765624998,-77.83710937500001],[-36.18085937499998,-78.468359375],[-36.239160156249994,-78.77421875000002],[-35.515966796875006,-78.93300781250002],[-32.994238281250006,-79.22880859375002],[-30.645263671875,-79.12412109375],[-30.31591796875,-79.1630859375],[-29.949316406250006,-79.59902343750002],[-25.258642578124977,-79.76250000000002],[-24.29985351562499,-79.77080078125002],[-24.24028320312499,-80.06191406250002],[-29.3291015625,-80.17207031250001],[-31.01542968749999,-80.30810546875],[-31.312109375000006,-80.45009765625002],[-35.327001953125006,-80.65068359375002],[-35.96577148437498,-80.89091796875002],[-37.20927734374999,-81.06386718750002],[-38.771728515625,-80.88232421875],[-41.433837890625,-81.29775390625002],[-43.669335937499994,-82.2701171875],[-46.17529296875,-82.51162109375002],[-46.258056640625,-81.94697265625001],[-47.360253906249994,-82.00400390625],[-48.36079101562498,-81.89228515625001],[-50.65302734374998,-81.97548828125002],[-52.414941406249994,-82.13486328125],[-53.986083984375,-82.20058593750002],[-55.294677734375,-82.46484375],[-55.800683593749994,-82.47841796875002],[-57.35361328124999,-82.84023437500002],[-59.516015624999994,-83.45839843750002],[-61.42529296875,-83.39560546875],[-61.708935546875,-83.00996093750001],[-62.465576171875,-82.71816406250002],[-61.90166015624999,-82.27109375],[-62.64531249999999,-82.26308593750002],[-64.919580078125,-82.37050781250002],[-65.71396484374999,-82.27919921875002],[-65.9162109375,-81.90224609375002],[-64.69609374999999,-81.65234375],[-62.54184570312499,-81.6783203125],[-62.490234375,-81.55673828125],[-64.750146484375,-81.52167968750001],[-65.573681640625,-81.460546875],[-68.14375,-81.13037109375],[-68.58984375,-80.96796875000001],[-69.181591796875,-81.0048828125],[-70.23911132812499,-80.85664062500001],[-71.01767578124999,-80.61904296875002],[-73.0294921875,-80.91728515625002],[-73.93784179687499,-80.81591796875],[-74.806591796875,-80.88652343750002],[-75.2365234375,-80.80263671875002],[-75.70903320312499,-80.38271484375002],[-76.40732421874999,-80.09492187500001],[-76.03159179687499,-79.62705078125],[-76.49912109374999,-79.32568359375],[-79.45566406249999,-79.30439453125001],[-80.15117187499999,-79.26806640625],[-80.8919921875,-79.50185546875002],[-81.660888671875,-79.09980468750001],[-83.260009765625,-78.77421875000002],[-83.77900390625,-77.98359375000001],[-82.60844726562499,-78.41240234375002],[-80.29228515624999,-78.82275390625],[-77.869140625,-78.74550781250002],[-77.85810546875,-78.35097656250002],[-81.44101562499999,-77.88564453125002],[-80.6015625,-77.751953125],[-77.742138671875,-77.94033203125002],[-75.3984375,-78.1578125],[-74.042138671875,-78.109375],[-73.25156249999999,-77.89423828125001],[-72.851953125,-77.59023437500002],[-75.3869140625,-77.47421875],[-76.24858398437499,-77.27490234375],[-77.16796875,-76.83388671875002],[-77.19003906249999,-76.62978515625002],[-75.26835937499999,-76.58144531250002],[-73.87978515625,-76.69677734375],[-71.79868164062499,-76.75273437500002],[-70.09550781249999,-76.65449218750001],[-69.30439453125,-76.35078125000001],[-67.518212890625,-76.10976562500002],[-66.37041015624999,-76.01337890625001],[-63.36337890624999,-75.45146484375002],[-63.178124999999994,-74.6841796875],[-62.372460937499994,-74.9521484375],[-61.331787109375,-74.32861328125],[-60.902734374999994,-73.87060546875],[-61.08134765624999,-73.32822265625],[-60.384667968749994,-73.00732421875],[-60.73032226562499,-72.42597656250001],[-60.71943359375,-72.07265625000002],[-61.21357421875,-71.5640625],[-61.017236328124994,-71.16689453125002],[-61.31284179687499,-70.86757812500002],[-61.961083984374994,-70.90058593750001],[-62.00078124999999,-70.49716796875],[-62.45053710937499,-69.58437500000002],[-63.455957031249994,-69.04189453125002],[-63.747021484375,-68.70458984375],[-64.89829101562499,-68.67333984375],[-65.218017578125,-68.14003906250002],[-65.600048828125,-67.87568359375001],[-65.443115234375,-67.326171875],[-64.819287109375,-67.30732421875001],[-64.686279296875,-66.80625],[-64.07773437499999,-66.65410156250002],[-63.58662109375,-66.24169921875],[-63.25751953125,-66.26376953125],[-62.70478515625,-66.68007812500002],[-62.682031249999994,-66.2373046875],[-61.875439453125,-66.29609375000001],[-61.43193359374999,-66.14472656250001],[-61.02841796874999,-66.3365234375],[-60.91279296875,-65.9208984375],[-61.8390625,-66.11953125000002],[-62.30502929687499,-65.8404296875],[-62.14531249999999,-65.33173828125001],[-61.703125,-64.98720703125002],[-61.05986328124999,-64.98125000000002],[-59.9630859375,-64.43134765625001],[-59.050683593749994,-64.45136718750001],[-58.26298828124999,-63.76337890625001],[-57.020654296874994,-63.37285156250002]]],[[[-45.22265625,-78.81074218750001],[-45.06782226562498,-78.66142578125002],[-43.94721679687498,-78.59755859375002],[-43.80859375,-78.28652343750002],[-44.33984375,-78.09287109375],[-45.5302734375,-77.8814453125],[-46.82568359375,-77.78525390625],[-47.69208984374998,-77.84013671875002],[-49.08124999999998,-78.0474609375],[-50.219628906249994,-78.60527343750002],[-50.50249023437499,-78.94990234375001],[-50.339257812499994,-79.4794921875],[-51.711328124999994,-79.98984375],[-52.29716796874999,-80.1412109375],[-53.39389648437499,-80.10878906250002],[-54.044921875,-80.48750000000001],[-54.162499999999994,-80.8701171875],[-49.773046875000006,-80.7841796875],[-49.1875,-80.64277343750001],[-43.527929687500006,-80.19140625],[-42.989990234375,-79.80126953125],[-42.96538085937499,-79.47705078125],[-43.722070312499994,-78.81845703125],[-45.22265625,-78.81074218750001]]],[[[-59.73393554687499,-80.34414062500002],[-59.70634765624999,-79.87529296875002],[-60.57880859375,-79.74101562500002],[-61.68417968749999,-80.01972656250001],[-61.63330078125,-80.34414062500002],[-62.518798828125,-80.37333984375002],[-65.98007812499999,-80.38447265625001],[-64.26826171875,-80.74853515625],[-63.143994140625,-80.59482421875],[-62.940380859375,-80.76582031250001],[-62.023339843749994,-80.88906250000002],[-60.58281249999999,-80.94814453125002],[-59.82548828124999,-80.73330078125002],[-59.73393554687499,-80.34414062500002]]],[[[-70.05112304687499,-69.1890625],[-70.4169921875,-68.78896484375002],[-71.86899414062499,-68.941015625],[-71.742919921875,-69.42275390625002],[-71.85361328124999,-69.9693359375],[-71.1205078125,-70.19648437500001],[-70.32763671875,-70.15966796875],[-70.328076171875,-70.36123046875002],[-71.06108398437499,-70.537109375],[-71.19404296875,-70.98476562500002],[-71.718505859375,-71.1451171875],[-72.71044921875,-71.07294921875001],[-72.90546875,-71.22314453125],[-74.18720703125,-71.38300781250001],[-74.391796875,-71.63818359375],[-75.29257812499999,-71.61494140625001],[-75.35307617187499,-71.87841796875],[-73.99560546875,-72.16982421875002],[-72.92763671875,-71.92167968750002],[-72.25908203124999,-71.6412109375],[-71.816162109375,-71.821875],[-72.36748046874999,-72.66972656250002],[-70.54345703125,-72.66445312500002],[-69.20932617187499,-72.5341796875],[-68.6400390625,-72.20976562500002],[-68.24101562499999,-71.82216796875002],[-68.33598632812499,-70.8560546875],[-69.091259765625,-70.09033203125],[-69.416943359375,-69.58320312500001],[-70.05112304687499,-69.1890625]]],[[[-98.09111328124999,-71.91250000000002],[-98.6154296875,-71.76376953125],[-99.833203125,-72.04609375000001],[-100.084619140625,-71.8369140625],[-102.128125,-71.98544921875],[-102.022119140625,-72.18496093750002],[-100.19521484375,-72.27265625000001],[-98.40781249999999,-72.54765625000002],[-97.25029296874999,-72.52089843750002],[-96.0517578125,-72.57724609375],[-95.575390625,-72.40996093750002],[-95.68540039062499,-72.056640625],[-96.29819335937499,-72.04511718750001],[-96.86943359374999,-71.85097656250002],[-97.46025390624999,-72.18828125000002],[-97.58476562499999,-71.88261718750002],[-98.09111328124999,-71.91250000000002]]],[[[-120.55625,-73.75605468750001],[-123.112158203125,-73.6822265625],[-122.85908203125,-74.34267578125002],[-122.28662109375,-74.40312500000002],[-121.06240234375,-74.33730468750002],[-120.55625,-73.75605468750001]]],[[[-126.32988281249999,-73.28623046875],[-127.26762695312499,-73.30400390625002],[-127.231640625,-73.7134765625],[-126.4716796875,-73.812109375],[-124.872998046875,-74.20830078125002],[-123.83671874999999,-74.22568359375],[-124.128515625,-73.833984375],[-124.993408203125,-73.82978515625001],[-125.735791015625,-73.40566406250002],[-126.32988281249999,-73.28623046875]]],[[[-159.0529296875,-79.80742187500002],[-159.68408203125,-79.40244140625],[-161.64296875,-78.9009765625],[-162.3900390625,-78.76015625000002],[-163.256103515625,-78.72207031250002],[-164.125537109375,-78.99531250000001],[-164.22578125,-79.32080078125],[-161.86552734375,-79.70351562500002],[-160.302099609375,-79.84453125000002],[-159.0529296875,-79.80742187500002]]],[[[167.08408203125003,-77.32167968750002],[166.23681640625,-77.5474609375],[166.72900390625,-77.85097656250002],[167.39228515625,-77.64863281250001],[168.75458984375,-77.6533203125],[168.45078125000003,-77.38613281250002],[167.08408203125003,-77.32167968750002]]],[[[-33.934179687500006,-79.32041015625],[-35.53466796875,-79.09003906250001],[-36.481298828125006,-79.29404296875],[-34.049951171874994,-79.35712890625001],[-33.934179687500006,-79.32041015625]]],[[[-70.33408203124999,-79.67988281250001],[-69.73173828124999,-79.61835937500001],[-69.25087890625,-79.21035156250002],[-67.48095703125,-78.68242187500002],[-67.478515625,-78.36250000000001],[-70.54399414062499,-78.88369140625002],[-71.66748046875,-79.245703125],[-71.52578125,-79.6236328125],[-70.33408203124999,-79.67988281250001]]],[[[-67.9884765625,-67.47441406250002],[-67.830517578125,-66.62431640625002],[-68.3359375,-66.80205078125002],[-69.082421875,-67.40312500000002],[-68.9013671875,-67.74423828125],[-67.9884765625,-67.47441406250002]]],[[[-73.70664062499999,-70.63515625000002],[-74.40097656249999,-70.57587890625001],[-74.58969726562499,-70.7919921875],[-76.24887695312499,-70.86376953125],[-76.17631835937499,-71.132421875],[-74.805810546875,-71.0123046875],[-73.69453125,-70.79433593750002],[-73.70664062499999,-70.63515625000002]]],[[[-74.98710937499999,-69.72783203125002],[-75.68134765625,-69.88164062500002],[-75.7267578125,-70.09609375000002],[-74.848828125,-70.179296875],[-74.98710937499999,-69.72783203125002]]],[[[-74.354443359375,-73.09843750000002],[-74.473876953125,-72.89375000000001],[-75.37685546875,-72.82041015625],[-75.900830078125,-73.3326171875],[-74.574658203125,-73.611328125],[-74.354443359375,-73.09843750000002]]],[[[-91.16069335937499,-73.1822265625],[-90.7755859375,-72.99296875000002],[-90.80712890625,-72.61064453125002],[-91.30351562499999,-72.54736328125],[-91.51083984374999,-73.19550781250001],[-91.16069335937499,-73.1822265625]]],[[[-66.17363281249999,-80.07783203125001],[-66.01416015625,-79.62441406250002],[-66.78520507812499,-79.6080078125],[-66.90419921875,-79.90888671875001],[-66.17363281249999,-80.07783203125001]]],[[[-71.9853515625,-69.69843750000001],[-72.72617187499999,-69.4130859375],[-72.7767578125,-69.64501953125],[-71.9853515625,-69.69843750000001]]],[[[-160.467138671875,-81.589453125],[-160.937890625,-81.4634765625],[-163.200634765625,-81.28144531250001],[-163.253076171875,-81.482421875],[-160.467138671875,-81.589453125]]],[[[-20.607421875,-73.88662109375002],[-20.867041015624977,-73.67666015625002],[-21.288281249999983,-73.98935546875],[-20.845654296874983,-74.43779296875002],[-20.607421875,-73.88662109375002]]]]},"properties":{"featurecla":"Admin-0 map unit","scalerank":3,"LABELRANK":4,"SOVEREIGNT":"Antarctica","SOV_A3":"ATA","ADM0_DIF":0,"LEVEL":2,"TYPE":"Indeterminate","TLC":"1","ADMIN":"Antarctica","ADM0_A3":"ATA","GEOU_DIF":0,"GEOUNIT":"Antarctica","GU_A3":"ATA","SU_DIF":0,"SUBUNIT":"Antarctica","SU_A3":"ATA","BRK_DIFF":0,"NAME":"Antarctica","NAME_LONG":"Antarctica","BRK_A3":"ATA","BRK_NAME":"Antarctica","BRK_GROUP":"","ABBREV":"Ant.","POSTAL":"AQ","FORMAL_EN":"","FORMAL_FR":"","NAME_CIAWF":"","NOTE_ADM0":"By treaty","NOTE_BRK":"Multiple claims held in abeyance by treaty","NAME_SORT":"Antarctica","NAME_ALT":"","MAPCOLOR7":4,"MAPCOLOR8":5,"MAPCOLOR9":1,"MAPCOLOR13":-99,"POP_EST":4490,"POP_RANK":4,"POP_YEAR":2019,"GDP_MD":898,"GDP_YEAR":2013,"ECONOMY":"6. Developing region","INCOME_GRP":"2. High income: nonOECD","FIPS_10":"AY","ISO_A2":"AQ","ISO_A2_EH":"AQ","ISO_A3":"ATA","ISO_A3_EH":"ATA","ISO_N3":"010","ISO_N3_EH":"010","UN_A3":"010","WB_A2":"-99","WB_A3":"-99","WOE_ID":28289409,"WOE_ID_EH":28289409,"WOE_NOTE":"Exact WOE match as country","ADM0_ISO":"ATA","ADM0_DIFF":"","ADM0_TLC":"ATA","ADM0_A3_US":"ATA","ADM0_A3_FR":"ATA","ADM0_A3_RU":"ATA","ADM0_A3_ES":"ATA","ADM0_A3_CN":"ATA","ADM0_A3_TW":"ATA","ADM0_A3_IN":"ATA","ADM0_A3_NP":"ATA","ADM0_A3_PK":"ATA","ADM0_A3_DE":"ATA","ADM0_A3_GB":"ATA","ADM0_A3_BR":"ATA","ADM0_A3_IL":"ATA","ADM0_A3_PS":"ATA","ADM0_A3_SA":"ATA","ADM0_A3_EG":"ATA","ADM0_A3_MA":"ATA","ADM0_A3_PT":"ATA","ADM0_A3_AR":"ATA","ADM0_A3_JP":"ATA","ADM0_A3_KO":"ATA","ADM0_A3_VN":"ATA","ADM0_A3_TR":"ATA","ADM0_A3_ID":"ATA","ADM0_A3_PL":"ATA","ADM0_A3_GR":"ATA","ADM0_A3_IT":"ATA","ADM0_A3_NL":"ATA","ADM0_A3_SE":"ATA","ADM0_A3_BD":"ATA","ADM0_A3_UA":"ATA","ADM0_A3_UN":-99,"ADM0_A3_WB":-99,"CONTINENT":"Antarctica","REGION_UN":"Antarctica","SUBREGION":"Antarctica","REGION_WB":"Antarctica","NAME_LEN":10,"LONG_LEN":10,"ABBREV_LEN":4,"TINY":-99,"HOMEPART":1,"MIN_ZOOM":0,"MIN_LABEL":4,"MAX_LABEL":9,"LABEL_X":35.885455,"LABEL_Y":-79.843222,"NE_ID":1159320335,"WIKIDATAID":"Q51","NAME_AR":"القارة القطبية الجنوبية","NAME_BN":"অ্যান্টার্কটিকা","NAME_DE":"Antarktika","NAME_EN":"Antarctica","NAME_ES":"Antártida","NAME_FA":"جنوبگان","NAME_FR":"Antarctique","NAME_EL":"Ανταρκτική","NAME_HE":"אנטארקטיקה","NAME_HI":"अंटार्कटिका","NAME_HU":"Antarktika","NAME_ID":"Antartika","NAME_IT":"Antartide","NAME_JA":"南極大陸","NAME_KO":"남극","NAME_NL":"Antarctica","NAME_PL":"Antarktyda","NAME_PT":"Antártida","NAME_RU":"Антарктида","NAME_SV":"Antarktis","NAME_TR":"Antarktika","NAME_UK":"Антарктида","NAME_UR":"انٹارکٹکا","NAME_VI":"Châu Nam Cực","NAME_ZH":"南极洲","NAME_ZHT":"南極洲","FCLASS_ISO":"Admin-0 dependency","TLC_DIFF":"","FCLASS_TLC":"Admin-0 dependency","FCLASS_US":"","FCLASS_FR":"","FCLASS_RU":"","FCLASS_ES":"","FCLASS_CN":"","FCLASS_TW":"","FCLASS_IN":"","FCLASS_NP":"","FCLASS_PK":"","FCLASS_DE":"","FCLASS_GB":"","FCLASS_BR":"","FCLASS_IL":"","FCLASS_PS":"","FCLASS_SA":"","FCLASS_EG":"","FCLASS_MA":"","FCLASS_PT":"","FCLASS_AR":"","FCLASS_JP":"","FCLASS_KO":"","FCLASS_VN":"","FCLASS_TR":"","FCLASS_ID":"","FCLASS_PL":"","FCLASS_GR":"","FCLASS_IT":"","FCLASS_NL":"","FCLASS_SE":"","FCLASS_BD":"","FCLASS_UA":""}},{"type":"Feature","geometry":{"type":"Polygon","coordinates":[[[-109.99943214404341,48.99308269465271],[-110.0000254057848,60.00108726496538],[-120.00000686635538,60.00108726496538],[-120.00101760858144,53.8437884460987],[-119.89384048046952,53.515549908186784],[-118.80367259220323,53.15339657405923],[-117.58731573427946,52.14173149640476],[-116.93872134918598,51.73575369771481],[-116.67403322873736,51.79068534043529],[-115.99764343242734,51.12953907498019],[-114.78913630624832,50.359144758482586],[-114.71671442848564,49.568502638478236],[-114.06251701583469,48.99308269465271],[-109.99943214404341,48.99308269465271]]]},"properties":{"featurecla":"Admin-1 scale rank","scalerank":2,"adm1_code":"CAN-632","diss_me":632,"iso_3166_2":"CA-AB","wikipedia":"http://en.wikipedia.org/wiki/Alberta","iso_a2":"CA","adm0_sr":1,"name":"Alberta","name_alt":"","name_local":"","type":"Province","type_en":"Province","code_local":"","code_hasc":"CA.AB","note":"","hasc_maybe":"","region":"Western Canada","region_cod":"","provnum_ne":12,"gadm_level":1,"check_me":20,"datarank":2,"abbrev":"Alta.","postal":"AB","area_sqkm":0,"sameascity":-99,"labelrank":2,"name_len":7,"mapcolor9":2,"mapcolor13":2,"fips":"CA01","fips_alt":"","woe_id":2344915,"woe_label":"Alberta, CA, Canada","woe_name":"Alberta","latitude":55.2816,"longitude":-115,"sov_a3":"CAN","adm0_a3":"CAN","adm0_label":2,"admin":"Canada","geonunit":"Canada","gu_a3":"CAN","gn_id":5883102,"gn_name":"Alberta","gns_id":-559990,"gns_name":"Alberta, Province d'","gn_level":1,"gn_region":"","gn_a1_code":"CA.01","region_sub":"Prairies","sub_code":"","gns_level":1,"gns_lang":"fra","gns_adm1":"CA01","gns_region":"","min_label":3.5,"max_label":7.5,"min_zoom":2,"wikidataid":"Q1951","name_ar":"ألبرتا","name_bn":"অ্যালবার্টা","name_de":"Alberta","name_en":"Alberta","name_es":"Alberta","name_fr":"Alberta","name_el":"Αλμπέρτα","name_hi":"अल्बर्टा","name_hu":"Alberta","name_id":"Alberta","name_it":"Alberta","name_ja":"アルバータ州","name_ko":"앨버타","name_nl":"Alberta","name_pl":"Alberta","name_pt":"Alberta","name_ru":"Альберта","name_sv":"Alberta","name_tr":"Alberta","name_vi":"Alberta","name_zh":"阿尔伯塔省","ne_id":1159308775,"name_he":"אלברטה","name_uk":"Альберта","name_ur":"البرٹا","name_fa":"آلبرتا","name_zht":"亞伯達省","FCLASS_ISO":"","FCLASS_US":"","FCLASS_FR":"","FCLASS_RU":"","FCLASS_ES":"","FCLASS_CN":"","FCLASS_TW":"","FCLASS_IN":"","FCLASS_NP":"","FCLASS_PK":"","FCLASS_DE":"","FCLASS_GB":"","FCLASS_BR":"","FCLASS_IL":"","FCLASS_PS":"","FCLASS_SA":"","FCLASS_EG":"","FCLASS_MA":"","FCLASS_PT":"","FCLASS_AR":"","FCLASS_JP":"","FCLASS_KO":"","FCLASS_VN":"","FCLASS_TR":"","FCLASS_ID":"","FCLASS_PL":"","FCLASS_GR":"","FCLASS_IT":"","FCLASS_NL":"","FCLASS_SE":"","FCLASS_BD":"","FCLASS_UA":"","FCLASS_TLC":""}},{"type":"Feature","geometry":{"type":"MultiPolygon","coordinates":[[[[-120.00000686635538,60.00108726496538],[-123.81915679231783,60.00108726496538],[-139.05651882377236,60.00158164974988],[-137.59329916346277,59.226254471735984],[-137.4385786985763,58.903124576597065],[-136.57873918823697,59.15225056266297],[-136.32182938839756,59.60483236703695],[-135.47593702214496,59.793280860553836],[-134.94377025379754,59.28827229636741],[-133.82074225685585,58.70505205927557],[-131.5751147297857,56.59881906877291],[-130.7416808601021,56.340827115571926],[-130.02508110132067,55.88821235221229],[-129.83772574749395,55.319109547299604],[-130.39678704811732,54.351664442035144],[-130.0432964340468,54.13354187512067],[-130.3352416356133,53.72390562902552],[-129.56371572727568,53.25148251530089],[-129.2843004334137,53.393173194534086],[-128.65232287024315,53.24382504430565],[-128.10881821083825,52.85804011747976],[-128.35761460704782,52.158881155262094],[-127.6448655564211,51.47846486954063],[-127.70811934301372,51.1511931285406],[-127.05758587093221,50.8675371118606],[-126.63179972187726,50.91514087344217],[-126.40447610480712,50.52988329038638],[-125.20987217740065,50.476302966076815],[-124.48324739382275,49.8082243273104],[-123.97211944463726,49.89205001410184],[-123.85892180848319,49.48284223481994],[-123.1742867726008,49.34820477851204],[-123.08643459639794,48.99302776300999],[-123.049201928962,48.99302776300999],[-122.7887765039885,48.99302776300999],[-117.03905399461493,48.99308269465271],[-116.04849365409368,48.99308269465271],[-114.06251701583469,48.99308269465271],[-114.71671442848564,49.568502638478236],[-114.78913630624832,50.359144758482586],[-115.99764343242734,51.12953907498019],[-116.67403322873736,51.79068534043529],[-116.93872134918598,51.73575369771481],[-117.58731573427946,52.14173149640476],[-118.80367259220323,53.15339657405923],[-119.89384048046952,53.515549908186784],[-120.00101760858144,53.8437884460987],[-120.00000686635538,60.00108726496538]]],[[[-130.21408989759328,55.025895424786256],[-130.01787406979577,55.284942065527474],[-130.02508110132067,55.88821235221229],[-130.21408989759328,55.025895424786256]]],[[[-132.6555157719763,54.12746643543579],[-133.05223758886785,53.7781121740621],[-132.52046083518374,53.194067962329456],[-132.01131591830045,53.26517148066685],[-131.94082763436154,54.04197082670564],[-132.6555157719763,54.12746643543579]]],[[[-131.75373595241987,53.19556210301147],[-132.34543214198348,53.13608212027373],[-131.80967284420214,52.54169977338108],[-131.75373595241987,53.19556210301147]]],[[[-127.19732098368456,50.640372796554345],[-127.91807906781992,50.860538820578],[-127.7704392916801,50.121125950574765],[-126.68311686250672,49.87643844124068],[-126.41858255065773,49.44902631556121],[-125.83543921786571,49.27668377968999],[-125.12072910759386,48.7607987502449],[-123.5946182095336,48.33354043316504],[-123.49703214624068,48.582095130146655],[-123.9958114621426,49.224026306978146],[-124.64285128174708,49.42865766244046],[-125.48207494657343,50.31677048928802],[-127.19732098368456,50.640372796554345]]]]},"properties":{"featurecla":"Admin-1 scale rank","scalerank":2,"adm1_code":"CAN-633","diss_me":633,"iso_3166_2":"CA-BC","wikipedia":"http://en.wikipedia.org/wiki/British_Columbia","iso_a2":"CA","adm0_sr":3,"name":"British Columbia","name_alt":"Colombie britannique|New Caledonia","name_local":"","type":"Province","type_en":"Province","code_local":"","code_hasc":"CA.BC","note":"","hasc_maybe":"","region":"Western Canada","region_cod":"","provnum_ne":2,"gadm_level":1,"check_me":20,"datarank":2,"abbrev":"B.C.","postal":"BC","area_sqkm":0,"sameascity":-99,"labelrank":2,"name_len":16,"mapcolor9":2,"mapcolor13":2,"fips":"CA02","fips_alt":"","woe_id":2344916,"woe_label":"British Columbia, CA, Canada","woe_name":"British Columbia","latitude":54.6943,"longitude":-124.662,"sov_a3":"CAN","adm0_a3":"CAN","adm0_label":2,"admin":"Canada","geonunit":"Canada","gu_a3":"CAN","gn_id":5909050,"gn_name":"British Columbia","gns_id":-561661,"gns_name":"British Columbia, Province of","gn_level":1,"gn_region":"","gn_a1_code":"CA.02","region_sub":"British Columbia","sub_code":"","gns_level":1,"gns_lang":"eng","gns_adm1":"CA02","gns_region":"","min_label":3.5,"max_label":7.5,"min_zoom":2,"wikidataid":"Q1974","name_ar":"كولومبيا البريطانية","name_bn":"ব্রিটিশ কলাম্বিয়া","name_de":"British Columbia","name_en":"British Columbia","name_es":"Columbia Británica","name_fr":"Colombie-Britannique","name_el":"Βρετανική Κολομβία","name_hi":"ब्रिटिश कोलम्बिया","name_hu":"Brit Columbia","name_id":"British Columbia","name_it":"Columbia Britannica","name_ja":"ブリティッシュコロンビア州","name_ko":"브리티시컬럼비아","name_nl":"Brits-Columbia","name_pl":"Kolumbia Brytyjska","name_pt":"Colúmbia Britânica","name_ru":"Британская Колумбия","name_sv":"British Columbia","name_tr":"Britanya Kolumbiyası","name_vi":"British Columbia","name_zh":"不列颠哥伦比亚","ne_id":1159307717,"name_he":"קולומביה הבריטית","name_uk":"Британська Колумбія","name_ur":"برٹش کولمبیا","name_fa":"بریتیش کلمبیا","name_zht":"不列顛哥倫比亞省","FCLASS_ISO":"","FCLASS_US":"","FCLASS_FR":"","FCLASS_RU":"","FCLASS_ES":"","FCLASS_CN":"","FCLASS_TW":"","FCLASS_IN":"","FCLASS_NP":"","FCLASS_PK":"","FCLASS_DE":"","FCLASS_GB":"","FCLASS_BR":"","FCLASS_IL":"","FCLASS_PS":"","FCLASS_SA":"","FCLASS_EG":"","FCLASS_MA":"","FCLASS_PT":"","FCLASS_AR":"","FCLASS_JP":"","FCLASS_KO":"","FCLASS_VN":"","FCLASS_TR":"","FCLASS_ID":"","FCLASS_PL":"","FCLASS_GR":"","FCLASS_IT":"","FCLASS_NL":"","FCLASS_SE":"","FCLASS_BD":"","FCLASS_UA":"","FCLASS_TLC":""}},{"type":"Feature","geometry":{"type":"Polygon","coordinates":[[[-88.94849506171703,56.85130687137331],[-90.59219263418473,57.22446850670204],[-91.11128567156469,57.24121167140325],[-92.24904084191972,57.0089716723096],[-93.27812474348084,58.7564131452192],[-94.05575355732472,58.76002764731021],[-94.71338419764571,58.903333316839394],[-94.77188639714302,60.001768417335114],[-102.0016486358272,60.00108726496538],[-102.00110481256425,55.81752631435958],[-101.36727055986977,48.993137626295436],[-97.2257378091094,48.9931815716096],[-95.16204388272948,48.99176433522743],[-95.1552982770034,49.36967206448722],[-95.15382610897849,52.82235652236855],[-93.62022253485115,53.74793272955148],[-91.37845120909999,55.3170111585477],[-88.94849506171703,56.85130687137331]]]},"properties":{"featurecla":"Admin-1 scale rank","scalerank":2,"adm1_code":"CAN-630","diss_me":630,"iso_3166_2":"CA-MB","wikipedia":"http://en.wikipedia.org/wiki/Manitoba","iso_a2":"CA","adm0_sr":1,"name":"Manitoba","name_alt":"","name_local":"","type":"Province","type_en":"Province","code_local":"","code_hasc":"CA.MB","note":"","hasc_maybe":"","region":"Western Canada","region_cod":"","provnum_ne":11,"gadm_level":1,"check_me":20,"datarank":2,"abbrev":"Man.","postal":"MB","area_sqkm":0,"sameascity":-99,"labelrank":2,"name_len":8,"mapcolor9":2,"mapcolor13":2,"fips":"CA03","fips_alt":"","woe_id":2344917,"woe_label":"Manitoba, CA, Canada","woe_name":"Manitoba","latitude":54.85,"longitude":-97.3828,"sov_a3":"CAN","adm0_a3":"CAN","adm0_label":2,"admin":"Canada","geonunit":"Canada","gu_a3":"CAN","gn_id":6065171,"gn_name":"Manitoba","gns_id":-568643,"gns_name":"Manitoba, Province de","gn_level":1,"gn_region":"","gn_a1_code":"CA.03","region_sub":"Prairies","sub_code":"","gns_level":1,"gns_lang":"fra","gns_adm1":"CA03","gns_region":"","min_label":3.5,"max_label":7.5,"min_zoom":2,"wikidataid":"Q1948","name_ar":"مانيتوبا","name_bn":"ম্যানিটোবা","name_de":"Manitoba","name_en":"Manitoba","name_es":"Manitoba","name_fr":"Manitoba","name_el":"Μανιτόμπα","name_hi":"मानिटोबा","name_hu":"Manitoba","name_id":"Manitoba","name_it":"Manitoba","name_ja":"マニトバ州","name_ko":"매니토바","name_nl":"Manitoba","name_pl":"Manitoba","name_pt":"Manitoba","name_ru":"Манитоба","name_sv":"Manitoba","name_tr":"Manitoba","name_vi":"Manitoba","name_zh":"曼尼托巴","ne_id":1159308777,"name_he":"מניטובה","name_uk":"Манітоба","name_ur":"مانیٹوبا","name_fa":"مانیتوبا","name_zht":"曼尼托巴省","FCLASS_ISO":"","FCLASS_US":"","FCLASS_FR":"","FCLASS_RU":"","FCLASS_ES":"","FCLASS_CN":"","FCLASS_TW":"","FCLASS_IN":"","FCLASS_NP":"","FCLASS_PK":"","FCLASS_DE":"","FCLASS_GB":"","FCLASS_BR":"","FCLASS_IL":"","FCLASS_PS":"","FCLASS_SA":"","FCLASS_EG":"","FCLASS_MA":"","FCLASS_PT":"","FCLASS_AR":"","FCLASS_JP":"","FCLASS_KO":"","FCLASS_VN":"","FCLASS_TR":"","FCLASS_ID":"","FCLASS_PL":"","FCLASS_GR":"","FCLASS_IT":"","FCLASS_NL":"","FCLASS_SE":"","FCLASS_BD":"","FCLASS_UA":"","FCLASS_TLC":""}},{"type":"Feature","geometry":{"type":"Polygon","coordinates":[[[-64.03094162095341,46.012667541896406],[-64.54150926738315,46.240326241987134],[-65.00168262478113,47.84684607866163],[-65.66645437865577,47.696157596350815],[-65.84938773524351,47.91102821001624],[-66.70437678153063,48.0224405677819],[-67.36485288094454,47.85480018052755],[-67.61289122048457,47.99856727585558],[-68.3779132223241,47.92937537868488],[-68.3792096090923,47.58898596140318],[-69.0536603184143,47.29458531540706],[-68.31088563187657,47.35447179230093],[-67.80678893295931,47.08281284639108],[-67.78464049461441,45.70171049878434],[-67.47254087333376,45.27589139074374],[-67.12483456124168,45.16944485348],[-66.87247859458382,45.06727199801992],[-65.88447806861335,45.22290432817556],[-64.31465256927613,45.83567778905103],[-64.03094162095341,46.012667541896406]]]},"properties":{"featurecla":"Admin-1 scale rank","scalerank":2,"adm1_code":"CAN-684","diss_me":684,"iso_3166_2":"CA-NB","wikipedia":"http://en.wikipedia.org/wiki/New_Brunswick","iso_a2":"CA","adm0_sr":5,"name":"New Brunswick","name_alt":"Nouveau-Brunswick|Acadia","name_local":"","type":"Province","type_en":"Province","code_local":"","code_hasc":"CA.NB","note":"","hasc_maybe":"","region":"Eastern Canada","region_cod":"","provnum_ne":10,"gadm_level":1,"check_me":20,"datarank":2,"abbrev":"N.B.","postal":"NB","area_sqkm":0,"sameascity":-99,"labelrank":2,"name_len":13,"mapcolor9":2,"mapcolor13":2,"fips":"CA04","fips_alt":"","woe_id":2344918,"woe_label":"New Brunswick, CA, Canada","woe_name":"New Brunswick","latitude":46.5822,"longitude":-66.4558,"sov_a3":"CAN","adm0_a3":"CAN","adm0_label":2,"admin":"Canada","geonunit":"Canada","gu_a3":"CAN","gn_id":6087430,"gn_name":"New Brunswick","gns_id":-570089,"gns_name":"New Brunswick, Province of","gn_level":1,"gn_region":"","gn_a1_code":"CA.04","region_sub":"Atlantic Canada","sub_code":"","gns_level":1,"gns_lang":"eng","gns_adm1":"CA04","gns_region":"","min_label":3.5,"max_label":7.5,"min_zoom":2,"wikidataid":"Q1965","name_ar":"نيو برونزويك","name_bn":"নিউ ব্রান্সউইক","name_de":"New Brunswick","name_en":"New Brunswick","name_es":"Nuevo Brunswick","name_fr":"Nouveau-Brunswick","name_el":"Νιου Μπράνσγουικ","name_hi":"न्यू ब्रंसविक","name_hu":"Új-Brunswick","name_id":"New Brunswick","name_it":"Nuovo Brunswick","name_ja":"ニュー・ブランズウィック州","name_ko":"뉴브런즈윅","name_nl":"New Brunswick","name_pl":"Nowy Brunszwik","name_pt":"Novo Brunswick","name_ru":"Нью-Брансуик","name_sv":"New Brunswick","name_tr":"New Brunswick","name_vi":"New Brunswick","name_zh":"新不伦瑞克","ne_id":1159308785,"name_he":"ניו ברנזוויק","name_uk":"Нью-Брансвік","name_ur":"نیو برنزویک","name_fa":"نیوبرانزویک","name_zht":"新不倫瑞克","FCLASS_ISO":"","FCLASS_US":"","FCLASS_FR":"","FCLASS_RU":"","FCLASS_ES":"","FCLASS_CN":"","FCLASS_TW":"","FCLASS_IN":"","FCLASS_NP":"","FCLASS_PK":"","FCLASS_DE":"","FCLASS_GB":"","FCLASS_BR":"","FCLASS_IL":"","FCLASS_PS":"","FCLASS_SA":"","FCLASS_EG":"","FCLASS_MA":"","FCLASS_PT":"","FCLASS_AR":"","FCLASS_JP":"","FCLASS_KO":"","FCLASS_VN":"","FCLASS_TR":"","FCLASS_ID":"","FCLASS_PL":"","FCLASS_GR":"","FCLASS_IT":"","FCLASS_NL":"","FCLASS_SE":"","FCLASS_BD":"","FCLASS_UA":"","FCLASS_TLC":""}},{"type":"Feature","geometry":{"type":"MultiPolygon","coordinates":[[[[-57.100128368282626,51.44334157718518],[-55.695229633049365,52.137798390785974],[-55.89234633978752,53.000433921739784],[-55.797929832279564,53.21194271887069],[-56.46499772881994,53.765038443094625],[-57.15694965951268,53.756875600986376],[-57.41607320455371,54.16276550904797],[-58.192103507594425,54.22816712287096],[-58.326718991245215,54.051792604424065],[-59.82905547433606,53.50454160698558],[-60.01416412397552,53.76157774960325],[-58.63321558496838,54.049573366058155],[-58.15137718768146,54.35043397323818],[-58.195256583886575,54.865901522198584],[-58.78015772924566,54.83835879653856],[-58.997115745334455,55.14944767559314],[-59.5177029233964,55.19735905437395],[-60.192362372960744,55.4809052077685],[-60.83186557118397,55.9578766615104],[-61.35128819842025,55.973685988285354],[-61.51458898589968,56.390331511991604],[-61.333743031735324,57.01057567627706],[-61.851100229205315,57.381309332997546],[-62.11741981944273,57.9641120896047],[-62.60788248463676,58.49637773490903],[-63.18533489924296,58.85775103970994],[-63.539885694018,59.33286580392789],[-64.6142717213307,60.30597985472113],[-64.81802417050949,59.54024374152624],[-63.84800826436569,58.459738329214474],[-64.37138596987784,58.16929276149423],[-63.74372603382514,57.58087599100102],[-63.757854452332836,57.227665528308364],[-64.11186691700922,56.690906474629514],[-64.00414596563436,56.097457965663125],[-63.16138470301682,55.30747502537142],[-63.51089277299013,55.16764103566217],[-63.751240682549295,54.61217226447272],[-64.34105271676759,54.726320218045856],[-65.6758037442468,54.744931058599576],[-66.73341364787267,55.318900807057275],[-66.65078547089253,54.798566314551834],[-67.62013121099513,54.50653871552123],[-67.75725157755399,54.033654175997754],[-66.9379021810639,53.32883725457987],[-67.06802425634018,52.75492243776489],[-66.30021172705045,52.896876788883134],[-66.39423272673082,52.4178289190464],[-65.88292899628863,52.05421440322249],[-65.13713306940127,52.15469536408679],[-64.29051560546475,51.72877737908931],[-64.13067551147671,52.1866875528072],[-64.17847702697208,52.815325272100324],[-63.67161177326169,53.10073910134736],[-63.522549267575414,52.64880549035746],[-64.01761520442943,52.52547296612147],[-63.60657270828065,52.00083183282675],[-57.10102924722324,52.001117477368894],[-57.100128368282626,51.44334157718518]]],[[[-55.45872693848062,51.53654958855327],[-56.02556655971321,51.56837698234551],[-56.75022479048174,51.27491017427565],[-57.297992145361775,50.698710201123475],[-58.015827866104416,49.542508985142916],[-58.71645899634699,48.59806925184978],[-58.71059229690445,48.32505898752902],[-59.27205960347898,47.99556800816305],[-59.11695461709344,47.57071569703433],[-58.33323388407186,47.676854617098854],[-56.95248309897853,47.57446203506788],[-56.22126603006919,47.67140539814096],[-55.57613783163137,47.46521398402541],[-55.31571789982213,46.90571323026026],[-54.85664317527858,47.38501378565351],[-53.988997878508656,47.75620886817285],[-53.616363586950044,46.68025179587835],[-53.069782755552765,46.681229579118764],[-52.65365358928807,47.54940221965879],[-53.17553715411822,47.65298132517253],[-53.41133672366014,48.56215494383912],[-53.966003492865866,48.706691082165236],[-53.61946173159947,49.32163983609243],[-54.502202243788986,49.52733686542351],[-55.026173211042504,49.305358097190066],[-55.89203872258828,49.58025801002043],[-55.7647291474193,49.96046188194592],[-56.69399676099306,50.05967941502766],[-55.87141738391102,50.907384525490045],[-55.45872693848062,51.53654958855327]]]]},"properties":{"featurecla":"Admin-1 scale rank","scalerank":2,"adm1_code":"CAN-686","diss_me":686,"iso_3166_2":"CA-NL","wikipedia":"http://en.wikipedia.org/wiki/Newfoundland_and_Labrador","iso_a2":"CA","adm0_sr":6,"name":"Newfoundland and Labrador","name_alt":"Newfoundland|Terre-Neuve|Terre-Neuve-et-Labrador","name_local":"","type":"Province","type_en":"Province","code_local":"","code_hasc":"CA.NF","note":"","hasc_maybe":"","region":"Eastern Canada","region_cod":"","provnum_ne":6,"gadm_level":1,"check_me":20,"datarank":2,"abbrev":"N.L.","postal":"NL","area_sqkm":0,"sameascity":-99,"labelrank":2,"name_len":25,"mapcolor9":2,"mapcolor13":2,"fips":"CA05","fips_alt":"","woe_id":2344919,"woe_label":"Newfoundland and Labrador, CA, Canada","woe_name":"Newfoundland and Labrador","latitude":48.6598,"longitude":-56.2169,"sov_a3":"CAN","adm0_a3":"CAN","adm0_label":2,"admin":"Canada","geonunit":"Canada","gu_a3":"CAN","gn_id":6354959,"gn_name":"Newfoundland and Labrador","gns_id":-570103,"gns_name":"Newfoundland and Labrador, Province of","gn_level":1,"gn_region":"","gn_a1_code":"CA.05","region_sub":"Atlantic Canada","sub_code":"","gns_level":1,"gns_lang":"eng","gns_adm1":"CA05","gns_region":"","min_label":3.5,"max_label":7.5,"min_zoom":2,"wikidataid":"Q2003","name_ar":"نيوفندلاند ولابرادور","name_bn":"নিউফাউন্ডল্যান্ড ও লাব্রাডর","name_de":"Neufundland und Labrador","name_en":"Newfoundland and Labrador","name_es":"Terranova y Labrador","name_fr":"Terre-Neuve-et-Labrador","name_el":"Νέα Γη και Λαμπραντόρ","name_hi":"न्यूफाउंडलैंड और लैब्राडोर","name_hu":"Új-Fundland és Labrador","name_id":"Newfoundland dan Labrador","name_it":"Terranova e Labrador","name_ja":"ニューファンドランド・ラブラドール州","name_ko":"뉴펀들랜드래브라도","name_nl":"Newfoundland en Labrador","name_pl":"Nowa Fundlandia i Labrador","name_pt":"Terra Nova e Labrador","name_ru":"Ньюфаундленд и Лабрадор","name_sv":"Newfoundland och Labrador","name_tr":"Newfoundland ve Labrador","name_vi":"Newfoundland và Labrador","name_zh":"纽芬兰-拉布拉多","ne_id":1159308713,"name_he":"ניופאונדלנד ולברדור","name_uk":"Ньюфаундленд і Лабрадор","name_ur":"نیو فاؤنڈ لینڈ اور لیبراڈور","name_fa":"نیوفاندلند و لابرادور","name_zht":"紐芬蘭-拉布拉多","FCLASS_ISO":"","FCLASS_US":"","FCLASS_FR":"","FCLASS_RU":"","FCLASS_ES":"","FCLASS_CN":"","FCLASS_TW":"","FCLASS_IN":"","FCLASS_NP":"","FCLASS_PK":"","FCLASS_DE":"","FCLASS_GB":"","FCLASS_BR":"","FCLASS_IL":"","FCLASS_PS":"","FCLASS_SA":"","FCLASS_EG":"","FCLASS_MA":"","FCLASS_PT":"","FCLASS_AR":"","FCLASS_JP":"","FCLASS_KO":"","FCLASS_VN":"","FCLASS_TR":"","FCLASS_ID":"","FCLASS_PL":"","FCLASS_GR":"","FCLASS_IT":"","FCLASS_NL":"","FCLASS_SE":"","FCLASS_BD":"","FCLASS_UA":"","FCLASS_TLC":""}},{"type":"Feature","geometry":{"type":"MultiPolygon","coordinates":[[[[-64.31465256927613,45.83567778905103],[-64.90293750382679,45.120808377015294],[-65.65670950523716,44.76031397849789],[-66.09957939517818,44.36749780140377],[-66.12572685711314,43.813841774424105],[-65.73815115873454,43.56072775109669],[-64.86234301985637,43.86786155187542],[-63.99972946155964,44.64492456979926],[-63.761139364567526,44.48640283523653],[-61.16530064249726,45.256105013035835],[-61.49228673895517,45.68703276384943],[-61.9555142956884,45.86815337622738],[-62.48305581971876,45.62181791761168],[-63.29280316506129,45.75193999288794],[-64.03094162095341,46.012667541896406],[-64.31465256927613,45.83567778905103]]],[[[-61.10518345270397,45.94473907250827],[-60.57686189934698,46.172167059699575],[-60.33176789585676,46.76784579336041],[-60.870152926160145,46.796783782745564],[-61.4953079793048,45.94143218761647],[-61.10518345270397,45.94473907250827]]]]},"properties":{"featurecla":"Admin-1 scale rank","scalerank":2,"adm1_code":"CAN-685","diss_me":685,"iso_3166_2":"CA-NS","wikipedia":"http://en.wikipedia.org/wiki/Nova_Scotia","iso_a2":"CA","adm0_sr":1,"name":"Nova Scotia","name_alt":"Acadia|Nouvelle-Écosse","name_local":"","type":"Province","type_en":"Province","code_local":"","code_hasc":"CA.NS","note":"","hasc_maybe":"","region":"Eastern Canada","region_cod":"","provnum_ne":3,"gadm_level":1,"check_me":20,"datarank":2,"abbrev":"N.S.","postal":"NS","area_sqkm":0,"sameascity":-99,"labelrank":2,"name_len":11,"mapcolor9":2,"mapcolor13":2,"fips":"CA07","fips_alt":"","woe_id":2344921,"woe_label":"Nova Scotia, CA, Canada","woe_name":"Nova Scotia","latitude":45.2293,"longitude":-62.8113,"sov_a3":"CAN","adm0_a3":"CAN","adm0_label":2,"admin":"Canada","geonunit":"Canada","gu_a3":"CAN","gn_id":6091530,"gn_name":"Nova Scotia","gns_id":-570447,"gns_name":"Nouvelle-Ecosse, Province de","gn_level":1,"gn_region":"","gn_a1_code":"CA.07","region_sub":"Atlantic Canada","sub_code":"","gns_level":1,"gns_lang":"fra","gns_adm1":"CA07","gns_region":"","min_label":3.5,"max_label":7.5,"min_zoom":2,"wikidataid":"Q1952","name_ar":"نوفا سكوشا","name_bn":"নোভা স্কোশিয়া","name_de":"Nova Scotia","name_en":"Nova Scotia","name_es":"Nueva Escocia","name_fr":"Nouvelle-Écosse","name_el":"Νέα Σκωτία","name_hi":"नोवा स्कॉटिया","name_hu":"Új-Skócia","name_id":"Nova Scotia","name_it":"Nuova Scozia","name_ja":"ノバスコシア州","name_ko":"노바스코샤","name_nl":"Nova Scotia","name_pl":"Nowa Szkocja","name_pt":"Nova Escócia","name_ru":"Новая Шотландия","name_sv":"Nova Scotia","name_tr":"Yeni İskoçya","name_vi":"Nova Scotia","name_zh":"新斯科舍","ne_id":1159309585,"name_he":"נובה סקוטיה","name_uk":"Нова Шотландія","name_ur":"نووا سکوشیا","name_fa":"نوا اسکوشیا","name_zht":"新斯科舍","FCLASS_ISO":"","FCLASS_US":"","FCLASS_FR":"","FCLASS_RU":"","FCLASS_ES":"","FCLASS_CN":"","FCLASS_TW":"","FCLASS_IN":"","FCLASS_NP":"","FCLASS_PK":"","FCLASS_DE":"","FCLASS_GB":"","FCLASS_BR":"","FCLASS_IL":"","FCLASS_PS":"","FCLASS_SA":"","FCLASS_EG":"","FCLASS_MA":"","FCLASS_PT":"","FCLASS_AR":"","FCLASS_JP":"","FCLASS_KO":"","FCLASS_VN":"","FCLASS_TR":"","FCLASS_ID":"","FCLASS_PL":"","FCLASS_GR":"","FCLASS_IT":"","FCLASS_NL":"","FCLASS_SE":"","FCLASS_BD":"","FCLASS_UA":"","FCLASS_TLC":""}},{"type":"Feature","geometry":{"type":"MultiPolygon","coordinates":[[[[-110.0000254057848,60.00108726496538],[-102.0016486358272,60.00108726496538],[-101.99914375291914,64.2284287348194],[-108.97293002969016,64.77919535739198],[-109.51638525061664,64.90291240312706],[-110.66946634929069,65.49714094142007],[-112.50390306477671,65.50233747482142],[-120.6779512281544,68.00284782411458],[-120.68185137478756,69.56693845995179],[-121.33625752768086,69.74153319317455],[-123.02576809017745,69.80999999266135],[-123.6091421358689,69.37742429256613],[-124.4261459512148,69.37943479068971],[-124.44449311988345,70.11060791428488],[-125.35691869179911,69.62595701689065],[-125.38678502594622,69.34920041453634],[-126.06382301564037,69.46707273348596],[-126.68492411355223,69.77708495234322],[-127.13846172850958,70.23933472583604],[-127.99099533036708,70.5738354710181],[-128.38673387085393,69.96017211753056],[-128.97144824862778,69.71238646354706],[-129.64828299124383,69.99774536115137],[-130.49843805297155,70.14318237841812],[-133.16313358919194,69.43390500761132],[-134.40894479394242,69.68178953855175],[-134.49385263409548,69.4679076944553],[-135.69145582919447,69.31116574511671],[-135.87632277960597,68.91698726328312],[-136.44375566257992,68.89512446948035],[-136.44543657084716,67.74659171082357],[-136.16925125757717,67.51423086211594],[-136.1260530137418,67.00469593056937],[-134.05558052265016,67.00448719032701],[-133.65176153751912,66.5860618813966],[-133.58894720406826,65.9625877365192],[-132.93797977200927,66.02865951638339],[-132.1961883618762,65.62766951085246],[-132.59688722970074,65.28024884330253],[-132.55368898586534,64.78022807227515],[-132.0521685809917,64.6841965744712],[-131.58591429074454,64.3802597952988],[-131.10671810547248,64.40090310663317],[-130.8466607225052,64.04880226312346],[-130.14512322015773,63.761839361551694],[-129.8274974756194,63.09176121099023],[-129.1362212041321,62.12551361553707],[-128.56082872612794,62.116911320287045],[-127.99357711757494,61.711219166139244],[-127.166597715911,61.46452115868158],[-126.88966533229998,60.79561854527435],[-125.37869908813776,60.79166346699847],[-124.582596762847,60.95282192041182],[-124.59944429766938,60.662134653463596],[-123.81915679231783,60.00108726496538],[-120.00000686635538,60.00108726496538],[-110.0000254057848,60.00108726496538]]],[[[-110.00436500555972,78.68672274339082],[-110.40780496235598,78.75663973824544],[-111.70878401589064,78.57468416489814],[-111.43505414705024,78.28736970081295],[-110.00366737369717,78.32170197751324],[-110.00436500555972,78.68672274339082]]],[[[-110.00354103091891,78.08964874600488],[-111.20659344497578,78.08815460532287],[-113.18706593263418,77.91235137596027],[-113.16435169836927,77.53025785552518],[-111.95197189137846,77.34419339530237],[-110.1984879377696,77.52452299202517],[-110.00359046939735,77.92894073206185],[-110.00354103091891,78.08964874600488]]],[[[-115.55128538317356,77.36328763431203],[-116.36260926666218,77.54281522905109],[-117.27908879381059,77.3133987163933],[-118.00519721994692,77.38121732249598],[-119.09019054746895,77.3051040383425],[-121.61376120037616,76.44143579250553],[-122.36536889506334,76.40122583003415],[-122.40048120109027,75.94424949424251],[-121.01930194918371,76.02027488776764],[-120.40887406945242,75.82563010495193],[-119.91287978783643,75.85883078981217],[-118.9939448162584,76.14485985345769],[-118.30060311500483,76.73666041314246],[-117.49241033515129,76.27270775872532],[-116.99923404680686,76.53161157719546],[-115.98480041435928,76.68692530382336],[-116.21370056957551,77.17823391631529],[-115.55128538317356,77.36328763431203]]],[[[-110.0024039459146,75.53906271120775],[-111.0526969547301,75.54851095375565],[-111.54910322366649,75.82214743880343],[-112.6976140096662,76.20170311734483],[-113.82348746570081,76.20682274644639],[-114.19395195737197,76.45145532413775],[-115.58069029152183,76.43750268688675],[-115.79685179879118,76.25255883217545],[-116.59132814745742,76.09581688283686],[-117.50196844098465,75.20385884099886],[-116.47608705419412,75.17178974797864],[-115.72884642510323,74.96813617575674],[-114.45176812931625,75.08787617055884],[-114.01652275138483,75.4342641232256],[-113.71178946339299,75.06861713662104],[-114.312681209948,74.71507708407205],[-113.51404653592782,74.43008073530967],[-112.51935533587398,74.41685319574259],[-110.94087260964402,74.63872210069059],[-110.002815933235,74.85098895449104],[-110.0024039459146,75.53906271120775]]],[[[-119.73630202231146,74.11263077202804],[-119.94360305561,74.25370621686278],[-121.3152242016832,74.53000139341822],[-124.6962613179642,74.34817765601346],[-124.26073029549065,73.95326309016741],[-124.1141781658767,73.52737806415556],[-124.8040536804746,73.12566296094073],[-124.98711887300485,72.58800302832125],[-125.38278050919189,72.42382333455828],[-125.296664172899,71.97302131540843],[-124.00777557392712,71.67743414592954],[-123.21061306793186,71.1234595154221],[-122.93654811607085,71.08801761953885],[-121.74935996043166,71.44478765267979],[-120.61932268587884,71.50576177609952],[-120.17989151677213,72.21264412728368],[-119.40777234669312,72.36038827354469],[-118.96156810603895,72.68414438941062],[-116.48252504272097,73.25320324900912],[-115.4468493440334,73.43885022874724],[-115.63433104063837,73.66553114559755],[-117.19883366379598,74.17113297152537],[-118.54397226491363,74.2446424958139],[-119.13189465062234,74.02786026098181],[-119.73630202231146,74.11263077202804]]],[[[-110.0018326568303,72.98185192029851],[-110.20512917337452,72.66130381236744],[-111.13987896489176,72.36535409404661],[-111.26974286144724,72.71373057217986],[-112.75362780574827,72.98601573881672],[-113.20802235433204,72.9810279456577],[-113.50006643285546,72.6944275929279],[-114.458123720379,72.58034555732601],[-114.05168998905448,73.0709949901053],[-114.63821711103809,73.37267957192614],[-116.57323915750956,73.0549219914453],[-117.55170904346804,72.83110850634498],[-118.37452462661378,72.53386240125593],[-118.86839854682077,71.68678351152056],[-118.1881800150131,71.43595464453034],[-117.33712407434479,71.4346033261194],[-118.26406807943144,70.88830813926427],[-117.58705755555866,70.62953615673666],[-115.99089782670126,70.58628298125856],[-113.75728934305836,70.69071902039872],[-112.11415756651067,70.446866472034],[-112.63789782086477,70.2252282799854],[-114.59232721670939,70.312448742297],[-117.13542606860373,70.10017090216797],[-116.85603824056312,69.64967650021737],[-117.05535770617436,70.0021838378832],[-110.0000254057848,70.00115112300006],[-110.0018326568303,72.98185192029851]]]]},"properties":{"featurecla":"Admin-1 scale rank","scalerank":2,"adm1_code":"CAN-635","diss_me":635,"iso_3166_2":"CA-NT","wikipedia":"http://en.wikipedia.org/wiki/Northwest_Territories","iso_a2":"CA","adm0_sr":6,"name":"Northwest Territories","name_alt":"Territoires du Nord-Ouest","name_local":"","type":"Territoire","type_en":"Territory","code_local":"","code_hasc":"CA.NT","note":"","hasc_maybe":"","region":"Northern Canada","region_cod":"Northern Canada","provnum_ne":5,"gadm_level":1,"check_me":20,"datarank":2,"abbrev":"N.W.T.","postal":"NT","area_sqkm":0,"sameascity":-99,"labelrank":2,"name_len":21,"mapcolor9":2,"mapcolor13":2,"fips":"CA13","fips_alt":"","woe_id":2344920,"woe_label":"Northwest Territories, CA, Canada","woe_name":"Northwest Territories","latitude":64.0831,"longitude":-119.942,"sov_a3":"CAN","adm0_a3":"CAN","adm0_label":2,"admin":"Canada","geonunit":"Canada","gu_a3":"CAN","gn_id":6091069,"gn_name":"Northwest Territories","gns_id":-570392,"gns_name":"Nord-Ouest, Territoires du","gn_level":1,"gn_region":"","gn_a1_code":"CA.13","region_sub":"","sub_code":"","gns_level":1,"gns_lang":"fra","gns_adm1":"CA13","gns_region":"","min_label":3.5,"max_label":7.5,"min_zoom":2,"wikidataid":"Q2007","name_ar":"الأقاليم الشمالية الغربية","name_bn":"উত্তরপশ্চিম অধীনস্থ অঞ্চলসমূহ","name_de":"Nordwest-Territorien","name_en":"Northwest Territories","name_es":"Territorios del Noroeste","name_fr":"Territoires du Nord-Ouest","name_el":"Βορειοδυτικά Εδάφη","name_hi":"नॉर्थवेस्ट टेरीटरीज़","name_hu":"Északnyugati területek","name_id":"Wilayah Barat Laut","name_it":"Territori del Nord-Ovest","name_ja":"ノースウエスト準州","name_ko":"노스웨스트 준","name_nl":"Northwest Territories","name_pl":"Terytoria Północno-Zachodnie","name_pt":"Territórios do Noroeste","name_ru":"Северо-Западные территории","name_sv":"Northwest Territories","name_tr":"Kuzeybatı Toprakları","name_vi":"Các Lãnh thổ Tây Bắc","name_zh":"西北地区","ne_id":1159308771,"name_he":"הטריטוריות הצפון-מערביות","name_uk":"Північно-Західні території","name_ur":"شمال مغربی علاقہ جات، کینیڈا","name_fa":"نواحی شمال غرب","name_zht":"西北地區","FCLASS_ISO":"","FCLASS_US":"","FCLASS_FR":"","FCLASS_RU":"","FCLASS_ES":"","FCLASS_CN":"","FCLASS_TW":"","FCLASS_IN":"","FCLASS_NP":"","FCLASS_PK":"","FCLASS_DE":"","FCLASS_GB":"","FCLASS_BR":"","FCLASS_IL":"","FCLASS_PS":"","FCLASS_SA":"","FCLASS_EG":"","FCLASS_MA":"","FCLASS_PT":"","FCLASS_AR":"","FCLASS_JP":"","FCLASS_KO":"","FCLASS_VN":"","FCLASS_TR":"","FCLASS_ID":"","FCLASS_PL":"","FCLASS_GR":"","FCLASS_IT":"","FCLASS_NL":"","FCLASS_SE":"","FCLASS_BD":"","FCLASS_UA":"","FCLASS_TLC":""}},{"type":"Feature","geometry":{"type":"MultiPolygon","coordinates":[[[[-94.77188639714302,60.001768417335114],[-94.64677408768287,60.41641442924637],[-93.91276099815904,61.481462077296584],[-93.42059545204067,61.70579191983845],[-92.55140108294604,62.546729451917685],[-92.03422515989703,62.86345431751539],[-91.44898343835308,62.80405123907747],[-90.77787257290848,62.97160373570347],[-90.59640039801712,63.6612814963876],[-90.24528832407638,63.641901612835795],[-89.6158156438139,64.03060890305443],[-88.65302874185213,64.0093723299787],[-88.10562393581404,64.18331886981736],[-87.28050671683832,64.82617289824654],[-87.39195203358962,65.26056134255154],[-88.97404926191058,65.3483091486332],[-89.60042379752363,65.64777449208816],[-89.74939841258156,65.93602279409959],[-87.9699757372801,65.34893536936022],[-87.29146008639678,65.35482404145986],[-86.04285286103182,66.02252914505578],[-86.63318125269168,66.53133897891848],[-85.4422192931976,66.53733751430354],[-84.47839967635267,66.17931503970857],[-83.8258337334905,66.28998032713324],[-82.19834099562533,66.76465563820943],[-81.46758535251483,67.06988880415003],[-81.27012806959182,67.45991445379394],[-82.06252800216322,67.92815177634327],[-81.91483878754495,68.45876947236599],[-81.28154286494913,68.65720453852944],[-81.4122911609524,69.1981493833836],[-82.15053948012996,69.24887326227167],[-82.61835932219464,69.69104002718586],[-83.6653564324469,69.69973021306424],[-84.2416442962274,69.83501586275625],[-85.4151379933364,69.84953978909152],[-85.51779424725243,68.76980341977787],[-85.95257819938499,68.07249016075559],[-86.53641367087529,67.5161644559397],[-87.26624646238808,67.18386097646646],[-88.19590958378942,67.7658397584328],[-88.34694962861363,68.28828362601871],[-87.85328994181326,68.26689324434335],[-88.041331941174,68.8117162631736],[-89.05673237053345,69.26611081175736],[-89.6666164270018,69.0146007923974],[-90.20477074440576,68.25748894710961],[-90.57363672527376,68.47468866242639],[-90.8221255042841,69.29050046112525],[-91.38423001791419,69.64944578731794],[-91.91194732320125,69.53125486484055],[-92.28474640968804,69.89211181219991],[-91.82038726111476,70.3416504035672],[-92.96088352044156,70.83815554946048],[-92.94868869575761,71.26210698164857],[-94.55706522195605,71.9789649191508],[-95.20123760981053,71.90373054128082],[-96.40565782177114,71.27363164029134],[-96.54893053231469,70.80872317529085],[-96.2264213647385,70.54168947369809],[-96.49240037879105,70.1248901413922],[-96.05015121641277,69.83113768878019],[-94.27077797958975,69.45514158068707],[-94.47833719160907,68.74275507890229],[-93.66280554428806,68.83817134230776],[-93.65169287296571,68.54310053027046],[-94.86102397378554,68.04164055020377],[-95.4607072242007,68.02138176036846],[-95.6504850634714,67.73744009914634],[-95.25875103973887,67.26255604782781],[-96.141464086107,67.27183949544758],[-96.37137498354929,67.55385854917449],[-96.03601730474078,68.15775505658632],[-96.9767107000004,68.25542351734333],[-97.6395653395441,68.4819725982511],[-98.21854485381792,68.3174303556462],[-98.11051628524383,67.90303702929148],[-98.92046687766444,67.72578360456103],[-100.45608644307961,67.83948111866388],[-101.55498296937418,67.69317618144217],[-102.6919965625525,67.8115758441619],[-103.47414625059227,68.1150182385498],[-104.19353104365962,68.03119255175835],[-105.19496784943952,68.33035027801407],[-105.53985616826003,68.71865107407655],[-106.16447289130602,68.9198766676902],[-107.43591520054989,68.68885615106498],[-108.31348664515939,68.61077631410208],[-108.26101044686851,68.14989983167729],[-107.25375638012451,66.97637317558267],[-107.74600432370697,66.96149768673396],[-108.59290193902136,67.59088247636811],[-109.63035742293309,67.73271597787237],[-110.10195656201691,67.99223503074097],[-110.80485636910385,67.83235099143877],[-112.4351451275835,67.6847606537774],[-113.68194510190295,67.69995474615388],[-115.1332226230851,67.81916739718585],[-115.12704830644333,68.1320140888075],[-114.2181383596618,68.55204340170536],[-114.62018305273295,68.74611689543678],[-115.63112852586777,68.97253414040205],[-116.06520935297351,68.85543086445054],[-118.09519173021589,69.04291256105552],[-118.86870616402,69.25716794032246],[-119.85283400917868,69.34233395919628],[-120.68185137478756,69.56693845995179],[-120.6779512281544,68.00284782411458],[-112.50390306477671,65.50233747482142],[-110.66946634929069,65.49714094142007],[-109.51638525061664,64.90291240312706],[-108.97293002969016,64.77919535739198],[-101.99914375291914,64.2284287348194],[-102.0016486358272,60.00108726496538],[-94.77188639714302,60.001768417335114]]],[[[-110.002815933235,74.85098895449104],[-108.83128329577114,75.06487079858749],[-108.3544381848075,74.94260394822027],[-107.15342922785983,74.92715717028727],[-105.86257407607856,75.19153218037238],[-105.48089254296387,75.74566061947945],[-105.60442831427795,75.92993430814954],[-106.39660302711421,76.06011131506853],[-107.70256987380789,75.87759543896547],[-108.38681489502694,76.06657127625246],[-108.83164584461309,76.8211562659751],[-110.00340919497638,76.47966821583898],[-110.00263465881402,76.24423119513904],[-109.7960587231994,75.86301658098748],[-110.0024039459146,75.53906271120775],[-110.002815933235,74.85098895449104]]],[[[-116.85603824056312,69.64967650021737],[-116.51350099605105,69.42459958733448],[-115.15903500199946,69.26475949334645],[-113.6941399265869,69.19502926607706],[-113.61683462578637,68.83848994583553],[-113.12771229267472,68.49416742293505],[-111.31092511399478,68.5420128837446],[-108.94587619565033,68.75983881978837],[-108.36497956704557,68.93476314286744],[-107.43989774464711,69.00214229582838],[-106.65906641603264,69.43958493946863],[-106.14085228493622,69.16203732145914],[-105.01957660739731,69.08126583400295],[-103.4682026468499,68.80856318688143],[-101.85711249750108,69.02395015798842],[-102.15140877337602,69.48769407216321],[-101.64764166431509,69.69853270325294],[-100.93512332658779,69.71533079959687],[-101.14854923804965,70.14763184147847],[-101.56242620696281,70.13499756365277],[-102.75046580306417,70.52189210966162],[-103.95346877864259,70.76265749970545],[-104.51480424927459,71.0642651772265],[-104.38592362912381,71.57695318506526],[-105.8127071308169,73.01063610108403],[-106.95080287735682,73.2760218533952],[-108.02903411965995,73.34875134835713],[-108.2382193083038,73.10582165159008],[-107.69585173390317,72.14931892955553],[-107.81284514656925,71.6261719369428],[-108.14468720024364,71.70492193994687],[-108.69829378874486,72.49924448001349],[-110.0018326568303,72.98185192029851],[-110.0000254057848,70.00115112300006],[-117.05535770617436,70.0021838378832],[-116.85603824056312,69.64967650021737]]],[[[-84.91962161701207,65.26107769999311],[-85.24109257654084,65.79551863834917],[-85.9616748794195,65.70425520713334],[-86.37425546156445,64.56582987073713],[-86.25209847448265,64.1368576864044],[-86.57568979542043,63.66231421127074],[-85.80468024452438,63.706556156317816],[-85.49550298663645,63.139090314358214],[-84.63291140099682,63.30921361186353],[-83.72826414969039,63.81336524242349],[-83.49433225600097,64.0992404974694],[-82.46711053712808,63.926952893240895],[-82.3781212759209,63.706808841874334],[-81.04636951613423,63.46155004345593],[-80.30206772992886,63.76220191039366],[-80.82896106057512,64.08993507719256],[-81.71609610418227,64.02188575819042],[-82.05002556028005,64.64429422919906],[-84.61249880256189,65.44729596881552],[-84.91962161701207,65.26107769999311]]],[[[-82.00046623221763,62.95419040496108],[-83.37640500540866,62.904949680426455],[-83.89926635347923,62.4764499082211],[-83.69886473450639,62.160263372722056],[-83.01580074360582,62.209899605084274],[-82.1137462658358,62.65225313758373],[-82.00046623221763,62.95419040496108]]],[[[-79.54531843348305,62.411696487782194],[-80.23468857696793,62.152693792355166],[-80.27615098089335,61.85857879090119],[-79.66877180733304,61.644455247576786],[-79.32393292699099,62.026054383227375],[-79.54531843348305,62.411696487782194]]],[[[-69.48888372368863,83.01679737146068],[-69.96993110532038,83.11611378149931],[-71.42352124866107,83.02113697123559],[-72.81167681919312,83.08117725672906],[-73.70311850358956,82.85183764837109],[-74.41418664594903,83.01312793772695],[-75.74492766350964,83.0471745698851],[-77.47958104999393,82.8831596710503],[-79.88633407149176,82.93850879425545],[-80.07578232090614,82.70621386351911],[-81.01016956358143,82.77903124910938],[-81.7853429329957,82.64921679103233],[-81.99762077312471,82.27828538039805],[-83.01017574339124,82.14168137128078],[-83.59068235733268,82.32644944473537],[-84.89682498528308,82.44944139278653],[-86.58060068427964,82.18723068942458],[-87.0181971365195,81.95871505570742],[-88.06319473497675,82.09648361565036],[-89.38100484384096,81.9167582669975],[-90.49018457365281,81.87722945689586],[-89.42701558778363,81.387436957743],[-89.62305563432446,81.03246868248328],[-88.41306535379199,80.99976238240751],[-88.23199967305676,80.70381266408668],[-87.32991223630111,80.6697550456],[-86.23344368861478,80.95009319105966],[-86.2503406619156,80.56578043225866],[-84.0762561063246,80.55627725806804],[-82.77995722874972,80.73605753836361],[-82.61304193917928,80.55890299059007],[-81.00701648728928,80.65486857042274],[-79.60665510574474,80.88178020017247],[-78.73386820721618,81.15101116747408],[-78.3861618951241,80.78437541130054],[-80.05107406801046,80.52856973747981],[-82.53614862569917,80.37556313984621],[-83.72361693271624,80.22895058542525],[-86.30718392580275,80.31933511035754],[-86.42073861763451,79.84520911570857],[-85.08978885983156,79.61214514197414],[-84.31614259008492,78.97527866260148],[-86.80792979451407,78.77436068618707],[-87.49129041628532,78.41717317256143],[-87.55172620960639,78.17662750908846],[-85.5859314568829,78.10954498699823],[-85.02431034170876,78.31237458457932],[-85.2893665041636,77.5590420363107],[-85.58849127143367,77.46114286265427],[-86.17297493630808,77.74616118407374],[-87.01798839627716,77.89224639472457],[-88.01697525079173,77.78473418359206],[-87.36173963009335,77.13622219596266],[-88.39816789228621,77.10395534902867],[-89.49974508274553,76.82678126618967],[-89.57007955808484,76.49191797216565],[-88.39599259923448,76.40525781260985],[-86.68023569784604,76.37662744042393],[-86.11580208256461,76.4349208996789],[-85.14125980906064,76.30456811150319],[-83.88569823772727,76.4531142597479],[-82.23316765711012,76.46582544187342],[-82.03416130186237,76.62940088756648],[-80.83237780875234,76.4086416018014],[-80.69025866270593,76.1764565343505],[-79.51103010209692,76.31048974258846],[-78.28430764319181,76.57121729159692],[-78.28885598320906,76.97798610594205],[-79.2207383429763,76.93605128988924],[-79.34088483193453,77.15839260696464],[-78.07616066259538,77.51906278673874],[-78.01259376563924,77.94604644560499],[-76.97400119672321,77.9272378511375],[-75.8659530587514,78.00981109647492],[-75.48835294669085,78.40353913883823],[-74.87860072616502,78.54482332391527],[-75.23315152094005,79.03553867466584],[-75.25948575046026,79.42104894327812],[-73.29358113445132,79.52160680844224],[-73.44814779073819,79.82711463259645],[-72.43650468574083,79.69438879745522],[-71.38783765354985,79.76174597775906],[-70.87706126687777,80.12229530791919],[-70.14349312366,80.39767861920546],[-69.4001032027238,80.4228482979],[-68.63045595656722,80.6786979170349],[-65.48396047520981,81.28478070382698],[-65.22619923490825,81.74348189320006],[-64.57400682721658,81.73371504712435],[-62.17671303459521,82.04341964878239],[-61.4770706739216,82.4674260126132],[-63.0853373368346,82.56524828196982],[-63.64104780725202,82.81261645546866],[-65.29900563416997,82.7995976561439],[-66.59163507801112,82.94405689017023],[-69.48888372368863,83.01679737146068]]],[[[-91.88554717570979,81.13287273904777],[-93.3327487690021,81.3643876404575],[-93.82599646848206,81.10572552121533],[-94.98052776252393,81.04967327298334],[-95.2258085335994,80.68577311261728],[-96.13283432503563,80.69140909916041],[-95.78197493665141,80.06642982727246],[-96.58908556314336,79.9166751828879],[-95.10317913439022,79.28989415311872],[-94.28410988927801,79.40042760460088],[-93.93317359659397,79.29071812775953],[-92.82192294385156,79.44991002836346],[-92.68363802646704,79.18580967649197],[-93.95020240583733,79.03739536418979],[-93.26660008483809,78.60828035758598],[-92.71554781772336,78.60501741800837],[-92.35125764269398,78.31289094202089],[-91.40963040950814,78.18798737280306],[-90.38697900330958,78.16329010623593],[-90.29722069910432,78.3280410890832],[-88.79101702836596,78.19243683586342],[-88.58066179573217,78.60191927335893],[-87.6173805089859,78.6763296765881],[-87.01646129660953,78.89870395264913],[-85.28984990261954,79.20834263633591],[-85.64787237721451,79.61142004429021],[-86.00704841630662,79.47944127949],[-86.64881479820993,79.64624670577498],[-87.62549940577999,80.1872025369577],[-87.67500380219968,80.37210244635483],[-88.64362444461838,80.38687905824662],[-89.19832417280975,80.26316201251157],[-89.32906148248448,80.53172281377198],[-90.64301539002972,80.59368570676068],[-91.88554717570979,81.13287273904777]]],[[[-103.42600965207632,79.31562413456899],[-105.38766805210295,79.32357823643491],[-104.73605791982412,78.82594149870158],[-104.3242189148559,78.26948395794318],[-102.73132212557609,78.37103059267625],[-101.07413334165622,78.19383209958852],[-100.58604921659199,77.89180694158281],[-99.95590637028832,77.79380889096947],[-99.166395842124,77.85695830744095],[-99.13156368747495,78.11751007519271],[-99.75134642596153,78.30297028734557],[-99.78181151501431,78.61965120762912],[-100.4354925702237,78.82032748481555],[-101.8726142070768,79.08840488762002],[-102.39317391931738,79.01032505065714],[-103.42600965207632,79.31562413456899]]],[[[-96.2045091324573,78.53127718082041],[-96.58704210603415,78.68710726488985],[-98.212084892634,78.8045181580406],[-98.25492608079169,78.4292691202885],[-96.98963062236825,77.80602568831051],[-95.0870072587733,77.99260650597489],[-95.56111128076519,78.5165994458855],[-96.2045091324573,78.53127718082041]]],[[[-95.48437177588468,77.79199614675971],[-95.98705673158403,77.48410428931143],[-93.51958227222298,77.47439237487845],[-93.58286352463696,77.77075957368396],[-95.48437177588468,77.79199614675971]]],[[[-104.5581343290525,77.14172634656325],[-104.54224260481347,77.33775540677556],[-105.58791586247618,77.736009816499],[-105.55634115424044,77.35264188195279],[-104.5581343290525,77.14172634656325]]],[[[-89.8332460720301,77.26760769902148],[-90.17193260838746,77.59469267243631],[-90.84256007537611,77.65499662981483],[-90.99320461237275,77.3294936877104],[-89.8332460720301,77.26760769902148]]],[[[-94.29496438187958,76.91246364250509],[-95.638240800309,77.06376735921435],[-96.75832446120087,76.9717898166432],[-95.2738956936369,76.26439110801743],[-93.66518408441786,76.27312523921],[-93.09173069340173,76.35399560362308],[-92.18511688928591,75.84653708817132],[-92.42711824129097,75.34640645385849],[-91.96158355556348,74.79321185267767],[-89.8443862091738,74.54857927498628],[-88.53494768266019,74.8317628795389],[-88.42304094011004,74.4941639897074],[-87.59258436546189,74.47033464309524],[-83.53189451329324,74.58568010647971],[-81.80882071709443,74.47661882302248],[-80.2777330122037,74.5815712196042],[-80.18972153423695,74.82770892430611],[-79.50795393010458,74.88013568411853],[-79.66019148474011,75.44950216091627],[-80.3219859435793,75.62907370096951],[-82.15365959743649,75.8310353785956],[-83.23713131845516,75.75082419389517],[-83.93197265355501,75.81896140352566],[-84.6048523178952,75.65347433666594],[-86.81443370101216,75.49136007266927],[-87.25694104211124,75.61771383725491],[-88.20130387110456,75.51203634298926],[-90.25138573641836,76.05347557262792],[-91.12424953924672,76.66193140638552],[-92.71627291540727,76.60296778108938],[-93.81093421204811,76.91414455077233],[-94.29496438187958,76.91246364250509]]],[[[-97.70092947762714,76.46649560791462],[-98.71081477005747,76.6938686634632],[-99.16965328853733,76.45367456250366],[-99.669053332002,76.62410547720822],[-100.38794923344913,76.61356958813442],[-100.02011596746428,75.93954734562564],[-101.85848029540482,76.43900781389729],[-102.14471809929267,75.87505759707179],[-102.5413849845415,75.51362936062816],[-99.91513610506118,75.68126974788251],[-100.48349733279713,75.18843403572293],[-100.23439331938832,75.0077199175011],[-97.99181449848915,75.04580951856349],[-97.65217215154846,75.94019553900975],[-97.70092947762714,76.46649560791462]]],[[[-102.22734627627281,76.01489158678103],[-102.5840668709353,76.28165063016021],[-103.09824901945605,76.3114675258289],[-104.24246964415929,76.04698265245835],[-103.31474560974598,75.76421652839042],[-102.57960092838213,75.7802345954077],[-102.22734627627281,76.01489158678103]]],[[[-93.54260412368713,75.02792377569372],[-93.75083350174764,75.34904317270906],[-94.42722879122194,75.59336813320121],[-95.67079329178516,75.52866964440503],[-96.56577806713706,75.09871967683185],[-96.27014145917973,74.92031268760431],[-94.69728922632862,74.6421608215249],[-93.54715246370438,74.69104998354612],[-93.54260412368713,75.02792377569372]]],[[[-93.17087071106911,74.1610035766077],[-94.48255044860574,74.11314712946961],[-95.1211637542169,73.98504653864546],[-95.63291792412939,73.69544691822313],[-95.54759809665595,72.78154917828257],[-95.25102765077237,72.5019581031639],[-95.19294293175975,72.02743660068734],[-94.0375601972557,72.02875496011262],[-93.34062596656821,72.80186289976061],[-92.39195100362132,72.71845469345382],[-91.90531158076062,72.84930186641401],[-90.35461327941867,73.86864638772079],[-91.08797268239411,74.00928237941375],[-92.22268463974244,73.97237930183414],[-93.17087071106911,74.1610035766077]]],[[[-100.00190063473816,73.94590225004288],[-100.91512820863754,73.8053651353068],[-100.88936526820163,73.275351687354],[-100.43882692093683,73.25457654007712],[-100.48476625374397,72.77297984201817],[-101.35057683364703,72.74630503631312],[-101.92245368651707,73.05696544855448],[-102.5037897682636,73.00593395246716],[-102.71367258877,72.78290049669349],[-101.72391425023247,72.31491585970068],[-100.5944757305853,72.15234016990516],[-99.73473509720286,71.75722785014531],[-99.16712093980792,71.36716924151577],[-98.66288691178384,71.30210820387762],[-98.18133965220333,71.66244879379539],[-97.5822826225152,71.6296875620769],[-96.61342577403279,71.83385749174036],[-96.44563157817883,72.55241831016693],[-97.72480276955346,73.03667369973354],[-97.39477346008884,73.56419325110681],[-97.58184316937343,73.88753188648809],[-99.1579473554736,73.73156996647612],[-100.00190063473816,73.94590225004288]]],[[[-86.5893567881293,71.01080570253094],[-85.4053711472607,71.22676396272223],[-86.34134042124634,72.12319344027767],[-86.62933603770125,72.87080211137479],[-85.11048710280863,73.808155662757],[-86.76875254692581,73.83399550749272],[-87.71975111835978,73.72289076692627],[-88.70520281610803,73.40327649692145],[-89.26323140184826,73.06897350565319],[-89.86153586803114,72.41191415441648],[-90.02517723169544,71.94878547464015],[-89.84574851391328,71.49228155097592],[-89.0793422346772,71.28794682638429],[-87.87242812613708,71.2085486299961],[-88.03860733169506,70.9513257197932],[-89.36551412059379,71.06718754061924],[-88.84842059500886,70.5228808792306],[-87.90070693580958,70.25189209936192],[-86.6243152855566,70.40128419490455],[-86.32201546933727,70.14543457576966],[-83.85908934999347,69.96273193208134],[-83.14995480145777,70.00906127955179],[-82.13870720428798,69.8412121520551],[-81.09830189116217,70.09117309909035],[-79.61590559437886,69.89472655839339],[-78.88965434597145,69.97750854397316],[-79.06638042693176,70.60354250340134],[-78.28281350250981,70.22915039927565],[-77.84252539977665,70.24708008745961],[-77.59164160114369,69.84560668347274],[-77.08991794919196,69.63513060122497],[-75.7871481241046,69.31865842118376],[-76.40339326479999,68.69234980354199],[-74.91728358896879,68.98287227556204],[-74.64794275838175,68.70753290958993],[-73.3282320146794,68.26673943574374],[-72.57643755240697,67.65865713715661],[-72.36492875527604,67.13342274212053],[-74.43395105099985,66.13901718660884],[-73.56072469932954,65.54292097246332],[-75.82833586981641,65.22703106783496],[-77.3266953019743,65.45310773661535],[-77.44746801165954,65.16155254971213],[-78.09561745044697,64.93924419162238],[-78.17455422103629,64.61774027310798],[-77.79116431383301,64.3670762010459],[-76.72380953678852,64.24201882322845],[-75.06740078219529,64.45668069665155],[-74.82302089006045,64.71688090188988],[-73.44362142337803,64.42351297077693],[-72.2229744041578,63.70887427164061],[-71.72528273478173,63.70613867583313],[-71.61712233026512,63.18719944705279],[-70.2361518186009,62.76337985080724],[-69.54515569849148,62.74459322899685],[-69.08234562224294,62.405181594955565],[-68.53588564045964,62.255635690813335],[-67.44012021780013,62.15124359698734],[-66.25669487968729,61.86826873267708],[-66.28124932398335,62.30267914963915],[-66.64486383980726,62.602067588794284],[-68.14125671915575,63.17232395820409],[-67.75880064987871,63.41972509068856],[-66.41446954390904,63.02721653079368],[-66.22401055226861,63.10715305728053],[-65.10846973822973,62.626457238162175],[-65.13296925088306,62.952333715437135],[-64.6784538526853,64.0279831705324],[-65.34778493290575,64.2323069087955],[-65.27482472504441,64.63152811543083],[-66.22375786671209,64.85410014540562],[-67.32607114118389,65.35662579934109],[-67.56963804500647,65.64353376927014],[-67.31123959764935,66.30375718312754],[-66.78738948000981,66.55568468297218],[-66.4769707669964,66.27973008260162],[-65.30538869105409,66.00842269920517],[-65.40160695644327,65.76399886175614],[-64.55507738313511,65.11659649330971],[-63.4018095168758,65.11845318283366],[-63.36426923224063,65.5432395759911],[-62.658913980724094,65.63991926717912],[-62.27688637826027,66.39150498920924],[-61.86267981949079,66.31282090417642],[-61.29971837223427,66.6487498720692],[-61.96853309501314,67.01906604830504],[-62.96230144346927,66.9492479304073],[-63.315841496018265,67.3363292440014],[-63.83625289282351,67.26411610648108],[-64.63778246441505,67.84025016166197],[-65.02111743997563,67.78757071629303],[-65.98583793576117,68.06855705513681],[-66.21238701666896,68.28042840110967],[-66.72899714379794,68.12901482111496],[-67.11120052751846,68.46145013653074],[-68.03793029919852,68.55074701493714],[-67.36095273431138,69.47249997978673],[-67.36368833011886,70.03442871216012],[-68.12064636680702,70.31462403534871],[-68.7440655800417,69.9414184547058],[-68.79367983974683,70.32439088142442],[-68.49576356861661,70.61026613647033],[-69.94978217877052,70.8450329911291],[-70.56096262200707,70.73826785033756],[-70.79246653708825,71.10331058887223],[-71.6406880049922,71.51625371985912],[-72.90192950818287,71.6777747221144],[-73.48161214748352,71.4792517653226],[-74.26634362273114,72.03767585889042],[-74.90317714311816,72.1005066718341],[-75.18578945858647,72.4342383740181],[-76.89349338115207,72.72067393181973],[-77.56677953964841,72.73685679376518],[-78.35022561445638,72.60021982566226],[-79.00023174276777,72.27202523306451],[-80.04180160671925,72.39423715178904],[-80.11609116033442,72.21403939100878],[-80.9193455855074,72.19125374560832],[-80.32266709594904,72.7174769102134],[-80.60344469455049,73.12116955256619],[-81.1517284068721,73.31402356382924],[-81.40613881696771,73.63452772644612],[-82.65960199954917,73.72960341366672],[-85.01839969695203,73.33550183613295],[-85.45475469406641,73.10545910274811],[-85.63789679089646,72.63318979762312],[-85.34111211160628,72.42152719189258],[-85.86209479749581,72.02196540907238],[-85.39669194771086,71.72704840563469],[-84.65993776921529,71.58612676939958],[-84.7895984186927,71.09328007091148],[-85.64386236729591,71.15245243644995],[-86.5893567881293,71.01080570253094]]],[[[-79.53728742731731,73.65446791275366],[-80.84885730156849,73.72123183131612],[-80.82416003500136,73.38068860543481],[-80.18331650469574,73.22468274010865],[-79.93684921013751,72.86361705250695],[-79.50051618568023,72.75597300543191],[-77.8359116299931,72.8968397100243],[-76.40054780570706,72.8206714942281],[-76.28951996944045,73.08099254908043],[-77.20654881301607,73.49954969395336],[-78.28653786788625,73.6658387627968],[-79.53728742731731,73.65446791275366]]],[[[-105.28891743798435,72.91994395895253],[-104.58285906144098,73.35392590910138],[-104.64879900536265,73.61442274521042],[-105.51231344259999,73.76575942090534],[-106.61395105786632,73.69560072682273],[-106.18002403936019,73.3041029091539],[-105.28891743798435,72.91994395895253]]],[[[-97.4394713377705,69.64270018159186],[-97.79074271347513,69.86160277783296],[-98.47581720249927,69.57905638033591],[-98.5035412025803,69.3082763407096],[-99.45573179066129,69.13117672457878],[-99.44085080864832,68.9176574293243],[-97.47202932241092,68.54372675099748],[-96.401576400717,68.47070062516488],[-95.68562483531969,68.7358556645766],[-96.2999583548484,69.34439938896259],[-97.4394713377705,69.64270018159186]]],[[[-75.67586760228146,68.32249505310503],[-76.74024508429049,68.23123162188924],[-77.30589818204032,67.70609610381001],[-77.00490573891774,67.26695057924545],[-75.7800729285222,67.28353993534702],[-75.1272982454177,67.53732412471564],[-75.15380825619461,68.23402214933944],[-75.67586760228146,68.32249505310503]]]]},"properties":{"featurecla":"Admin-1 scale rank","scalerank":2,"adm1_code":"CAN-634","diss_me":634,"iso_3166_2":"CA-NU","wikipedia":"http://en.wikipedia.org/wiki/Nunavut","iso_a2":"CA","adm0_sr":5,"name":"Nunavut","name_alt":"","name_local":"","type":"Territoire","type_en":"Territory","code_local":"","code_hasc":"CA.NU","note":"","hasc_maybe":"","region":"Northern Canada","region_cod":"Northern Canada","provnum_ne":1,"gadm_level":1,"check_me":20,"datarank":2,"abbrev":"Nun.","postal":"NU","area_sqkm":0,"sameascity":-99,"labelrank":2,"name_len":7,"mapcolor9":2,"mapcolor13":2,"fips":"CA14","fips_alt":"CA14","woe_id":20069920,"woe_label":"Nunavut, CA, Canada","woe_name":"Nunavut","latitude":64.3853,"longitude":-97.1443,"sov_a3":"CAN","adm0_a3":"CAN","adm0_label":2,"admin":"Canada","geonunit":"Canada","gu_a3":"CAN","gn_id":6091732,"gn_name":"Nunavut","gns_id":448560,"gns_name":"Nunavut","gn_level":1,"gn_region":"","gn_a1_code":"CA.14","region_sub":"","sub_code":"","gns_level":1,"gns_lang":"iku","gns_adm1":"CA14","gns_region":"","min_label":3.5,"max_label":7.5,"min_zoom":2,"wikidataid":"Q2023","name_ar":"نونافوت","name_bn":"নুনাভুট","name_de":"Nunavut","name_en":"Nunavut","name_es":"Nunavut","name_fr":"Nunavut","name_el":"Νούναβουτ","name_hi":"नुनावुत","name_hu":"Nunavut","name_id":"Nunavut","name_it":"Nunavut","name_ja":"ヌナブト準州","name_ko":"누나부트 준","name_nl":"Nunavut","name_pl":"Nunavut","name_pt":"Nunavut","name_ru":"Нунавут","name_sv":"Nunavut","name_tr":"Nunavut","name_vi":"Nunavut","name_zh":"努纳武特","ne_id":1159307715,"name_he":"נונאווט","name_uk":"Нунавут","name_ur":"نناوت","name_fa":"نوناووت","name_zht":"努納福特","FCLASS_ISO":"","FCLASS_US":"","FCLASS_FR":"","FCLASS_RU":"","FCLASS_ES":"","FCLASS_CN":"","FCLASS_TW":"","FCLASS_IN":"","FCLASS_NP":"","FCLASS_PK":"","FCLASS_DE":"","FCLASS_GB":"","FCLASS_BR":"","FCLASS_IL":"","FCLASS_PS":"","FCLASS_SA":"","FCLASS_EG":"","FCLASS_MA":"","FCLASS_PT":"","FCLASS_AR":"","FCLASS_JP":"","FCLASS_KO":"","FCLASS_VN":"","FCLASS_TR":"","FCLASS_ID":"","FCLASS_PL":"","FCLASS_GR":"","FCLASS_IT":"","FCLASS_NL":"","FCLASS_SE":"","FCLASS_BD":"","FCLASS_UA":"","FCLASS_TLC":""}},{"type":"Feature","geometry":{"type":"Polygon","coordinates":[[[-95.1552982770034,49.36967206448722],[-94.85433329970218,49.30458905419198],[-94.6208848044687,48.742605390175896],[-93.70773962803342,48.52546060650184],[-93.0517074985156,48.619877114009796],[-91.51830717146632,48.05831093047837],[-90.84031886435312,48.20051796715313],[-89.49838277800608,47.9978971098144],[-88.37819474699305,48.30309731676937],[-84.87597293370638,46.899901462460434],[-84.56175295101671,46.45737214870428],[-84.19217285879336,46.549558431517795],[-83.97778564358389,46.084913638402355],[-82.5510790461906,45.347357457923096],[-82.13785027066154,43.57087911867143],[-82.54532221003349,42.62468157281123],[-83.07313839227746,42.30031022254684],[-83.12166500545672,41.9500001505898],[-82.43907342668354,41.67486952486004],[-81.27764271831597,42.20917862727356],[-80.52076158592763,42.32439225471549],[-79.76202376401532,42.53897722383874],[-79.03669536720562,42.80231951904071],[-79.17184918095508,43.466574915473785],[-78.72043192740675,43.62493185510837],[-76.81996188420645,43.62878805642737],[-76.46460908744768,44.057595445831936],[-75.17938442904526,44.89937892520905],[-74.7088729364873,45.003869895991954],[-74.34044640876107,45.21444485519663],[-74.3965645749643,45.56771024953201],[-74.86418666311516,45.64217558440387],[-75.90396575551397,45.42022977515606],[-76.55312593652747,45.54207914503863],[-77.68267431946006,46.18666901337778],[-78.78099955667035,46.393442702906185],[-79.43491681794343,47.13381138349277],[-79.51324934046283,47.55105016894041],[-79.51955549304715,50.91852466263376],[-80.3679527422078,51.32986378965322],[-80.70552965938222,51.79833182510197],[-81.6612413657616,52.293914119397556],[-82.26044671088509,52.96111385188047],[-82.14144280009546,53.817640984163745],[-82.41806756650723,54.35582826055335],[-82.21939080111581,54.813474762386164],[-82.57743524836788,55.14872257790924],[-83.91060424453674,55.31466008423925],[-85.06094974740331,55.28566716321137],[-85.67667853065713,55.60105169672673],[-87.56087782128363,56.05636909690821],[-88.07508194246145,56.46730172977155],[-88.94849506171703,56.85130687137331],[-91.37845120909999,55.3170111585477],[-93.62022253485115,53.74793272955148],[-95.15382610897849,52.82235652236855],[-95.1552982770034,49.36967206448722]]]},"properties":{"featurecla":"Admin-1 scale rank","scalerank":2,"adm1_code":"CAN-682","diss_me":682,"iso_3166_2":"CA-ON","wikipedia":"http://en.wikipedia.org/wiki/Ontario","iso_a2":"CA","adm0_sr":1,"name":"Ontario","name_alt":"Upper Canada","name_local":"","type":"Province","type_en":"Province","code_local":"","code_hasc":"CA.ON","note":"","hasc_maybe":"","region":"Eastern Canada","region_cod":"","provnum_ne":7,"gadm_level":1,"check_me":20,"datarank":2,"abbrev":"Ont.","postal":"ON","area_sqkm":0,"sameascity":-99,"labelrank":2,"name_len":7,"mapcolor9":2,"mapcolor13":2,"fips":"CA08","fips_alt":"","woe_id":2344922,"woe_label":"Ontario, CA, Canada","woe_name":"Ontario","latitude":50.5244,"longitude":-84.7943,"sov_a3":"CAN","adm0_a3":"CAN","adm0_label":2,"admin":"Canada","geonunit":"Canada","gu_a3":"CAN","gn_id":6093943,"gn_name":"Ontario","gns_id":-570663,"gns_name":"Ontario, Province d'","gn_level":1,"gn_region":"","gn_a1_code":"CA.08","region_sub":"Ontario","sub_code":"","gns_level":1,"gns_lang":"fra","gns_adm1":"CA08","gns_region":"","min_label":3.5,"max_label":7.5,"min_zoom":2,"wikidataid":"Q1904","name_ar":"أونتاريو","name_bn":"অন্টারিও","name_de":"Ontario","name_en":"Ontario","name_es":"Ontario","name_fr":"Ontario","name_el":"Οντάριο","name_hi":"ओण्टारियो","name_hu":"Ontario","name_id":"Ontario","name_it":"Ontario","name_ja":"オンタリオ州","name_ko":"온타리오","name_nl":"Ontario","name_pl":"Ontario","name_pt":"Ontário","name_ru":"Онтарио","name_sv":"Ontario","name_tr":"Ontario","name_vi":"Ontario","name_zh":"安大略省","ne_id":1159309687,"name_he":"אונטריו","name_uk":"Онтаріо","name_ur":"انٹاریو","name_fa":"انتاریو","name_zht":"安大略省","FCLASS_ISO":"","FCLASS_US":"","FCLASS_FR":"","FCLASS_RU":"","FCLASS_ES":"","FCLASS_CN":"","FCLASS_TW":"","FCLASS_IN":"","FCLASS_NP":"","FCLASS_PK":"","FCLASS_DE":"","FCLASS_GB":"","FCLASS_BR":"","FCLASS_IL":"","FCLASS_PS":"","FCLASS_SA":"","FCLASS_EG":"","FCLASS_MA":"","FCLASS_PT":"","FCLASS_AR":"","FCLASS_JP":"","FCLASS_KO":"","FCLASS_VN":"","FCLASS_TR":"","FCLASS_ID":"","FCLASS_PL":"","FCLASS_GR":"","FCLASS_IT":"","FCLASS_NL":"","FCLASS_SE":"","FCLASS_BD":"","FCLASS_UA":"","FCLASS_TLC":""}},{"type":"Feature","geometry":{"type":"Polygon","coordinates":[[[-63.81126998171423,46.468688067104694],[-63.6409928756093,46.230460518954544],[-62.87835490706385,46.00137359615306],[-62.16356239932793,46.48718904437297],[-63.81126998171423,46.468688067104694]]]},"properties":{"featurecla":"Admin-1 scale rank","scalerank":2,"adm1_code":"CAN-687","diss_me":687,"iso_3166_2":"CA-PE","wikipedia":"http://en.wikipedia.org/wiki/Prince_Edward_Island","iso_a2":"CA","adm0_sr":3,"name":"Prince Edward Island","name_alt":"Île de Saint-Jean|Île du Prince-Édouard","name_local":"","type":"Province","type_en":"Province","code_local":"","code_hasc":"CA.PE","note":"","hasc_maybe":"","region":"Eastern Canada","region_cod":"","provnum_ne":9,"gadm_level":1,"check_me":20,"datarank":2,"abbrev":"P.E.I.","postal":"PE","area_sqkm":0,"sameascity":-99,"labelrank":2,"name_len":20,"mapcolor9":2,"mapcolor13":2,"fips":"CA09","fips_alt":"","woe_id":2344923,"woe_label":"Prince Edward Island, CA, Canada","woe_name":"Prince Edward Island","latitude":46.3417,"longitude":-63.3862,"sov_a3":"CAN","adm0_a3":"CAN","adm0_label":2,"admin":"Canada","geonunit":"Canada","gu_a3":"CAN","gn_id":6113358,"gn_name":"Prince Edward Island","gns_id":-571729,"gns_name":"Ile-du-Prince-Edouard, Province d'","gn_level":1,"gn_region":"","gn_a1_code":"CA.09","region_sub":"Atlantic Canada","sub_code":"","gns_level":1,"gns_lang":"fra","gns_adm1":"CA09","gns_region":"","min_label":3.5,"max_label":7.5,"min_zoom":2,"wikidataid":"Q1979","name_ar":"جزيرة الأمير إدوارد","name_bn":"প্রিন্স এডওয়ার্ড দ্বীপ","name_de":"Prince Edward Island","name_en":"Prince Edward Island","name_es":"Isla del Príncipe Eduardo","name_fr":"Île-du-Prince-Édouard","name_el":"Νήσος του Πρίγκηπα Εδουάρδου","name_hi":"प्रिंस एडवर्ड द्वीप","name_hu":"Prince Edward-sziget","name_id":"Pulau Pangeran Edward","name_it":"Isola del Principe Edoardo","name_ja":"プリンスエドワードアイランド州","name_ko":"프린스에드워드아일랜드","name_nl":"Prins Edwardeiland","name_pl":"Wyspa Księcia Edwarda","name_pt":"Ilha do Príncipe Eduardo","name_ru":"Остров Принца Эдуарда","name_sv":"Prince Edward Island","name_tr":"Prens Edward Adası","name_vi":"Đảo Hoàng tử Edward","name_zh":"爱德华王子岛","ne_id":1159310911,"name_he":"אי הנסיך אדוארד","name_uk":"Острів Принца Едварда","name_ur":"پرنس ایڈورڈ آئی لینڈ","name_fa":"جزیره پرنس ادوارد","name_zht":"愛德華王子島省","FCLASS_ISO":"","FCLASS_US":"","FCLASS_FR":"","FCLASS_RU":"","FCLASS_ES":"","FCLASS_CN":"","FCLASS_TW":"","FCLASS_IN":"","FCLASS_NP":"","FCLASS_PK":"","FCLASS_DE":"","FCLASS_GB":"","FCLASS_BR":"","FCLASS_IL":"","FCLASS_PS":"","FCLASS_SA":"","FCLASS_EG":"","FCLASS_MA":"","FCLASS_PT":"","FCLASS_AR":"","FCLASS_JP":"","FCLASS_KO":"","FCLASS_VN":"","FCLASS_TR":"","FCLASS_ID":"","FCLASS_PL":"","FCLASS_GR":"","FCLASS_IT":"","FCLASS_NL":"","FCLASS_SE":"","FCLASS_BD":"","FCLASS_UA":"","FCLASS_TLC":""}},{"type":"Feature","geometry":{"type":"MultiPolygon","coordinates":[[[[-66.70437678153063,48.0224405677819],[-65.92672050186539,48.188839499910756],[-65.25942189242559,48.021254044299155],[-64.25374436382766,48.5503666133113],[-64.26183030163612,48.9218693130299],[-64.83634936652103,49.1917265010585],[-66.17817558958264,49.21311688273386],[-67.56088194115682,48.855929369108225],[-68.98707218110854,48.27498330202502],[-70.51948923175311,47.03252842064475],[-71.90093215554472,46.63191195028432],[-73.15955891254191,46.01003082304581],[-73.55808798047896,45.425085732372565],[-74.7088729364873,45.003869895991954],[-73.35218221090553,45.00541896831666],[-71.51752027568435,45.007561302382754],[-71.08454906776156,45.294007846512955],[-70.2962470357371,45.90608916869013],[-70.0076801301979,46.708937099706986],[-69.24287785492926,47.4629947456595],[-69.0536603184143,47.29458531540706],[-68.3792096090923,47.58898596140318],[-68.3779132223241,47.92937537868488],[-67.61289122048457,47.99856727585558],[-67.36485288094454,47.85480018052755],[-66.70437678153063,48.0224405677819]]],[[[-64.6142717213307,60.30597985472113],[-64.93122729982784,60.25198204992688],[-65.43341237757843,59.776504736867],[-65.60710623186057,59.213125809125785],[-66.04304374849028,58.820650208216534],[-67.56961607234938,58.213501747555654],[-68.2529876804492,58.556637746973394],[-68.47488954438282,58.823484680980926],[-69.17349919017329,58.896642642756035],[-69.6818915435513,59.34173177106297],[-69.80568549358617,59.944870221805246],[-69.7084015543282,60.91463344239253],[-70.27927315813648,61.0686727549093],[-71.42271924667736,61.15895840288468],[-72.22612748044995,61.8315743953398],[-73.7639717773953,62.4687484919117],[-74.64577845165856,62.21114106020974],[-75.81688811547347,62.31586274389207],[-77.37243138770336,62.572514365010676],[-78.0681186701011,62.35541352665081],[-78.13713478601511,62.10737518711076],[-77.73617773946981,61.437340981863485],[-77.87155127979015,60.785851699198645],[-77.31180882679705,60.04238487396265],[-77.7261582078376,59.67586996740309],[-78.51509744691761,58.682365290832024],[-77.15678074471131,58.01888992372557],[-76.65541964160154,57.38058423531362],[-76.52556123821033,56.89176951940121],[-76.6504538210996,56.10722481173883],[-77.89110694459863,55.236426438676745],[-79.665519854084,54.69743716030345],[-78.99602397893538,54.00249694824669],[-79.11314922754397,53.71721495494219],[-78.72379374394124,52.627744698538436],[-78.49164163547597,52.25211113928728],[-79.04054058219606,51.463787134605724],[-79.52134626459983,51.54471243066155],[-79.52046735831631,50.965985601944226],[-79.51955549304715,50.91852466263376],[-79.51324934046283,47.55105016894041],[-79.43491681794343,47.13381138349277],[-78.78099955667035,46.393442702906185],[-77.68267431946006,46.18666901337778],[-76.55312593652747,45.54207914503863],[-75.90396575551397,45.42022977515606],[-74.86418666311516,45.64217558440387],[-74.3965645749643,45.56771024953201],[-74.34044640876107,45.21444485519663],[-72.98102008737182,46.20974030332039],[-71.87960769184065,46.68681063401917],[-71.26779004154852,46.795959808104755],[-70.70586130917515,47.13980991887783],[-69.90555122005199,47.832223275369444],[-69.77498969163396,48.09810341246509],[-68.92904239373863,48.82895793253246],[-68.28192566983434,49.197153747359295],[-67.37200498082674,49.34845746406856],[-66.94117610697005,49.99369552579182],[-66.49552667590737,50.21187302434899],[-62.715438641083466,50.30168626019699],[-61.28976475857331,50.20195236967368],[-60.080202944854065,50.25457688339989],[-59.16537136698726,50.77989916906435],[-58.51037744551685,51.29505910082551],[-57.100128368282626,51.44334157718518],[-57.10102924722324,52.001117477368894],[-63.60657270828065,52.00083183282675],[-64.01761520442943,52.52547296612147],[-63.522549267575414,52.64880549035746],[-63.67161177326169,53.10073910134736],[-64.17847702697208,52.815325272100324],[-64.13067551147671,52.1866875528072],[-64.29051560546475,51.72877737908931],[-65.13713306940127,52.15469536408679],[-65.88292899628863,52.05421440322249],[-66.39423272673082,52.4178289190464],[-66.30021172705045,52.896876788883134],[-67.06802425634018,52.75492243776489],[-66.9379021810639,53.32883725457987],[-67.75725157755399,54.033654175997754],[-67.62013121099513,54.50653871552123],[-66.65078547089253,54.798566314551834],[-66.73341364787267,55.318900807057275],[-65.6758037442468,54.744931058599576],[-64.34105271676759,54.726320218045856],[-63.751240682549295,54.61217226447272],[-63.51089277299013,55.16764103566217],[-63.16138470301682,55.30747502537142],[-64.00414596563436,56.097457965663125],[-64.11186691700922,56.690906474629514],[-63.757854452332836,57.227665528308364],[-63.74372603382514,57.58087599100102],[-64.37138596987784,58.16929276149423],[-63.84800826436569,58.459738329214474],[-64.81802417050949,59.54024374152624],[-64.6142717213307,60.30597985472113]]],[[[-61.801134406986776,49.093904231701885],[-61.81715247400406,49.28355023503005],[-62.85853557037029,49.70549116909456],[-64.13143356814625,49.94165328747843],[-63.565857374696236,49.39933515155627],[-62.21950478427446,49.079127619810066],[-61.801134406986776,49.093904231701885]]]]},"properties":{"featurecla":"Admin-1 scale rank","scalerank":2,"adm1_code":"CAN-683","diss_me":683,"iso_3166_2":"CA-QC","wikipedia":"http://en.wikipedia.org/wiki/Quebec","iso_a2":"CA","adm0_sr":6,"name":"Québec","name_alt":"Lower Canada","name_local":"","type":"Province","type_en":"Province","code_local":"","code_hasc":"CA.QC","note":"","hasc_maybe":"","region":"Eastern Canada","region_cod":"","provnum_ne":4,"gadm_level":1,"check_me":20,"datarank":2,"abbrev":"Que.","postal":"QC","area_sqkm":0,"sameascity":-99,"labelrank":2,"name_len":6,"mapcolor9":2,"mapcolor13":2,"fips":"CA10","fips_alt":"","woe_id":2344924,"woe_label":"Quebec, CA, Canada","woe_name":"Québec","latitude":52.2593,"longitude":-73.7168,"sov_a3":"CAN","adm0_a3":"CAN","adm0_label":2,"admin":"Canada","geonunit":"Canada","gu_a3":"CAN","gn_id":6115047,"gn_name":"Quebec","gns_id":-571854,"gns_name":"Quebec, Province du","gn_level":1,"gn_region":"","gn_a1_code":"CA.10","region_sub":"Québec","sub_code":"","gns_level":1,"gns_lang":"fra","gns_adm1":"CA10","gns_region":"","min_label":3.5,"max_label":7.5,"min_zoom":2,"wikidataid":"Q176","name_ar":"كيبك","name_bn":"কেবেক","name_de":"Québec","name_en":"Quebec","name_es":"Quebec","name_fr":"Québec","name_el":"Κεμπέκ","name_hi":"क्यूबेक","name_hu":"Québec","name_id":"Quebec","name_it":"Québec","name_ja":"ケベック州","name_ko":"퀘벡","name_nl":"Quebec","name_pl":"Quebec","name_pt":"Quebeque","name_ru":"Квебек","name_sv":"Québec","name_tr":"Québec","name_vi":"Québec","name_zh":"魁北克","ne_id":1159308703,"name_he":"קוויבק","name_uk":"Квебек","name_ur":"کیوبیک","name_fa":"استان کبک","name_zht":"魁北克","FCLASS_ISO":"","FCLASS_US":"","FCLASS_FR":"","FCLASS_RU":"","FCLASS_ES":"","FCLASS_CN":"","FCLASS_TW":"","FCLASS_IN":"","FCLASS_NP":"","FCLASS_PK":"","FCLASS_DE":"","FCLASS_GB":"","FCLASS_BR":"","FCLASS_IL":"","FCLASS_PS":"","FCLASS_SA":"","FCLASS_EG":"","FCLASS_MA":"","FCLASS_PT":"","FCLASS_AR":"","FCLASS_JP":"","FCLASS_KO":"","FCLASS_VN":"","FCLASS_TR":"","FCLASS_ID":"","FCLASS_PL":"","FCLASS_GR":"","FCLASS_IT":"","FCLASS_NL":"","FCLASS_SE":"","FCLASS_BD":"","FCLASS_UA":"","FCLASS_TLC":""}},{"type":"Feature","geometry":{"type":"Polygon","coordinates":[[[-109.99943214404341,48.99308269465271],[-104.03392715573527,48.993137626295436],[-101.36727055986977,48.993137626295436],[-102.00110481256425,55.81752631435958],[-102.0016486358272,60.00108726496538],[-110.0000254057848,60.00108726496538],[-109.99943214404341,48.99308269465271]]]},"properties":{"featurecla":"Admin-1 scale rank","scalerank":2,"adm1_code":"CAN-631","diss_me":631,"iso_3166_2":"CA-SK","wikipedia":"http://en.wikipedia.org/wiki/Saskatchewan","iso_a2":"CA","adm0_sr":1,"name":"Saskatchewan","name_alt":"","name_local":"","type":"Province","type_en":"Province","code_local":"","code_hasc":"CA.SK","note":"","hasc_maybe":"","region":"Western Canada","region_cod":"","provnum_ne":13,"gadm_level":1,"check_me":20,"datarank":2,"abbrev":"Sask.","postal":"SK","area_sqkm":0,"sameascity":-99,"labelrank":2,"name_len":12,"mapcolor9":2,"mapcolor13":2,"fips":"CA11","fips_alt":"","woe_id":2344925,"woe_label":"Saskatchewan, CA, Canada","woe_name":"Saskatchewan","latitude":54.4965,"longitude":-105.682,"sov_a3":"CAN","adm0_a3":"CAN","adm0_label":2,"admin":"Canada","geonunit":"Canada","gu_a3":"CAN","gn_id":6141242,"gn_name":"Saskatchewan","gns_id":-573211,"gns_name":"Saskatchewan, Province de","gn_level":1,"gn_region":"","gn_a1_code":"CA.11","region_sub":"Prairies","sub_code":"","gns_level":1,"gns_lang":"fra","gns_adm1":"CA11","gns_region":"","min_label":3.5,"max_label":7.5,"min_zoom":2,"wikidataid":"Q1989","name_ar":"ساسكاتشوان","name_bn":"সাসক্যাচুয়ান","name_de":"Saskatchewan","name_en":"Saskatchewan","name_es":"Saskatchewan","name_fr":"Saskatchewan","name_el":"Σασκάτσουαν","name_hi":"सैस्कैचेवेन","name_hu":"Saskatchewan","name_id":"Saskatchewan","name_it":"Saskatchewan","name_ja":"サスカチュワン州","name_ko":"서스캐처원","name_nl":"Saskatchewan","name_pl":"Saskatchewan","name_pt":"Saskatchewan","name_ru":"Саскачеван","name_sv":"Saskatchewan","name_tr":"Saskatchewan","name_vi":"Saskatchewan","name_zh":"萨斯喀彻温","ne_id":1159308773,"name_he":"ססקצ'ואן","name_uk":"Саскачеван","name_ur":"ساسکچیوان","name_fa":"سسکچوان","name_zht":"薩斯喀徹溫","FCLASS_ISO":"","FCLASS_US":"","FCLASS_FR":"","FCLASS_RU":"","FCLASS_ES":"","FCLASS_CN":"","FCLASS_TW":"","FCLASS_IN":"","FCLASS_NP":"","FCLASS_PK":"","FCLASS_DE":"","FCLASS_GB":"","FCLASS_BR":"","FCLASS_IL":"","FCLASS_PS":"","FCLASS_SA":"","FCLASS_EG":"","FCLASS_MA":"","FCLASS_PT":"","FCLASS_AR":"","FCLASS_JP":"","FCLASS_KO":"","FCLASS_VN":"","FCLASS_TR":"","FCLASS_ID":"","FCLASS_PL":"","FCLASS_GR":"","FCLASS_IT":"","FCLASS_NL":"","FCLASS_SE":"","FCLASS_BD":"","FCLASS_UA":"","FCLASS_TLC":""}},{"type":"Feature","geometry":{"type":"Polygon","coordinates":[[[-123.81915679231783,60.00108726496538],[-124.59944429766938,60.662134653463596],[-124.582596762847,60.95282192041182],[-125.37869908813776,60.79166346699847],[-126.88966533229998,60.79561854527435],[-127.166597715911,61.46452115868158],[-127.99357711757494,61.711219166139244],[-128.56082872612794,62.116911320287045],[-129.1362212041321,62.12551361553707],[-129.8274974756194,63.09176121099023],[-130.14512322015773,63.761839361551694],[-130.8466607225052,64.04880226312346],[-131.10671810547248,64.40090310663317],[-131.58591429074454,64.3802597952988],[-132.0521685809917,64.6841965744712],[-132.55368898586534,64.78022807227515],[-132.59688722970074,65.28024884330253],[-132.1961883618762,65.62766951085246],[-132.93797977200927,66.02865951638339],[-133.58894720406826,65.9625877365192],[-133.65176153751912,66.5860618813966],[-134.05558052265016,67.00448719032701],[-136.1260530137418,67.00469593056937],[-136.16925125757717,67.51423086211594],[-136.44543657084716,67.74659171082357],[-136.44375566257992,68.89512446948035],[-138.1283553362173,69.15195187185566],[-139.18152401652924,69.51555540135104],[-141.00213718412465,69.65078611940032],[-141.00213718412465,60.30024499122109],[-139.97328399546294,60.18315270159815],[-139.0792577772765,60.34370690694155],[-139.05651882377236,60.00158164974988],[-123.81915679231783,60.00108726496538]]]},"properties":{"featurecla":"Admin-1 scale rank","scalerank":2,"adm1_code":"CAN-636","diss_me":636,"iso_3166_2":"CA-YT","wikipedia":"http://en.wikipedia.org/wiki/Yukon","iso_a2":"CA","adm0_sr":5,"name":"Yukon","name_alt":"Yukon Territory|Territoire du Yukon|Yukon|Yuk¢n","name_local":"","type":"Territoire","type_en":"Territory","code_local":"","code_hasc":"CA.YT","note":"","hasc_maybe":"","region":"Northern Canada","region_cod":"Northern Canada","provnum_ne":8,"gadm_level":1,"check_me":20,"datarank":2,"abbrev":"Yuk.","postal":"YT","area_sqkm":0,"sameascity":-99,"labelrank":2,"name_len":5,"mapcolor9":2,"mapcolor13":2,"fips":"CA12","fips_alt":"","woe_id":2344926,"woe_label":"Yukon Territory, CA, Canada","woe_name":"Yukon","latitude":63.6088,"longitude":-135.7,"sov_a3":"CAN","adm0_a3":"CAN","adm0_label":2,"admin":"Canada","geonunit":"Canada","gu_a3":"CAN","gn_id":6185811,"gn_name":"Yukon","gns_id":-576336,"gns_name":"Yukon","gn_level":1,"gn_region":"","gn_a1_code":"CA.12","region_sub":"","sub_code":"","gns_level":1,"gns_lang":"por","gns_adm1":"CA12","gns_region":"","min_label":3.5,"max_label":7.5,"min_zoom":2,"wikidataid":"Q2009","name_ar":"يوكون","name_bn":"ইউকন","name_de":"Yukon","name_en":"Yukon","name_es":"Yukón","name_fr":"Yukon","name_el":"Γιούκον","name_hi":"युकॉन प्रांत","name_hu":"Yukon","name_id":"Yukon","name_it":"Yukon","name_ja":"ユーコン準州","name_ko":"유콘 준","name_nl":"Yukon","name_pl":"Jukon","name_pt":"Yukon","name_ru":"Юкон","name_sv":"Yukon","name_tr":"Yukon","name_vi":"Yukon","name_zh":"育空","ne_id":1159309667,"name_he":"יוקון","name_uk":"Юкон","name_ur":"يوكون","name_fa":"یوکان","name_zht":"育空","FCLASS_ISO":"","FCLASS_US":"","FCLASS_FR":"","FCLASS_RU":"","FCLASS_ES":"","FCLASS_CN":"","FCLASS_TW":"","FCLASS_IN":"","FCLASS_NP":"","FCLASS_PK":"","FCLASS_DE":"","FCLASS_GB":"","FCLASS_BR":"","FCLASS_IL":"","FCLASS_PS":"","FCLASS_SA":"","FCLASS_EG":"","FCLASS_MA":"","FCLASS_PT":"","FCLASS_AR":"","FCLASS_JP":"","FCLASS_KO":"","FCLASS_VN":"","FCLASS_TR":"","FCLASS_ID":"","FCLASS_PL":"","FCLASS_GR":"","FCLASS_IT":"","FCLASS_NL":"","FCLASS_SE":"","FCLASS_BD":"","FCLASS_UA":"","FCLASS_TLC":""}},{"type":"Feature","geometry":{"type":"MultiPolygon","coordinates":[[[[-139.05651882377236,60.00158164974988],[-139.0792577772765,60.34370690694155],[-139.97328399546294,60.18315270159815],[-141.00213718412465,60.30024499122109],[-141.00213718412465,69.65078611940032],[-141.407900749408,69.65336790660817],[-143.21833233702515,70.11623291449945],[-145.1973848417192,70.00869873070985],[-145.8231359031874,70.16005737906184],[-147.7053466683474,70.21720826014823],[-149.2694373041846,70.50076539987131],[-151.22481976403043,70.41875245728966],[-151.94467422264304,70.45210695074954],[-152.300414287483,70.84679080369614],[-153.23291462823084,70.93257205696844],[-154.1952346112295,70.8011096496098],[-155.16685452134072,71.09922367465381],[-155.5793856650072,70.89432864730645],[-155.8111559985556,71.18842167610333],[-156.7832922661084,71.31895024553572],[-157.99846534713154,70.84528567668559],[-159.31450665710014,70.8785193205315],[-160.9962663648089,70.30459351738796],[-161.88096656335244,70.33175172154895],[-162.95211574361784,69.75812254927612],[-163.16145611415237,69.38796018163993],[-164.30236848067275,68.93648799644888],[-166.20907463861292,68.88535762340464],[-166.38053689490954,68.42512933436396],[-165.95958061054077,68.15588738073382],[-165.38602284940347,68.04558464215111],[-164.12516998758505,67.60672476212869],[-163.72056959983632,67.19553944370884],[-163.0016984176284,67.027283822056],[-161.71994269246377,67.02056018898702],[-161.3980501325771,66.55185045431028],[-161.81631888632577,66.05364242749266],[-163.69537794848472,66.08382187200328],[-163.81570571186393,66.58348009418876],[-164.67412935911213,66.55500353060245],[-165.77615424245963,66.31905015246093],[-167.40530591593497,65.85933822086182],[-167.9872338861318,65.56778303395859],[-166.66537668849014,65.33828961700101],[-166.14277351914035,64.58278177568067],[-164.8994905432461,64.46066873391305],[-163.71310301629953,64.58825296729563],[-162.80700831620743,64.37420632827101],[-161.75937125231746,64.81625224357123],[-160.88696887528795,64.79555400059417],[-160.98753223361632,64.25126931186259],[-160.77855303863268,63.81894629732389],[-161.0997218741265,63.55793310377328],[-161.9739836872621,63.4529477482059],[-163.35883511948452,63.045761453376116],[-164.10760010166092,63.2617197135674],[-164.7640716843205,62.97062595246305],[-164.7792135916364,62.48115205683797],[-165.19451054351387,62.473527544828386],[-166.10050224677587,61.64507048197524],[-164.7539697552242,60.93132167545102],[-165.3538287868961,60.54121912150728],[-164.66226961744877,60.30381554799794],[-163.90688949219776,59.806794044663064],[-162.57074320099346,59.9897274012508],[-162.24249505004406,60.178318717038735],[-161.8286949854307,59.58861654610587],[-161.75544363986296,58.612030815492716],[-160.3631242508127,59.05117634005728],[-159.67027418776146,58.91113361010571],[-158.950705373691,58.40455400093748],[-158.76058695823542,58.95012409010869],[-158.30257790756065,58.64179277951868],[-157.14203159864087,58.877647280703314],[-157.5236087616344,58.42134111095285],[-157.73718848169585,57.54816969092525],[-158.3209250762293,57.29790112669076],[-159.2830885040462,56.68857737297816],[-160.30204575727177,56.314130337209775],[-160.8513127459981,55.771889105587405],[-161.21563038684883,56.0214105994809],[-162.1571244108011,55.71944037311789],[-162.9065883981311,55.19554631016416],[-162.3329276401637,55.050230142511424],[-161.74156928020284,55.39113591723469],[-160.4993190191917,55.5372870458568],[-158.27565590946332,56.19625801826018],[-158.414407745811,56.43583688482124],[-157.57838659575523,56.6344477322414],[-156.47514497652148,57.10520092402734],[-156.4784024229348,57.327871830959054],[-155.77798003293455,57.56821974051823],[-155.0068633653352,58.01604446463264],[-154.2470131776578,58.159427038461615],[-154.01989555424785,58.49297197306035],[-153.33440907790333,58.85788287565248],[-154.12981102474942,59.11985187978644],[-154.0674883295009,59.33638142906199],[-153.414403282615,59.74012900305749],[-152.7594560530409,59.92088706659348],[-152.65393236737486,60.23844689316056],[-151.73396193433157,60.91072230943084],[-150.61224955023306,61.301143466902346],[-150.44125009302633,61.023562889907225],[-151.32179059292488,60.742906140919786],[-151.4514732150594,60.2026534347639],[-151.7345057575945,59.9883321375257],[-151.73819991056746,59.188527419515566],[-150.9607551177267,59.243986406006144],[-150.58155374828084,59.56457845925141],[-150.1980622175385,59.5665450120608],[-149.4322162410582,60.00104331965122],[-148.43070253097846,59.98913413950942],[-148.19761658458697,60.16777184163641],[-148.3444268929217,60.85354945568736],[-147.56726499804094,60.99493251772134],[-146.63843409102682,60.897318988607026],[-146.50298913957096,60.70079554361027],[-145.7184389387443,60.4675777612762],[-144.18548355800107,60.15074303239305],[-144.14721542909984,60.0163912206273],[-142.94563518306788,60.09695396784116],[-141.6701581446662,59.96987510557162],[-140.84315402376302,59.74886313425006],[-140.21673279625367,59.726637791605356],[-138.0269185647697,58.941466863215965],[-137.54400350728542,58.58118120494089],[-136.58261186904875,58.24520829173392],[-135.86172744213513,58.57705034540831],[-135.3025397987335,58.255930948392944],[-134.77613535970744,58.45384965711483],[-134.06333687060228,58.211073768947415],[-133.55421941954037,57.69507887621691],[-133.46585088589595,57.17217358283213],[-132.9134088482204,57.047478753856666],[-131.84383483281,56.160091024693],[-130.9185662428263,55.735974797576745],[-131.04785885029747,55.15766544934414],[-130.57533136645168,54.7696832568094],[-130.21408989759328,55.025895424786256],[-130.02508110132067,55.88821235221229],[-130.7416808601021,56.340827115571926],[-131.5751147297857,56.59881906877291],[-133.82074225685585,58.70505205927557],[-134.94377025379754,59.28827229636741],[-135.47593702214496,59.793280860553836],[-136.32182938839756,59.60483236703695],[-136.57873918823697,59.15225056266297],[-137.4385786985763,58.903124576597065],[-137.59329916346277,59.226254471735984],[-139.05651882377236,60.00158164974988]]],[[[-171.4630431923074,63.64002295065475],[-169.777796698577,63.093749736456715],[-169.42758550357686,63.348324941480485],[-170.43041894637292,63.698854740008386],[-171.4630431923074,63.64002295065475]]],[[[-166.1354346516729,60.383554320570966],[-166.47569909946742,60.382774291244345],[-167.13886272950143,60.00853599571829],[-166.18755104770395,59.77382407270224],[-165.5917995296165,59.91314170496992],[-165.68936362025235,60.22413170706761],[-166.1354346516729,60.383554320570966]]],[[[-134.68027414999594,58.16166824948462],[-134.65988901738237,57.63808180373013],[-134.4353009961197,57.05698192804729],[-133.92530463877426,57.33675977075123],[-133.9611420424851,57.614186539146715],[-134.68027414999594,58.16166824948462]]],[[[-135.73036940489766,58.244252481150596],[-136.32198319699717,58.21887406221373],[-136.45990556553974,57.87307937128833],[-135.6919447208147,57.419904305172935],[-135.4978437612619,57.662273699184226],[-134.93149852481378,57.48114210047774],[-135.00209117887385,58.05107986635977],[-135.73036940489766,58.244252481150596]]],[[[-152.8980513342068,57.82391555105349],[-154.53531641131195,57.55943067768297],[-154.3389467749148,56.92091624902869],[-152.41218919409062,57.45478589830046],[-152.51156328235407,57.851458276713544],[-152.8980513342068,57.82391555105349]]],[[[-134.96976390713286,57.351437505686135],[-135.31514661073786,56.93182567327298],[-134.75029551497175,56.24075264886375],[-134.6207172629584,56.718295391689935],[-134.96976390713286,57.351437505686135]]],[[[-133.56610662702508,56.3392011389474],[-133.44696538712864,55.79700385263919],[-132.78230349653944,55.04847232994436],[-131.98087829506903,54.80481753549344],[-131.97643432517296,55.208598068474544],[-132.41785401974616,55.48291570589208],[-132.75757327098665,55.99501045198943],[-133.56610662702508,56.3392011389474]]],[[[-130.9791338720899,55.48916692683366],[-131.26921689096818,55.955393751259436],[-131.62495970239027,55.83168769185292],[-131.84608153699727,55.41625066428651],[-131.18787960759198,55.20629093948031],[-130.9791338720899,55.48916692683366]]],[[[-166.61535456133782,53.90095031351362],[-166.97809703733355,53.962935179159416],[-167.15364208797538,53.40785092946899],[-166.44417657629228,53.65181334111918],[-166.61535456133782,53.90095031351362]]]]},"properties":{"featurecla":"Admin-1 scale rank","scalerank":2,"adm1_code":"USA-3563","diss_me":3563,"iso_3166_2":"US-AK","wikipedia":"http://en.wikipedia.org/wiki/Alaska","iso_a2":"US","adm0_sr":6,"name":"Alaska","name_alt":"AK|Alaska","name_local":"","type":"State","type_en":"State","code_local":"US02","code_hasc":"US.AK","note":"","hasc_maybe":"","region":"West","region_cod":"","provnum_ne":0,"gadm_level":1,"check_me":20,"datarank":1,"abbrev":"Alaska","postal":"AK","area_sqkm":0,"sameascity":-99,"labelrank":0,"name_len":6,"mapcolor9":1,"mapcolor13":1,"fips":"US02","fips_alt":"","woe_id":2347560,"woe_label":"Alaska, US, United States","woe_name":"Alaska","latitude":65.3609,"longitude":-151.604,"sov_a3":"US1","adm0_a3":"USA","adm0_label":2,"admin":"United States of America","geonunit":"United States of America","gu_a3":"USA","gn_id":5879092,"gn_name":"Alaska","gns_id":-1,"gns_name":"","gn_level":1,"gn_region":"","gn_a1_code":"US.AK","region_sub":"Pacific","sub_code":"","gns_level":-1,"gns_lang":"","gns_adm1":"","gns_region":"","min_label":3.5,"max_label":7.5,"min_zoom":2,"wikidataid":"Q797","name_ar":"ألاسكا","name_bn":"আলাস্কা","name_de":"Alaska","name_en":"Alaska","name_es":"Alaska","name_fr":"Alaska","name_el":"Αλάσκα","name_hi":"अलास्का","name_hu":"Alaszka","name_id":"Alaska","name_it":"Alaska","name_ja":"アラスカ州","name_ko":"알래스카","name_nl":"Alaska","name_pl":"Alaska","name_pt":"Alasca","name_ru":"Аляска","name_sv":"Alaska","name_tr":"Alaska","name_vi":"Alaska","name_zh":"阿拉斯加州","ne_id":1159308731,"name_he":"אלסקה","name_uk":"Аляска","name_ur":"الاسکا","name_fa":"آلاسکا","name_zht":"阿拉斯加州","FCLASS_ISO":"","FCLASS_US":"","FCLASS_FR":"","FCLASS_RU":"","FCLASS_ES":"","FCLASS_CN":"","FCLASS_TW":"","FCLASS_IN":"","FCLASS_NP":"","FCLASS_PK":"","FCLASS_DE":"","FCLASS_GB":"","FCLASS_BR":"","FCLASS_IL":"","FCLASS_PS":"","FCLASS_SA":"","FCLASS_EG":"","FCLASS_MA":"","FCLASS_PT":"","FCLASS_AR":"","FCLASS_JP":"","FCLASS_KO":"","FCLASS_VN":"","FCLASS_TR":"","FCLASS_ID":"","FCLASS_PL":"","FCLASS_GR":"","FCLASS_IT":"","FCLASS_NL":"","FCLASS_SE":"","FCLASS_BD":"","FCLASS_UA":"","FCLASS_TLC":""}},{"type":"Feature","geometry":{"type":"Polygon","coordinates":[[[-114.61054254943551,34.991116828488856],[-118.12627205366712,37.692380359268256],[-120.0000617979981,39.00025882712862],[-120.0008088683391,42.00055923454974],[-124.22840851691392,42.00076797479207],[-124.06851898444742,41.384171271583284],[-124.3716537616361,40.49120248751922],[-123.88447600867674,39.860795969330496],[-123.70112517160433,38.907292514988484],[-122.46691003663214,37.83821288436258],[-122.39490014618987,37.207520721631695],[-121.88066855919068,36.93893794771421],[-121.87741111277737,36.331064389369416],[-120.63361040615044,35.07645862861939],[-120.48119157709394,34.47163926960985],[-119.60605360425694,34.41800401365758],[-119.1437324196286,34.112023777375995],[-118.50619577421476,34.01740951595424],[-117.46742193087775,33.29548688099321],[-117.12827396872153,32.533365269889316],[-114.72477290047274,32.71534281589372],[-114.50905084634516,33.903920742093746],[-114.12561150066342,34.28650864731331],[-114.61054254943551,34.991116828488856]]]},"properties":{"featurecla":"Admin-1 scale rank","scalerank":2,"adm1_code":"USA-3521","diss_me":3521,"iso_3166_2":"US-CA","wikipedia":"http://en.wikipedia.org/wiki/California","iso_a2":"US","adm0_sr":8,"name":"California","name_alt":"CA|Calif.","name_local":"","type":"State","type_en":"State","code_local":"US06","code_hasc":"US.CA","note":"","hasc_maybe":"","region":"West","region_cod":"","provnum_ne":0,"gadm_level":1,"check_me":20,"datarank":1,"abbrev":"Calif.","postal":"CA","area_sqkm":0,"sameascity":-99,"labelrank":0,"name_len":10,"mapcolor9":1,"mapcolor13":1,"fips":"US06","fips_alt":"","woe_id":2347563,"woe_label":"California, US, United States","woe_name":"California","latitude":36.7496,"longitude":-119.591,"sov_a3":"US1","adm0_a3":"USA","adm0_label":2,"admin":"United States of America","geonunit":"United States of America","gu_a3":"USA","gn_id":5332921,"gn_name":"California","gns_id":-1,"gns_name":"","gn_level":1,"gn_region":"","gn_a1_code":"US.CA","region_sub":"Pacific","sub_code":"","gns_level":-1,"gns_lang":"","gns_adm1":"","gns_region":"","min_label":3.5,"max_label":7.5,"min_zoom":2,"wikidataid":"Q99","name_ar":"كاليفورنيا","name_bn":"ক্যালিফোর্নিয়া","name_de":"Kalifornien","name_en":"California","name_es":"California","name_fr":"Californie","name_el":"Καλιφόρνια","name_hi":"कैलिफ़ोर्निया","name_hu":"Kalifornia","name_id":"California","name_it":"California","name_ja":"カリフォルニア州","name_ko":"캘리포니아","name_nl":"Californië","name_pl":"Kalifornia","name_pt":"Califórnia","name_ru":"Калифорния","name_sv":"Kalifornien","name_tr":"Kaliforniya","name_vi":"California","name_zh":"加利福尼亚州","ne_id":1159308415,"name_he":"קליפורניה","name_uk":"Каліфорнія","name_ur":"کیلی فورنیا","name_fa":"کالیفرنیا","name_zht":"加利福尼亞州","FCLASS_ISO":"","FCLASS_US":"","FCLASS_FR":"","FCLASS_RU":"","FCLASS_ES":"","FCLASS_CN":"","FCLASS_TW":"","FCLASS_IN":"","FCLASS_NP":"","FCLASS_PK":"","FCLASS_DE":"","FCLASS_GB":"","FCLASS_BR":"","FCLASS_IL":"","FCLASS_PS":"","FCLASS_SA":"","FCLASS_EG":"","FCLASS_MA":"","FCLASS_PT":"","FCLASS_AR":"","FCLASS_JP":"","FCLASS_KO":"","FCLASS_VN":"","FCLASS_TR":"","FCLASS_ID":"","FCLASS_PL":"","FCLASS_GR":"","FCLASS_IT":"","FCLASS_NL":"","FCLASS_SE":"","FCLASS_BD":"","FCLASS_UA":"","FCLASS_TLC":""}},{"type":"Feature","geometry":{"type":"Polygon","coordinates":[[[-109.04667026687812,37.00084590906019],[-103.00083873741983,37.00084590906019],[-102.01278327980663,37.00084590906019],[-102.02448921287036,40.001124343824216],[-102.02500557031193,41.00062755578037],[-104.02165542675152,41.00085826867979],[-109.04639011550024,41.00085826867979],[-109.04667026687812,37.00084590906019]]]},"properties":{"featurecla":"Admin-1 scale rank","scalerank":2,"adm1_code":"USA-3522","diss_me":3522,"iso_3166_2":"US-CO","wikipedia":"http://en.wikipedia.org/wiki/Colorado","iso_a2":"US","adm0_sr":1,"name":"Colorado","name_alt":"CO|Colo.","name_local":"","type":"State","type_en":"State","code_local":"US08","code_hasc":"US.CO","note":"","hasc_maybe":"","region":"West","region_cod":"","provnum_ne":0,"gadm_level":1,"check_me":20,"datarank":1,"abbrev":"Colo.","postal":"CO","area_sqkm":0,"sameascity":-99,"labelrank":0,"name_len":8,"mapcolor9":1,"mapcolor13":1,"fips":"US08","fips_alt":"","woe_id":2347564,"woe_label":"Colorado, US, United States","woe_name":"Colorado","latitude":38.9998,"longitude":-105.543,"sov_a3":"US1","adm0_a3":"USA","adm0_label":2,"admin":"United States of America","geonunit":"United States of America","gu_a3":"USA","gn_id":5417618,"gn_name":"Colorado","gns_id":-1,"gns_name":"","gn_level":1,"gn_region":"","gn_a1_code":"US.CO","region_sub":"Mountain","sub_code":"","gns_level":-1,"gns_lang":"","gns_adm1":"","gns_region":"","min_label":3.5,"max_label":7.5,"min_zoom":2,"wikidataid":"Q1261","name_ar":"كولورادو","name_bn":"কলোরাডো","name_de":"Colorado","name_en":"Colorado","name_es":"Colorado","name_fr":"Colorado","name_el":"Κολοράντο","name_hi":"कॉलराडो","name_hu":"Colorado","name_id":"Colorado","name_it":"Colorado","name_ja":"コロラド州","name_ko":"콜로라도","name_nl":"Colorado","name_pl":"Kolorado","name_pt":"Colorado","name_ru":"Колорадо","name_sv":"Colorado","name_tr":"Colorado","name_vi":"Colorado","name_zh":"科罗拉多州","ne_id":1159315343,"name_he":"קולורדו","name_uk":"Колорадо","name_ur":"کولوراڈو","name_fa":"کلرادو","name_zht":"科羅拉多州","FCLASS_ISO":"","FCLASS_US":"","FCLASS_FR":"","FCLASS_RU":"","FCLASS_ES":"","FCLASS_CN":"","FCLASS_TW":"","FCLASS_IN":"","FCLASS_NP":"","FCLASS_PK":"","FCLASS_DE":"","FCLASS_GB":"","FCLASS_BR":"","FCLASS_IL":"","FCLASS_PS":"","FCLASS_SA":"","FCLASS_EG":"","FCLASS_MA":"","FCLASS_PT":"","FCLASS_AR":"","FCLASS_JP":"","FCLASS_KO":"","FCLASS_VN":"","FCLASS_TR":"","FCLASS_ID":"","FCLASS_PL":"","FCLASS_GR":"","FCLASS_IT":"","FCLASS_NL":"","FCLASS_SE":"","FCLASS_BD":"","FCLASS_UA":"","FCLASS_TLC":""}},{"type":"Feature","geometry":{"type":"Polygon","coordinates":[[[-71.80083571617948,42.011963043578504],[-73.48056844627182,42.05556778157003],[-73.63046591292746,40.99186046560217],[-72.84715167406202,41.26584851316338],[-71.84235305174761,41.33551282246148],[-71.80083571617948,42.011963043578504]]]},"properties":{"featurecla":"Admin-1 scale rank","scalerank":2,"adm1_code":"USA-3537","diss_me":3537,"iso_3166_2":"US-CT","wikipedia":"http://en.wikipedia.org/wiki/Connecticut","iso_a2":"US","adm0_sr":1,"name":"Connecticut","name_alt":"CT|Conn.","name_local":"","type":"State","type_en":"State","code_local":"US09","code_hasc":"US.CT","note":"","hasc_maybe":"","region":"Northeast","region_cod":"","provnum_ne":0,"gadm_level":1,"check_me":20,"datarank":1,"abbrev":"Conn.","postal":"CT","area_sqkm":0,"sameascity":-99,"labelrank":0,"name_len":11,"mapcolor9":1,"mapcolor13":1,"fips":"US09","fips_alt":"","woe_id":2347565,"woe_label":"Connecticut, US, United States","woe_name":"Connecticut","latitude":41.6486,"longitude":-72.7594,"sov_a3":"US1","adm0_a3":"USA","adm0_label":2,"admin":"United States of America","geonunit":"United States of America","gu_a3":"USA","gn_id":4831725,"gn_name":"Connecticut","gns_id":-1,"gns_name":"","gn_level":1,"gn_region":"","gn_a1_code":"US.CT","region_sub":"New England","sub_code":"","gns_level":-1,"gns_lang":"","gns_adm1":"","gns_region":"","min_label":3.5,"max_label":7.5,"min_zoom":2,"wikidataid":"Q779","name_ar":"كونيتيكت","name_bn":"কানেটিকাট","name_de":"Connecticut","name_en":"Connecticut","name_es":"Connecticut","name_fr":"Connecticut","name_el":"Κονέκτικατ","name_hi":"कनेक्टिकट","name_hu":"Connecticut","name_id":"Connecticut","name_it":"Connecticut","name_ja":"コネチカット州","name_ko":"코네티컷","name_nl":"Connecticut","name_pl":"Connecticut","name_pt":"Connecticut","name_ru":"Коннектикут","name_sv":"Connecticut","name_tr":"Connecticut","name_vi":"Connecticut","name_zh":"康涅狄格州","ne_id":1159315301,"name_he":"קונטיקט","name_uk":"Коннектикут","name_ur":"کنیکٹیکٹ","name_fa":"کانتیکت","name_zht":"康乃狄克州","FCLASS_ISO":"","FCLASS_US":"","FCLASS_FR":"","FCLASS_RU":"","FCLASS_ES":"","FCLASS_CN":"","FCLASS_TW":"","FCLASS_IN":"","FCLASS_NP":"","FCLASS_PK":"","FCLASS_DE":"","FCLASS_GB":"","FCLASS_BR":"","FCLASS_IL":"","FCLASS_PS":"","FCLASS_SA":"","FCLASS_EG":"","FCLASS_MA":"","FCLASS_PT":"","FCLASS_AR":"","FCLASS_JP":"","FCLASS_KO":"","FCLASS_VN":"","FCLASS_TR":"","FCLASS_ID":"","FCLASS_PL":"","FCLASS_GR":"","FCLASS_IT":"","FCLASS_NL":"","FCLASS_SE":"","FCLASS_BD":"","FCLASS_UA":"","FCLASS_TLC":""}},{"type":"Feature","geometry":{"type":"Polygon","coordinates":[[[-77.03036106215441,38.889252963519084],[-76.93124240602958,38.88822024863592],[-77.04211643369659,39.01178348577136],[-77.12205296018344,38.94353641285545],[-77.03036106215441,38.889252963519084]]]},"properties":{"featurecla":"Admin-1 scale rank","scalerank":2,"adm1_code":"USA-3556","diss_me":3556,"iso_3166_2":"US-DC","wikipedia":"http://en.wikipedia.org/wiki/Washington,_D.C.","iso_a2":"US","adm0_sr":1,"name":"District of Columbia","name_alt":"DC|D.C.","name_local":"","type":"Federal District","type_en":"Federal District","code_local":"US11","code_hasc":"US.DC","note":"","hasc_maybe":"","region":"South","region_cod":"","provnum_ne":0,"gadm_level":1,"check_me":20,"datarank":1,"abbrev":"D.C.","postal":"DC","area_sqkm":0,"sameascity":9,"labelrank":9,"name_len":20,"mapcolor9":1,"mapcolor13":1,"fips":"US11","fips_alt":"","woe_id":2347567,"woe_label":"District of Columbia, US, United States","woe_name":"District of Columbia","latitude":38.8922,"longitude":-77.0113,"sov_a3":"US1","adm0_a3":"USA","adm0_label":2,"admin":"United States of America","geonunit":"United States of America","gu_a3":"USA","gn_id":4138106,"gn_name":"District of Columbia","gns_id":-1,"gns_name":"","gn_level":1,"gn_region":"","gn_a1_code":"US.DC","region_sub":"South Atlantic","sub_code":"","gns_level":-1,"gns_lang":"","gns_adm1":"","gns_region":"","min_label":3.5,"max_label":7.5,"min_zoom":2,"wikidataid":"Q61","name_ar":"واشنطن","name_bn":"ওয়াশিংটন","name_de":"Washington","name_en":"Washington","name_es":"Washington D. C.","name_fr":"Washington","name_el":"Ουάσινγκτον","name_hi":"वॉशिंगटन डी॰ सी॰","name_hu":"Washington","name_id":"Washington","name_it":"Washington","name_ja":"ワシントンD.C.","name_ko":"워싱턴 D.C.","name_nl":"Washington D.C.","name_pl":"Waszyngton","name_pt":"Washington","name_ru":"Вашингтон","name_sv":"Washington","name_tr":"Washington","name_vi":"Washington","name_zh":"华盛顿哥伦比亚特区","ne_id":1159315327,"name_he":"וושינגטון די. סי.","name_uk":"Вашингтон","name_ur":"واشنگٹن ڈی سی","name_fa":"واشینگتن، دی. سی.","name_zht":"華盛頓哥倫比亞特區","FCLASS_ISO":"","FCLASS_US":"","FCLASS_FR":"","FCLASS_RU":"","FCLASS_ES":"","FCLASS_CN":"","FCLASS_TW":"","FCLASS_IN":"","FCLASS_NP":"","FCLASS_PK":"","FCLASS_DE":"","FCLASS_GB":"","FCLASS_BR":"","FCLASS_IL":"","FCLASS_PS":"","FCLASS_SA":"","FCLASS_EG":"","FCLASS_MA":"","FCLASS_PT":"","FCLASS_AR":"","FCLASS_JP":"","FCLASS_KO":"","FCLASS_VN":"","FCLASS_TR":"","FCLASS_ID":"","FCLASS_PL":"","FCLASS_GR":"","FCLASS_IT":"","FCLASS_NL":"","FCLASS_SE":"","FCLASS_BD":"","FCLASS_UA":"","FCLASS_TLC":""}},{"type":"Feature","geometry":{"type":"Polygon","coordinates":[[[-75.03766079082644,38.45558961689801],[-75.58760343875821,39.64078375390645],[-75.42102872537264,39.81542243244337],[-75.78472014549637,39.72235724334635],[-75.70702483003252,38.45507325945644],[-75.03766079082644,38.45558961689801]]]},"properties":{"featurecla":"Admin-1 scale rank","scalerank":2,"adm1_code":"USA-3555","diss_me":3555,"iso_3166_2":"US-DE","wikipedia":"http://en.wikipedia.org/wiki/Delaware","iso_a2":"US","adm0_sr":1,"name":"Delaware","name_alt":"DE|Del.","name_local":"","type":"State","type_en":"State","code_local":"US10","code_hasc":"US.DE","note":"","hasc_maybe":"","region":"South","region_cod":"","provnum_ne":0,"gadm_level":1,"check_me":20,"datarank":1,"abbrev":"Del.","postal":"DE","area_sqkm":0,"sameascity":-99,"labelrank":0,"name_len":8,"mapcolor9":1,"mapcolor13":1,"fips":"US10","fips_alt":"","woe_id":2347566,"woe_label":"Delaware, US, United States","woe_name":"Delaware","latitude":38.8657,"longitude":-75.4112,"sov_a3":"US1","adm0_a3":"USA","adm0_label":2,"admin":"United States of America","geonunit":"United States of America","gu_a3":"USA","gn_id":4142224,"gn_name":"Delaware","gns_id":-1,"gns_name":"","gn_level":1,"gn_region":"","gn_a1_code":"US.DE","region_sub":"South Atlantic","sub_code":"","gns_level":-1,"gns_lang":"","gns_adm1":"","gns_region":"","min_label":3.5,"max_label":7.5,"min_zoom":2,"wikidataid":"Q1393","name_ar":"ديلاوير","name_bn":"ডেলাওয়্যার","name_de":"Delaware","name_en":"Delaware","name_es":"Delaware","name_fr":"Delaware","name_el":"Ντέλαγουερ","name_hi":"डेलावेयर","name_hu":"Delaware","name_id":"Delaware","name_it":"Delaware","name_ja":"デラウェア州","name_ko":"델라웨어","name_nl":"Delaware","name_pl":"Delaware","name_pt":"Delaware","name_ru":"Делавэр","name_sv":"Delaware","name_tr":"Delaware","name_vi":"Delaware","name_zh":"特拉华州","ne_id":1159315325,"name_he":"דלאוור","name_uk":"Делавер","name_ur":"ڈیلاویئر","name_fa":"دلاویر","name_zht":"特拉華州","FCLASS_ISO":"","FCLASS_US":"","FCLASS_FR":"","FCLASS_RU":"","FCLASS_ES":"","FCLASS_CN":"","FCLASS_TW":"","FCLASS_IN":"","FCLASS_NP":"","FCLASS_PK":"","FCLASS_DE":"","FCLASS_GB":"","FCLASS_BR":"","FCLASS_IL":"","FCLASS_PS":"","FCLASS_SA":"","FCLASS_EG":"","FCLASS_MA":"","FCLASS_PT":"","FCLASS_AR":"","FCLASS_JP":"","FCLASS_KO":"","FCLASS_VN":"","FCLASS_TR":"","FCLASS_ID":"","FCLASS_PL":"","FCLASS_GR":"","FCLASS_IT":"","FCLASS_NL":"","FCLASS_SE":"","FCLASS_BD":"","FCLASS_UA":"","FCLASS_TLC":""}},{"type":"Feature","geometry":{"type":"Polygon","coordinates":[[[-155.58132475199525,19.012018318543994],[-154.80418757635374,19.524442654497676],[-155.19878903183627,19.99438285797136],[-155.8316207820511,20.275819636285433],[-156.0486859148432,19.749959020522326],[-155.88130645289178,19.070520518041306],[-155.58132475199525,19.012018318543994]]]},"properties":{"featurecla":"Admin-1 scale rank","scalerank":2,"adm1_code":"USA-3517","diss_me":3517,"iso_3166_2":"US-HI","wikipedia":"http://en.wikipedia.org/wiki/Hawaii","iso_a2":"US","adm0_sr":8,"name":"Hawaii","name_alt":"HI|Hawaii","name_local":"","type":"State","type_en":"State","code_local":"US15","code_hasc":"US.HI","note":"","hasc_maybe":"","region":"West","region_cod":"","provnum_ne":0,"gadm_level":1,"check_me":20,"datarank":1,"abbrev":"Hawaii","postal":"HI","area_sqkm":0,"sameascity":-99,"labelrank":0,"name_len":6,"mapcolor9":1,"mapcolor13":1,"fips":"US15","fips_alt":"","woe_id":2347570,"woe_label":"Hawaii, US, United States","woe_name":"Hawaii","latitude":21.4919,"longitude":-157.999,"sov_a3":"US1","adm0_a3":"USA","adm0_label":2,"admin":"United States of America","geonunit":"United States of America","gu_a3":"USA","gn_id":5855797,"gn_name":"Hawaii","gns_id":-1,"gns_name":"","gn_level":1,"gn_region":"","gn_a1_code":"US.HI","region_sub":"Pacific","sub_code":"","gns_level":-1,"gns_lang":"","gns_adm1":"","gns_region":"","min_label":3.5,"max_label":7.5,"min_zoom":2,"wikidataid":"Q782","name_ar":"هاواي","name_bn":"হাওয়াই","name_de":"Hawaii","name_en":"Hawaii","name_es":"Hawái","name_fr":"Hawaï","name_el":"Χαβάη","name_hi":"हवाई","name_hu":"Hawaii","name_id":"Hawaii","name_it":"Hawaii","name_ja":"ハワイ州","name_ko":"하와이","name_nl":"Hawaï","name_pl":"Hawaje","name_pt":"Havaí","name_ru":"Гавайи","name_sv":"Hawaii","name_tr":"Hawaii","name_vi":"Hawaii","name_zh":"夏威夷州","ne_id":1159308409,"name_he":"הוואי","name_uk":"Гаваї","name_ur":"ہوائی","name_fa":"هاوائی","name_zht":"夏威夷州","FCLASS_ISO":"","FCLASS_US":"","FCLASS_FR":"","FCLASS_RU":"","FCLASS_ES":"","FCLASS_CN":"","FCLASS_TW":"","FCLASS_IN":"","FCLASS_NP":"","FCLASS_PK":"","FCLASS_DE":"","FCLASS_GB":"","FCLASS_BR":"","FCLASS_IL":"","FCLASS_PS":"","FCLASS_SA":"","FCLASS_EG":"","FCLASS_MA":"","FCLASS_PT":"","FCLASS_AR":"","FCLASS_JP":"","FCLASS_KO":"","FCLASS_VN":"","FCLASS_TR":"","FCLASS_ID":"","FCLASS_PL":"","FCLASS_GR":"","FCLASS_IT":"","FCLASS_NL":"","FCLASS_SE":"","FCLASS_BD":"","FCLASS_UA":"","FCLASS_TLC":""}},{"type":"Feature","geometry":{"type":"Polygon","coordinates":[[[-91.44195218808485,40.37944955356869],[-90.95400539212741,41.01557994892889],[-90.93875636810822,41.4255897301945],[-90.43667016731452,41.56035902244494],[-90.16751610431274,42.100304111401584],[-90.6505849703966,42.51298357050342],[-91.0695815684113,42.78855364937496],[-91.24525296183138,43.50241231918463],[-96.4536186390304,43.50117086405916],[-96.62176989056204,42.729535092436095],[-96.4809526244481,42.511258716921986],[-95.88362594150564,41.28755749836651],[-95.76502852487214,40.601867774943884],[-91.73152983585013,40.624653420344345],[-91.44195218808485,40.37944955356869]]]},"properties":{"featurecla":"Admin-1 scale rank","scalerank":2,"adm1_code":"USA-3529","diss_me":3529,"iso_3166_2":"US-IA","wikipedia":"http://en.wikipedia.org/wiki/Iowa","iso_a2":"US","adm0_sr":1,"name":"Iowa","name_alt":"IA|Iowa","name_local":"","type":"State","type_en":"State","code_local":"US19","code_hasc":"US.IA","note":"","hasc_maybe":"","region":"Midwest","region_cod":"","provnum_ne":0,"gadm_level":1,"check_me":20,"datarank":1,"abbrev":"Iowa","postal":"IA","area_sqkm":0,"sameascity":-99,"labelrank":0,"name_len":4,"mapcolor9":1,"mapcolor13":1,"fips":"US19","fips_alt":"","woe_id":2347574,"woe_label":"Iowa, US, United States","woe_name":"Iowa","latitude":42.0423,"longitude":-93.3891,"sov_a3":"US1","adm0_a3":"USA","adm0_label":2,"admin":"United States of America","geonunit":"United States of America","gu_a3":"USA","gn_id":4862182,"gn_name":"Iowa","gns_id":-1,"gns_name":"","gn_level":1,"gn_region":"","gn_a1_code":"US.IA","region_sub":"West North Central","sub_code":"","gns_level":-1,"gns_lang":"","gns_adm1":"","gns_region":"","min_label":3.5,"max_label":7.5,"min_zoom":2,"wikidataid":"Q1546","name_ar":"آيوا","name_bn":"আইওয়া","name_de":"Iowa","name_en":"Iowa","name_es":"Iowa","name_fr":"Iowa","name_el":"Άιοβα","name_hi":"आयोवा","name_hu":"Iowa","name_id":"Iowa","name_it":"Iowa","name_ja":"アイオワ州","name_ko":"아이오와","name_nl":"Iowa","name_pl":"Iowa","name_pt":"Iowa","name_ru":"Айова","name_sv":"Iowa","name_tr":"Iowa","name_vi":"Iowa","name_zh":"艾奥瓦州","ne_id":1159315357,"name_he":"איווה","name_uk":"Айова","name_ur":"آئیووا","name_fa":"آیووا","name_zht":"愛荷華州","FCLASS_ISO":"","FCLASS_US":"","FCLASS_FR":"","FCLASS_RU":"","FCLASS_ES":"","FCLASS_CN":"","FCLASS_TW":"","FCLASS_IN":"","FCLASS_NP":"","FCLASS_PK":"","FCLASS_DE":"","FCLASS_GB":"","FCLASS_BR":"","FCLASS_IL":"","FCLASS_PS":"","FCLASS_SA":"","FCLASS_EG":"","FCLASS_MA":"","FCLASS_PT":"","FCLASS_AR":"","FCLASS_JP":"","FCLASS_KO":"","FCLASS_VN":"","FCLASS_TR":"","FCLASS_ID":"","FCLASS_PL":"","FCLASS_GR":"","FCLASS_IT":"","FCLASS_NL":"","FCLASS_SE":"","FCLASS_BD":"","FCLASS_UA":"","FCLASS_TLC":""}},{"type":"Feature","geometry":{"type":"Polygon","coordinates":[[[-117.03905399461493,48.99308269465271],[-117.0250464257212,46.42915925700305],[-116.89647891593393,46.002098693836984],[-116.47704286477747,45.64108793787801],[-117.20170109554599,44.436206300118556],[-116.91242007865142,44.19947289265039],[-117.02023990698316,43.8084365007804],[-117.01667484337061,42.00055923454974],[-114.04259330901996,42.00110855097694],[-111.0502964419432,42.000877838077514],[-111.05143352694752,44.49888330446262],[-112.23131028094062,44.56069238885169],[-112.99968860615037,44.480360354537254],[-113.94265067825432,45.68150664059175],[-114.53369867443384,45.78200957411312],[-114.35089715378864,46.66763949070972],[-114.60155023952217,46.660333582227906],[-115.70246825026885,47.43759435406554],[-116.04901001153524,48.00471961984027],[-116.04849365409368,48.99308269465271],[-117.03905399461493,48.99308269465271]]]},"properties":{"featurecla":"Admin-1 scale rank","scalerank":2,"adm1_code":"USA-3518","diss_me":3518,"iso_3166_2":"US-ID","wikipedia":"http://en.wikipedia.org/wiki/Idaho","iso_a2":"US","adm0_sr":1,"name":"Idaho","name_alt":"ID|Idaho","name_local":"","type":"State","type_en":"State","code_local":"US16","code_hasc":"US.ID","note":"","hasc_maybe":"","region":"West","region_cod":"","provnum_ne":0,"gadm_level":1,"check_me":20,"datarank":1,"abbrev":"Idaho","postal":"ID","area_sqkm":0,"sameascity":-99,"labelrank":0,"name_len":5,"mapcolor9":1,"mapcolor13":1,"fips":"US16","fips_alt":"","woe_id":2347571,"woe_label":"Idaho, US, United States","woe_name":"Idaho","latitude":43.7825,"longitude":-114.133,"sov_a3":"US1","adm0_a3":"USA","adm0_label":2,"admin":"United States of America","geonunit":"United States of America","gu_a3":"USA","gn_id":5596512,"gn_name":"Idaho","gns_id":-1,"gns_name":"","gn_level":1,"gn_region":"","gn_a1_code":"US.ID","region_sub":"Mountain","sub_code":"","gns_level":-1,"gns_lang":"","gns_adm1":"","gns_region":"","min_label":3.5,"max_label":7.5,"min_zoom":2,"wikidataid":"Q1221","name_ar":"أيداهو","name_bn":"আইডাহো","name_de":"Idaho","name_en":"Idaho","name_es":"Idaho","name_fr":"Idaho","name_el":"Άινταχο","name_hi":"आयडाहो","name_hu":"Idaho","name_id":"Idaho","name_it":"Idaho","name_ja":"アイダホ州","name_ko":"아이다호","name_nl":"Idaho","name_pl":"Idaho","name_pt":"Idaho","name_ru":"Айдахо","name_sv":"Idaho","name_tr":"Idaho","name_vi":"Idaho","name_zh":"爱达荷州","ne_id":1159315339,"name_he":"איידהו","name_uk":"Айдахо","name_ur":"ایڈاہو","name_fa":"آیداهو","name_zht":"愛達荷州","FCLASS_ISO":"","FCLASS_US":"","FCLASS_FR":"","FCLASS_RU":"","FCLASS_ES":"","FCLASS_CN":"","FCLASS_TW":"","FCLASS_IN":"","FCLASS_NP":"","FCLASS_PK":"","FCLASS_DE":"","FCLASS_GB":"","FCLASS_BR":"","FCLASS_IL":"","FCLASS_PS":"","FCLASS_SA":"","FCLASS_EG":"","FCLASS_MA":"","FCLASS_PT":"","FCLASS_AR":"","FCLASS_JP":"","FCLASS_KO":"","FCLASS_VN":"","FCLASS_TR":"","FCLASS_ID":"","FCLASS_PL":"","FCLASS_GR":"","FCLASS_IT":"","FCLASS_NL":"","FCLASS_SE":"","FCLASS_BD":"","FCLASS_UA":"","FCLASS_TLC":""}},{"type":"Feature","geometry":{"type":"Polygon","coordinates":[[[-91.44195218808485,40.37944955356869],[-91.37873685364214,39.749405584221904],[-90.66352686542155,38.98749271336038],[-90.12676781174268,38.83261843987427],[-90.37399316297046,38.309757091803675],[-89.52342062075806,37.64452391213018],[-89.41394185681615,37.10241451645034],[-89.1543129406621,36.992111777867635],[-88.4716664302462,37.08838497489954],[-88.04199112088664,37.78885131021396],[-87.98041274939699,38.24918946254007],[-87.53028089628832,38.90889651895591],[-87.52108533929692,41.76076064141776],[-87.22125744700001,41.76072768243213],[-87.039126092396,42.49280168496793],[-90.6505849703966,42.51298357050342],[-90.16751610431274,42.100304111401584],[-90.43667016731452,41.56035902244494],[-90.93875636810822,41.4255897301945],[-90.95400539212741,41.01557994892889],[-91.44195218808485,40.37944955356869]]]},"properties":{"featurecla":"Admin-1 scale rank","scalerank":2,"adm1_code":"USA-3546","diss_me":3546,"iso_3166_2":"US-IL","wikipedia":"http://en.wikipedia.org/wiki/Illinois","iso_a2":"US","adm0_sr":1,"name":"Illinois","name_alt":"IL|Ill.","name_local":"","type":"State","type_en":"State","code_local":"US17","code_hasc":"US.IL","note":"","hasc_maybe":"","region":"Midwest","region_cod":"","provnum_ne":0,"gadm_level":1,"check_me":20,"datarank":1,"abbrev":"Ill.","postal":"IL","area_sqkm":0,"sameascity":-99,"labelrank":0,"name_len":8,"mapcolor9":1,"mapcolor13":1,"fips":"US17","fips_alt":"","woe_id":2347572,"woe_label":"Illinois, US, United States","woe_name":"Illinois","latitude":39.946,"longitude":-89.1991,"sov_a3":"US1","adm0_a3":"USA","adm0_label":2,"admin":"United States of America","geonunit":"United States of America","gu_a3":"USA","gn_id":4896861,"gn_name":"Illinois","gns_id":-1,"gns_name":"","gn_level":1,"gn_region":"","gn_a1_code":"US.IL","region_sub":"East North Central","sub_code":"","gns_level":-1,"gns_lang":"","gns_adm1":"","gns_region":"","min_label":3.5,"max_label":7.5,"min_zoom":2,"wikidataid":"Q1204","name_ar":"إلينوي","name_bn":"ইলিনয়","name_de":"Illinois","name_en":"Illinois","name_es":"Illinois","name_fr":"Illinois","name_el":"Ιλινόι","name_hi":"इलिनॉय","name_hu":"Illinois","name_id":"Illinois","name_it":"Illinois","name_ja":"イリノイ州","name_ko":"일리노이","name_nl":"Illinois","name_pl":"Illinois","name_pt":"Illinois","name_ru":"Иллинойс","name_sv":"Illinois","name_tr":"Illinois","name_vi":"Illinois","name_zh":"伊利诺伊州","ne_id":1159315309,"name_he":"אילינוי","name_uk":"Іллінойс","name_ur":"الینوائے","name_fa":"ایلینوی","name_zht":"伊利諾州","FCLASS_ISO":"","FCLASS_US":"","FCLASS_FR":"","FCLASS_RU":"","FCLASS_ES":"","FCLASS_CN":"","FCLASS_TW":"","FCLASS_IN":"","FCLASS_NP":"","FCLASS_PK":"","FCLASS_DE":"","FCLASS_GB":"","FCLASS_BR":"","FCLASS_IL":"","FCLASS_PS":"","FCLASS_SA":"","FCLASS_EG":"","FCLASS_MA":"","FCLASS_PT":"","FCLASS_AR":"","FCLASS_JP":"","FCLASS_KO":"","FCLASS_VN":"","FCLASS_TR":"","FCLASS_ID":"","FCLASS_PL":"","FCLASS_GR":"","FCLASS_IT":"","FCLASS_NL":"","FCLASS_SE":"","FCLASS_BD":"","FCLASS_UA":"","FCLASS_TLC":""}},{"type":"Feature","geometry":{"type":"Polygon","coordinates":[[[-88.04199112088664,37.78885131021396],[-87.8744276379321,37.91574340489825],[-86.54864145454486,37.91706176432355],[-85.96115852197792,38.01401611372518],[-85.45867681335665,38.530208760369504],[-84.80073855583642,38.819390900307184],[-84.82171145702709,39.09198368414326],[-84.79611331151935,41.701434467279654],[-87.22125744700001,41.76072768243213],[-87.52108533929692,41.76076064141776],[-87.53028089628832,38.90889651895591],[-87.98041274939699,38.24918946254007],[-88.04199112088664,37.78885131021396]]]},"properties":{"featurecla":"Admin-1 scale rank","scalerank":2,"adm1_code":"USA-3547","diss_me":3547,"iso_3166_2":"US-IN","wikipedia":"http://en.wikipedia.org/wiki/Indiana","iso_a2":"US","adm0_sr":1,"name":"Indiana","name_alt":"IN|Ind.","name_local":"","type":"State","type_en":"State","code_local":"US18","code_hasc":"US.IN","note":"","hasc_maybe":"","region":"Midwest","region_cod":"","provnum_ne":0,"gadm_level":1,"check_me":20,"datarank":1,"abbrev":"Ind.","postal":"IN","area_sqkm":0,"sameascity":-99,"labelrank":0,"name_len":7,"mapcolor9":1,"mapcolor13":1,"fips":"US18","fips_alt":"","woe_id":2347573,"woe_label":"Indiana, US, United States","woe_name":"Indiana","latitude":39.8874,"longitude":-86.1396,"sov_a3":"US1","adm0_a3":"USA","adm0_label":2,"admin":"United States of America","geonunit":"United States of America","gu_a3":"USA","gn_id":4921868,"gn_name":"Indiana","gns_id":-1,"gns_name":"","gn_level":1,"gn_region":"","gn_a1_code":"US.IN","region_sub":"East North Central","sub_code":"","gns_level":-1,"gns_lang":"","gns_adm1":"","gns_region":"","min_label":3.5,"max_label":7.5,"min_zoom":2,"wikidataid":"Q1415","name_ar":"إنديانا","name_bn":"ইন্ডিয়ানা","name_de":"Indiana","name_en":"Indiana","name_es":"Indiana","name_fr":"Indiana","name_el":"Ιντιάνα","name_hi":"इंडियाना","name_hu":"Indiana","name_id":"Indiana","name_it":"Indiana","name_ja":"インディアナ州","name_ko":"인디애나","name_nl":"Indiana","name_pl":"Indiana","name_pt":"Indiana","name_ru":"Индиана","name_sv":"Indiana","name_tr":"Indiana","name_vi":"Indiana","name_zh":"印第安纳州","ne_id":1159315311,"name_he":"אינדיאנה","name_uk":"Індіана","name_ur":"انڈیانا","name_fa":"ایندیانا","name_zht":"印第安纳州","FCLASS_ISO":"","FCLASS_US":"","FCLASS_FR":"","FCLASS_RU":"","FCLASS_ES":"","FCLASS_CN":"","FCLASS_TW":"","FCLASS_IN":"","FCLASS_NP":"","FCLASS_PK":"","FCLASS_DE":"","FCLASS_GB":"","FCLASS_BR":"","FCLASS_IL":"","FCLASS_PS":"","FCLASS_SA":"","FCLASS_EG":"","FCLASS_MA":"","FCLASS_PT":"","FCLASS_AR":"","FCLASS_JP":"","FCLASS_KO":"","FCLASS_VN":"","FCLASS_TR":"","FCLASS_ID":"","FCLASS_PL":"","FCLASS_GR":"","FCLASS_IT":"","FCLASS_NL":"","FCLASS_SE":"","FCLASS_BD":"","FCLASS_UA":"","FCLASS_TLC":""}},{"type":"Feature","geometry":{"type":"Polygon","coordinates":[[[-102.01278327980663,37.00084590906019],[-94.61806681119714,37.00084590906019],[-94.62452677238107,39.08606205305799],[-95.34668012024153,40.00148689266618],[-102.02448921287036,40.001124343824216],[-102.01278327980663,37.00084590906019]]]},"properties":{"featurecla":"Admin-1 scale rank","scalerank":2,"adm1_code":"USA-3530","diss_me":3530,"iso_3166_2":"US-KS","wikipedia":"http://en.wikipedia.org/wiki/Kansas","iso_a2":"US","adm0_sr":1,"name":"Kansas","name_alt":"KS|Kans.","name_local":"","type":"State","type_en":"State","code_local":"US20","code_hasc":"US.KS","note":"","hasc_maybe":"","region":"Midwest","region_cod":"","provnum_ne":0,"gadm_level":1,"check_me":20,"datarank":1,"abbrev":"Kans.","postal":"KS","area_sqkm":0,"sameascity":-99,"labelrank":0,"name_len":6,"mapcolor9":1,"mapcolor13":1,"fips":"US20","fips_alt":"","woe_id":2347575,"woe_label":"Kansas, US, United States","woe_name":"Kansas","latitude":38.5,"longitude":-98.3309,"sov_a3":"US1","adm0_a3":"USA","adm0_label":2,"admin":"United States of America","geonunit":"United States of America","gu_a3":"USA","gn_id":4273857,"gn_name":"Kansas","gns_id":-1,"gns_name":"","gn_level":1,"gn_region":"","gn_a1_code":"US.KS","region_sub":"West North Central","sub_code":"","gns_level":-1,"gns_lang":"","gns_adm1":"","gns_region":"","min_label":3.5,"max_label":7.5,"min_zoom":2,"wikidataid":"Q1558","name_ar":"كانساس","name_bn":"ক্যান্সাস","name_de":"Kansas","name_en":"Kansas","name_es":"Kansas","name_fr":"Kansas","name_el":"Κάνσας","name_hi":"केन्सास","name_hu":"Kansas","name_id":"Kansas","name_it":"Kansas","name_ja":"カンザス州","name_ko":"캔자스","name_nl":"Kansas","name_pl":"Kansas","name_pt":"Kansas","name_ru":"Канзас","name_sv":"Kansas","name_tr":"Kansas","name_vi":"Kansas","name_zh":"堪萨斯州","ne_id":1159315359,"name_he":"קנזס","name_uk":"Канзас","name_ur":"کنساس","name_fa":"کانزاس","name_zht":"堪薩斯州","FCLASS_ISO":"","FCLASS_US":"","FCLASS_FR":"","FCLASS_RU":"","FCLASS_ES":"","FCLASS_CN":"","FCLASS_TW":"","FCLASS_IN":"","FCLASS_NP":"","FCLASS_PK":"","FCLASS_DE":"","FCLASS_GB":"","FCLASS_BR":"","FCLASS_IL":"","FCLASS_PS":"","FCLASS_SA":"","FCLASS_EG":"","FCLASS_MA":"","FCLASS_PT":"","FCLASS_AR":"","FCLASS_JP":"","FCLASS_KO":"","FCLASS_VN":"","FCLASS_TR":"","FCLASS_ID":"","FCLASS_PL":"","FCLASS_GR":"","FCLASS_IT":"","FCLASS_NL":"","FCLASS_SE":"","FCLASS_BD":"","FCLASS_UA":"","FCLASS_TLC":""}},{"type":"Feature","geometry":{"type":"Polygon","coordinates":[[[-89.1543129406621,36.992111777867635],[-89.4503285769542,36.500023136049066],[-88.05910782075834,36.4996825598642],[-87.83915053697702,36.6439660126338],[-86.50758554477558,36.664840036867574],[-83.66752073917009,36.605030464273526],[-83.15021847334282,36.76233271636788],[-81.9652770218909,37.53972532414805],[-82.58877313942538,38.099742435354756],[-82.61277826729423,38.448217790444914],[-82.88043818961403,38.71025271255013],[-83.68987791775731,38.64953127468692],[-84.35802247449502,39.04991703214793],[-84.82171145702709,39.09198368414326],[-84.80073855583642,38.819390900307184],[-85.45867681335665,38.530208760369504],[-85.96115852197792,38.01401611372518],[-86.54864145454486,37.91706176432355],[-87.8744276379321,37.91574340489825],[-88.04199112088664,37.78885131021396],[-88.4716664302462,37.08838497489954],[-89.1543129406621,36.992111777867635]]]},"properties":{"featurecla":"Admin-1 scale rank","scalerank":2,"adm1_code":"USA-3548","diss_me":3548,"iso_3166_2":"US-KY","wikipedia":"http://en.wikipedia.org/wiki/Kentucky","iso_a2":"US","adm0_sr":1,"name":"Kentucky","name_alt":"Commonwealth of Kentucky|KY","name_local":"","type":"State","type_en":"State","code_local":"US21","code_hasc":"US.KY","note":"","hasc_maybe":"US.IN|USA-KEN","region":"South","region_cod":"","provnum_ne":0,"gadm_level":1,"check_me":20,"datarank":1,"abbrev":"Ky.","postal":"KY","area_sqkm":0,"sameascity":-99,"labelrank":0,"name_len":8,"mapcolor9":1,"mapcolor13":1,"fips":"US21","fips_alt":"US18","woe_id":2347576,"woe_label":"Kentucky, US, United States","woe_name":"Kentucky","latitude":37.3994,"longitude":-85.5729,"sov_a3":"US1","adm0_a3":"USA","adm0_label":2,"admin":"United States of America","geonunit":"United States of America","gu_a3":"USA","gn_id":6254925,"gn_name":"Kentucky","gns_id":-1,"gns_name":"","gn_level":1,"gn_region":"","gn_a1_code":"US.KY","region_sub":"East South Central","sub_code":"","gns_level":-1,"gns_lang":"","gns_adm1":"","gns_region":"","min_label":3.5,"max_label":7.5,"min_zoom":2,"wikidataid":"Q1603","name_ar":"كنتاكي","name_bn":"কেন্টাকি","name_de":"Kentucky","name_en":"Kentucky","name_es":"Kentucky","name_fr":"Kentucky","name_el":"Κεντάκι","name_hi":"केन्टकी","name_hu":"Kentucky","name_id":"Kentucky","name_it":"Kentucky","name_ja":"ケンタッキー州","name_ko":"켄터키","name_nl":"Kentucky","name_pl":"Kentucky","name_pt":"Kentucky","name_ru":"Кентукки","name_sv":"Kentucky","name_tr":"Kentucky","name_vi":"Kentucky","name_zh":"肯塔基州","ne_id":1159315313,"name_he":"קנטקי","name_uk":"Кентуккі","name_ur":"کینٹکی","name_fa":"کنتاکی","name_zht":"肯塔基州","FCLASS_ISO":"","FCLASS_US":"","FCLASS_FR":"","FCLASS_RU":"","FCLASS_ES":"","FCLASS_CN":"","FCLASS_TW":"","FCLASS_IN":"","FCLASS_NP":"","FCLASS_PK":"","FCLASS_DE":"","FCLASS_GB":"","FCLASS_BR":"","FCLASS_IL":"","FCLASS_PS":"","FCLASS_SA":"","FCLASS_EG":"","FCLASS_MA":"","FCLASS_PT":"","FCLASS_AR":"","FCLASS_JP":"","FCLASS_KO":"","FCLASS_VN":"","FCLASS_TR":"","FCLASS_ID":"","FCLASS_PL":"","FCLASS_GR":"","FCLASS_IT":"","FCLASS_NL":"","FCLASS_SE":"","FCLASS_BD":"","FCLASS_UA":"","FCLASS_TLC":""}},{"type":"Feature","geometry":{"type":"Polygon","coordinates":[[[-71.80083571617948,42.011963043578504],[-71.23376538204747,41.70655409638121],[-70.70112620157263,41.714848774432],[-70.80611155714001,42.8767628812555],[-71.32962109859469,42.702486751560514],[-72.46685991150817,42.730315121762715],[-73.25332722666576,42.752221860879644],[-73.48056844627182,42.05556778157003],[-71.80083571617948,42.011963043578504]]]},"properties":{"featurecla":"Admin-1 scale rank","scalerank":2,"adm1_code":"USA-3513","diss_me":3513,"iso_3166_2":"US-MA","wikipedia":"http://en.wikipedia.org/wiki/Massachusetts","iso_a2":"US","adm0_sr":6,"name":"Massachusetts","name_alt":"Commonwealth of Massachusetts|MA|Mass.","name_local":"","type":"State","type_en":"State","code_local":"US25","code_hasc":"US.MA","note":"","hasc_maybe":"","region":"Northeast","region_cod":"","provnum_ne":0,"gadm_level":1,"check_me":20,"datarank":1,"abbrev":"Mass.","postal":"MA","area_sqkm":0,"sameascity":-99,"labelrank":0,"name_len":13,"mapcolor9":1,"mapcolor13":1,"fips":"US25","fips_alt":"","woe_id":2347580,"woe_label":"Massachusetts, US, United States","woe_name":"Massachusetts","latitude":42.3739,"longitude":-71.9993,"sov_a3":"US1","adm0_a3":"USA","adm0_label":2,"admin":"United States of America","geonunit":"United States of America","gu_a3":"USA","gn_id":6254926,"gn_name":"Massachusetts","gns_id":-1,"gns_name":"","gn_level":1,"gn_region":"","gn_a1_code":"US.MA","region_sub":"New England","sub_code":"","gns_level":-1,"gns_lang":"","gns_adm1":"","gns_region":"","min_label":3.5,"max_label":7.5,"min_zoom":2,"wikidataid":"Q771","name_ar":"ماساتشوستس","name_bn":"ম্যাসাচুসেটস","name_de":"Massachusetts","name_en":"Massachusetts","name_es":"Massachusetts","name_fr":"Massachusetts","name_el":"Μασαχουσέτη","name_hi":"मैसाचूसिट्स","name_hu":"Massachusetts","name_id":"Massachusetts","name_it":"Massachusetts","name_ja":"マサチューセッツ州","name_ko":"매사추세츠","name_nl":"Massachusetts","name_pl":"Massachusetts","name_pt":"Massachusetts","name_ru":"Массачусетс","name_sv":"Massachusetts","name_tr":"Massachusetts","name_vi":"Massachusetts","name_zh":"马萨诸塞州","ne_id":1159312157,"name_he":"מסצ'וסטס","name_uk":"Массачусетс","name_ur":"میساچوسٹس","name_fa":"ماساچوست","name_zht":"麻薩諸塞州","FCLASS_ISO":"","FCLASS_US":"","FCLASS_FR":"","FCLASS_RU":"","FCLASS_ES":"","FCLASS_CN":"","FCLASS_TW":"","FCLASS_IN":"","FCLASS_NP":"","FCLASS_PK":"","FCLASS_DE":"","FCLASS_GB":"","FCLASS_BR":"","FCLASS_IL":"","FCLASS_PS":"","FCLASS_SA":"","FCLASS_EG":"","FCLASS_MA":"","FCLASS_PT":"","FCLASS_AR":"","FCLASS_JP":"","FCLASS_KO":"","FCLASS_VN":"","FCLASS_TR":"","FCLASS_ID":"","FCLASS_PL":"","FCLASS_GR":"","FCLASS_IT":"","FCLASS_NL":"","FCLASS_SE":"","FCLASS_BD":"","FCLASS_UA":"","FCLASS_TLC":""}},{"type":"Feature","geometry":{"type":"Polygon","coordinates":[[[-77.03036106215441,38.889252963519084],[-77.24158421474318,38.49481080980041],[-75.65925627352279,37.95396484190316],[-75.37596280568475,38.02499145594075],[-75.03766079082644,38.45558961689801],[-75.70702483003252,38.45507325945644],[-75.78472014549637,39.72235724334635],[-79.47749982738036,39.7227966964881],[-79.48798078481141,39.210910690633085],[-78.81479350327199,39.570086729725205],[-78.1811350318342,39.68573981030889],[-77.72664160629354,39.34643803955305],[-77.12205296018344,38.94353641285545],[-77.04211643369659,39.01178348577136],[-76.93124240602958,38.88822024863592],[-77.03036106215441,38.889252963519084]]]},"properties":{"featurecla":"Admin-1 scale rank","scalerank":2,"adm1_code":"USA-3557","diss_me":3557,"iso_3166_2":"US-MD","wikipedia":"http://en.wikipedia.org/wiki/Maryland","iso_a2":"US","adm0_sr":1,"name":"Maryland","name_alt":"MD","name_local":"","type":"State","type_en":"State","code_local":"US24","code_hasc":"US.MD","note":"","hasc_maybe":"","region":"South","region_cod":"","provnum_ne":0,"gadm_level":1,"check_me":20,"datarank":1,"abbrev":"Md.","postal":"MD","area_sqkm":0,"sameascity":-99,"labelrank":0,"name_len":8,"mapcolor9":1,"mapcolor13":1,"fips":"US24","fips_alt":"","woe_id":2347579,"woe_label":"Maryland, US, United States","woe_name":"Maryland","latitude":39.3874,"longitude":-77.0454,"sov_a3":"US1","adm0_a3":"USA","adm0_label":2,"admin":"United States of America","geonunit":"United States of America","gu_a3":"USA","gn_id":4361885,"gn_name":"Maryland","gns_id":-1,"gns_name":"","gn_level":1,"gn_region":"","gn_a1_code":"US.MD","region_sub":"South Atlantic","sub_code":"","gns_level":-1,"gns_lang":"","gns_adm1":"","gns_region":"","min_label":3.5,"max_label":7.5,"min_zoom":2,"wikidataid":"Q1391","name_ar":"ماريلند","name_bn":"মেরিল্যান্ড","name_de":"Maryland","name_en":"Maryland","name_es":"Maryland","name_fr":"Maryland","name_el":"Μέριλαντ","name_hi":"मैरीलैंड","name_hu":"Maryland","name_id":"Maryland","name_it":"Maryland","name_ja":"メリーランド州","name_ko":"메릴랜드","name_nl":"Maryland","name_pl":"Maryland","name_pt":"Maryland","name_ru":"Мэриленд","name_sv":"Maryland","name_tr":"Maryland","name_vi":"Maryland","name_zh":"马里兰州","ne_id":1159315329,"name_he":"מרילנד","name_uk":"Меріленд","name_ur":"میری لینڈ","name_fa":"مریلند","name_zht":"馬里蘭州","FCLASS_ISO":"","FCLASS_US":"","FCLASS_FR":"","FCLASS_RU":"","FCLASS_ES":"","FCLASS_CN":"","FCLASS_TW":"","FCLASS_IN":"","FCLASS_NP":"","FCLASS_PK":"","FCLASS_DE":"","FCLASS_GB":"","FCLASS_BR":"","FCLASS_IL":"","FCLASS_PS":"","FCLASS_SA":"","FCLASS_EG":"","FCLASS_MA":"","FCLASS_PT":"","FCLASS_AR":"","FCLASS_JP":"","FCLASS_KO":"","FCLASS_VN":"","FCLASS_TR":"","FCLASS_ID":"","FCLASS_PL":"","FCLASS_GR":"","FCLASS_IT":"","FCLASS_NL":"","FCLASS_SE":"","FCLASS_BD":"","FCLASS_UA":"","FCLASS_TLC":""}},{"type":"Feature","geometry":{"type":"Polygon","coordinates":[[[-69.0536603184143,47.29458531540706],[-69.24287785492926,47.4629947456595],[-70.0076801301979,46.708937099706986],[-70.2962470357371,45.90608916869013],[-71.08454906776156,45.294007846512955],[-70.95563548862515,43.38939595745154],[-70.73309641763596,43.07003437300324],[-70.06235908736186,43.83463889435808],[-69.0683600260063,44.09756370907536],[-68.45059877197183,44.50759546299807],[-67.90701720826709,44.45361963086094],[-67.10672909180101,44.88504176645901],[-67.12483456124168,45.16944485348],[-67.47254087333376,45.27589139074374],[-67.78464049461441,45.70171049878434],[-67.80678893295931,47.08281284639108],[-68.31088563187657,47.35447179230093],[-69.0536603184143,47.29458531540706]]]},"properties":{"featurecla":"Admin-1 scale rank","scalerank":2,"adm1_code":"USA-3561","diss_me":3561,"iso_3166_2":"US-ME","wikipedia":"http://en.wikipedia.org/wiki/Maine","iso_a2":"US","adm0_sr":6,"name":"Maine","name_alt":"ME|Maine","name_local":"","type":"State","type_en":"State","code_local":"US23","code_hasc":"US.ME","note":"","hasc_maybe":"","region":"Northeast","region_cod":"","provnum_ne":0,"gadm_level":1,"check_me":20,"datarank":1,"abbrev":"Maine","postal":"ME","area_sqkm":0,"sameascity":-99,"labelrank":0,"name_len":5,"mapcolor9":1,"mapcolor13":1,"fips":"US23","fips_alt":"","woe_id":2347578,"woe_label":"Maine, US, United States","woe_name":"Maine","latitude":45.148,"longitude":-69.1973,"sov_a3":"US1","adm0_a3":"USA","adm0_label":2,"admin":"United States of America","geonunit":"United States of America","gu_a3":"USA","gn_id":4971068,"gn_name":"Maine","gns_id":-1,"gns_name":"","gn_level":1,"gn_region":"","gn_a1_code":"US.ME","region_sub":"New England","sub_code":"","gns_level":-1,"gns_lang":"","gns_adm1":"","gns_region":"","min_label":3.5,"max_label":7.5,"min_zoom":2,"wikidataid":"Q724","name_ar":"مين","name_bn":"মেইন","name_de":"Maine","name_en":"Maine","name_es":"Maine","name_fr":"Maine","name_el":"Μέιν","name_hi":"मेन","name_hu":"Maine","name_id":"Maine","name_it":"Maine","name_ja":"メイン州","name_ko":"메인","name_nl":"Maine","name_pl":"Maine","name_pt":"Maine","name_ru":"Мэн","name_sv":"Maine","name_tr":"Maine","name_vi":"Maine","name_zh":"缅因州","ne_id":1159308501,"name_he":"מיין","name_uk":"Мен","name_ur":"مینے","name_fa":"مین","name_zht":"缅因州","FCLASS_ISO":"","FCLASS_US":"","FCLASS_FR":"","FCLASS_RU":"","FCLASS_ES":"","FCLASS_CN":"","FCLASS_TW":"","FCLASS_IN":"","FCLASS_NP":"","FCLASS_PK":"","FCLASS_DE":"","FCLASS_GB":"","FCLASS_BR":"","FCLASS_IL":"","FCLASS_PS":"","FCLASS_SA":"","FCLASS_EG":"","FCLASS_MA":"","FCLASS_PT":"","FCLASS_AR":"","FCLASS_JP":"","FCLASS_KO":"","FCLASS_VN":"","FCLASS_TR":"","FCLASS_ID":"","FCLASS_PL":"","FCLASS_GR":"","FCLASS_IT":"","FCLASS_NL":"","FCLASS_SE":"","FCLASS_BD":"","FCLASS_UA":"","FCLASS_TLC":""}},{"type":"Feature","geometry":{"type":"Polygon","coordinates":[[[-89.49838277800608,47.9978971098144],[-89.95767722912052,47.28713658465415],[-90.41258813514587,46.58527498561463],[-90.1185500379917,46.341664136477874],[-88.15174454304216,45.945409238549445],[-87.80908095575182,45.68604399428045],[-87.65361342052434,45.12179714658427],[-87.11527233553512,45.45236478614754],[-86.26452401206602,45.22690335176563],[-86.71469981048887,44.84620509505564],[-87.03249034995537,44.09146629673339],[-87.15500988587911,43.326762898421634],[-87.039126092396,42.49280168496793],[-87.22125744700001,41.76072768243213],[-84.79611331151935,41.701434467279654],[-83.46419675680451,41.73944716404222],[-83.12166500545672,41.9500001505898],[-83.07313839227746,42.30031022254684],[-82.54532221003349,42.62468157281123],[-82.13785027066154,43.57087911867143],[-82.5510790461906,45.347357457923096],[-83.97778564358389,46.084913638402355],[-84.19217285879336,46.549558431517795],[-84.56175295101671,46.45737214870428],[-84.87597293370638,46.899901462460434],[-88.37819474699305,48.30309731676937],[-89.49838277800608,47.9978971098144]]]},"properties":{"featurecla":"Admin-1 scale rank","scalerank":2,"adm1_code":"USA-3562","diss_me":3562,"iso_3166_2":"US-MI","wikipedia":"http://en.wikipedia.org/wiki/Michigan","iso_a2":"US","adm0_sr":1,"name":"Michigan","name_alt":"MI|Mich.","name_local":"","type":"State","type_en":"State","code_local":"US26","code_hasc":"US.MI","note":"","hasc_maybe":"","region":"Midwest","region_cod":"","provnum_ne":0,"gadm_level":1,"check_me":20,"datarank":1,"abbrev":"Mich.","postal":"MI","area_sqkm":0,"sameascity":-99,"labelrank":0,"name_len":8,"mapcolor9":1,"mapcolor13":1,"fips":"US26","fips_alt":"","woe_id":2347581,"woe_label":"Michigan, US, United States","woe_name":"Michigan","latitude":43.4343,"longitude":-84.9479,"sov_a3":"US1","adm0_a3":"USA","adm0_label":2,"admin":"United States of America","geonunit":"United States of America","gu_a3":"USA","gn_id":5001836,"gn_name":"Michigan","gns_id":-1,"gns_name":"","gn_level":1,"gn_region":"","gn_a1_code":"US.MI","region_sub":"East North Central","sub_code":"","gns_level":-1,"gns_lang":"","gns_adm1":"","gns_region":"","min_label":3.5,"max_label":7.5,"min_zoom":2,"wikidataid":"Q1166","name_ar":"ميشيغان","name_bn":"মিশিগান","name_de":"Michigan","name_en":"Michigan","name_es":"Míchigan","name_fr":"Michigan","name_el":"Μίσιγκαν","name_hi":"मिशिगन","name_hu":"Michigan","name_id":"Michigan","name_it":"Michigan","name_ja":"ミシガン州","name_ko":"미시간","name_nl":"Michigan","name_pl":"Michigan","name_pt":"Michigan","name_ru":"Мичиган","name_sv":"Michigan","name_tr":"Michigan","name_vi":"Michigan","name_zh":"密歇根州","ne_id":1159314665,"name_he":"מישיגן","name_uk":"Мічиган","name_ur":"مشی گن","name_fa":"میشیگان","name_zht":"密歇根州","FCLASS_ISO":"","FCLASS_US":"","FCLASS_FR":"","FCLASS_RU":"","FCLASS_ES":"","FCLASS_CN":"","FCLASS_TW":"","FCLASS_IN":"","FCLASS_NP":"","FCLASS_PK":"","FCLASS_DE":"","FCLASS_GB":"","FCLASS_BR":"","FCLASS_IL":"","FCLASS_PS":"","FCLASS_SA":"","FCLASS_EG":"","FCLASS_MA":"","FCLASS_PT":"","FCLASS_AR":"","FCLASS_JP":"","FCLASS_KO":"","FCLASS_VN":"","FCLASS_TR":"","FCLASS_ID":"","FCLASS_PL":"","FCLASS_GR":"","FCLASS_IT":"","FCLASS_NL":"","FCLASS_SE":"","FCLASS_BD":"","FCLASS_UA":"","FCLASS_TLC":""}},{"type":"Feature","geometry":{"type":"Polygon","coordinates":[[[-97.2257378091094,48.9931815716096],[-97.12592701428629,48.17339272197776],[-96.85870654510826,47.58833776801907],[-96.78664721618755,46.64821566184375],[-96.55640123572468,45.94277251969888],[-96.84545153971982,45.59586820959052],[-96.45366807750884,45.29733670406182],[-96.4536186390304,43.50117086405916],[-91.24525296183138,43.50241231918463],[-91.31991605061705,43.93628440604803],[-92.79921420275092,44.79003199720967],[-92.69394869580567,45.90901153208287],[-92.29262910041842,46.08437530830372],[-92.29164582401373,46.660718103726936],[-90.6540236912309,47.3090982554138],[-89.95767722912052,47.28713658465415],[-89.49838277800608,47.9978971098144],[-90.84031886435312,48.20051796715313],[-91.51830717146632,48.05831093047837],[-93.0517074985156,48.619877114009796],[-93.70773962803342,48.52546060650184],[-94.6208848044687,48.742605390175896],[-94.85433329970218,49.30458905419198],[-95.1552982770034,49.36967206448722],[-95.16204388272948,48.99176433522743],[-97.2257378091094,48.9931815716096]]]},"properties":{"featurecla":"Admin-1 scale rank","scalerank":2,"adm1_code":"USA-3514","diss_me":3514,"iso_3166_2":"US-MN","wikipedia":"http://en.wikipedia.org/wiki/Minnesota","iso_a2":"US","adm0_sr":1,"name":"Minnesota","name_alt":"MN|Minn.","name_local":"","type":"State","type_en":"State","code_local":"US27","code_hasc":"US.MN","note":"","hasc_maybe":"","region":"Midwest","region_cod":"","provnum_ne":0,"gadm_level":1,"check_me":20,"datarank":1,"abbrev":"Minn.","postal":"MN","area_sqkm":0,"sameascity":-99,"labelrank":0,"name_len":9,"mapcolor9":1,"mapcolor13":1,"fips":"US27","fips_alt":"","woe_id":2347582,"woe_label":"Minnesota, US, United States","woe_name":"Minnesota","latitude":46.0592,"longitude":-93.364,"sov_a3":"US1","adm0_a3":"USA","adm0_label":2,"admin":"United States of America","geonunit":"United States of America","gu_a3":"USA","gn_id":5037779,"gn_name":"Minnesota","gns_id":-1,"gns_name":"","gn_level":1,"gn_region":"","gn_a1_code":"US.MN","region_sub":"West North Central","sub_code":"","gns_level":-1,"gns_lang":"","gns_adm1":"","gns_region":"","min_label":3.5,"max_label":7.5,"min_zoom":2,"wikidataid":"Q1527","name_ar":"مينيسوتا","name_bn":"মিনেসোটা","name_de":"Minnesota","name_en":"Minnesota","name_es":"Minnesota","name_fr":"Minnesota","name_el":"Μινεσότα","name_hi":"मिनेसोटा","name_hu":"Minnesota","name_id":"Minnesota","name_it":"Minnesota","name_ja":"ミネソタ州","name_ko":"미네소타","name_nl":"Minnesota","name_pl":"Minnesota","name_pt":"Minnesota","name_ru":"Миннесота","name_sv":"Minnesota","name_tr":"Minnesota","name_vi":"Minnesota","name_zh":"明尼苏达州","ne_id":1159315297,"name_he":"מינסוטה","name_uk":"Міннесота","name_ur":"مینیسوٹا","name_fa":"مینهسوتا","name_zht":"明尼蘇達州","FCLASS_ISO":"","FCLASS_US":"","FCLASS_FR":"","FCLASS_RU":"","FCLASS_ES":"","FCLASS_CN":"","FCLASS_TW":"","FCLASS_IN":"","FCLASS_NP":"","FCLASS_PK":"","FCLASS_DE":"","FCLASS_GB":"","FCLASS_BR":"","FCLASS_IL":"","FCLASS_PS":"","FCLASS_SA":"","FCLASS_EG":"","FCLASS_MA":"","FCLASS_PT":"","FCLASS_AR":"","FCLASS_JP":"","FCLASS_KO":"","FCLASS_VN":"","FCLASS_TR":"","FCLASS_ID":"","FCLASS_PL":"","FCLASS_GR":"","FCLASS_IT":"","FCLASS_NL":"","FCLASS_SE":"","FCLASS_BD":"","FCLASS_UA":"","FCLASS_TLC":""}},{"type":"Feature","geometry":{"type":"Polygon","coordinates":[[[-89.70477194603545,36.00157341000346],[-89.5573134443166,36.5010778235893],[-89.48722066820527,36.50306634905577],[-89.4503285769542,36.500023136049066],[-89.1543129406621,36.992111777867635],[-89.41394185681615,37.10241451645034],[-89.52342062075806,37.64452391213018],[-90.37399316297046,38.309757091803675],[-90.12676781174268,38.83261843987427],[-90.66352686542155,38.98749271336038],[-91.37873685364214,39.749405584221904],[-91.44195218808485,40.37944955356869],[-91.73152983585013,40.624653420344345],[-95.76502852487214,40.601867774943884],[-95.34668012024153,40.00148689266618],[-94.62452677238107,39.08606205305799],[-94.61806681119714,37.00084590906019],[-94.61837992156065,36.500869083346956],[-90.16224266661156,36.500869083346956],[-89.70477194603545,36.00157341000346]]]},"properties":{"featurecla":"Admin-1 scale rank","scalerank":2,"adm1_code":"USA-3531","diss_me":3531,"iso_3166_2":"US-MO","wikipedia":"http://en.wikipedia.org/wiki/Missouri","iso_a2":"US","adm0_sr":1,"name":"Missouri","name_alt":"MO","name_local":"","type":"State","type_en":"State","code_local":"US29","code_hasc":"US.MO","note":"","hasc_maybe":"US.IL|USA-MOS","region":"Midwest","region_cod":"","provnum_ne":0,"gadm_level":1,"check_me":20,"datarank":1,"abbrev":"Mo.","postal":"MO","area_sqkm":0,"sameascity":-99,"labelrank":0,"name_len":8,"mapcolor9":1,"mapcolor13":1,"fips":"US29","fips_alt":"US17","woe_id":2347584,"woe_label":"Missouri, US, United States","woe_name":"Missouri","latitude":38.5487,"longitude":-92.446,"sov_a3":"US1","adm0_a3":"USA","adm0_label":2,"admin":"United States of America","geonunit":"United States of America","gu_a3":"USA","gn_id":4398678,"gn_name":"Missouri","gns_id":-1,"gns_name":"","gn_level":1,"gn_region":"","gn_a1_code":"US.MO","region_sub":"West North Central","sub_code":"","gns_level":-1,"gns_lang":"","gns_adm1":"","gns_region":"","min_label":3.5,"max_label":7.5,"min_zoom":2,"wikidataid":"Q1581","name_ar":"ميزوري","name_bn":"মিসৌরি","name_de":"Missouri","name_en":"Missouri","name_es":"Misuri","name_fr":"Missouri","name_el":"Μιζούρι","name_hi":"मिसौरी","name_hu":"Missouri","name_id":"Missouri","name_it":"Missouri","name_ja":"ミズーリ州","name_ko":"미주리","name_nl":"Missouri","name_pl":"Missouri","name_pt":"Missouri","name_ru":"Миссури","name_sv":"Missouri","name_tr":"Missouri","name_vi":"Missouri","name_zh":"密苏里州","ne_id":1159315361,"name_he":"מיזורי","name_uk":"Міссурі","name_ur":"مسوری","name_fa":"میزوری","name_zht":"密蘇里州","FCLASS_ISO":"","FCLASS_US":"","FCLASS_FR":"","FCLASS_RU":"","FCLASS_ES":"","FCLASS_CN":"","FCLASS_TW":"","FCLASS_IN":"","FCLASS_NP":"","FCLASS_PK":"","FCLASS_DE":"","FCLASS_GB":"","FCLASS_BR":"","FCLASS_IL":"","FCLASS_PS":"","FCLASS_SA":"","FCLASS_EG":"","FCLASS_MA":"","FCLASS_PT":"","FCLASS_AR":"","FCLASS_JP":"","FCLASS_KO":"","FCLASS_VN":"","FCLASS_TR":"","FCLASS_ID":"","FCLASS_PL":"","FCLASS_GR":"","FCLASS_IT":"","FCLASS_NL":"","FCLASS_SE":"","FCLASS_BD":"","FCLASS_UA":"","FCLASS_TLC":""}},{"type":"Feature","geometry":{"type":"Polygon","coordinates":[[[-114.06251701583469,48.99308269465271],[-116.04849365409368,48.99308269465271],[-116.04901001153524,48.00471961984027],[-115.70246825026885,47.43759435406554],[-114.60155023952217,46.660333582227906],[-114.35089715378864,46.66763949070972],[-114.53369867443384,45.78200957411312],[-113.94265067825432,45.68150664059175],[-112.99968860615037,44.480360354537254],[-112.23131028094062,44.56069238885169],[-111.05143352694752,44.49888330446262],[-111.05086223786323,45.00105739588466],[-104.03721206796996,45.001134300184475],[-104.0110865786921,45.94305816424102],[-104.03392715573527,48.993137626295436],[-109.99943214404341,48.99308269465271],[-114.06251701583469,48.99308269465271]]]},"properties":{"featurecla":"Admin-1 scale rank","scalerank":2,"adm1_code":"USA-3515","diss_me":3515,"iso_3166_2":"US-MT","wikipedia":"http://en.wikipedia.org/wiki/Montana","iso_a2":"US","adm0_sr":1,"name":"Montana","name_alt":"MT|Mont.","name_local":"","type":"State","type_en":"State","code_local":"US30","code_hasc":"US.MT","note":"","hasc_maybe":"","region":"West","region_cod":"","provnum_ne":0,"gadm_level":1,"check_me":20,"datarank":1,"abbrev":"Mont.","postal":"MT","area_sqkm":0,"sameascity":-99,"labelrank":0,"name_len":7,"mapcolor9":1,"mapcolor13":1,"fips":"US30","fips_alt":"","woe_id":2347585,"woe_label":"Montana, US, United States","woe_name":"Montana","latitude":46.9965,"longitude":-110.044,"sov_a3":"US1","adm0_a3":"USA","adm0_label":2,"admin":"United States of America","geonunit":"United States of America","gu_a3":"USA","gn_id":5667009,"gn_name":"Montana","gns_id":-1,"gns_name":"","gn_level":1,"gn_region":"","gn_a1_code":"US.MT","region_sub":"Mountain","sub_code":"","gns_level":-1,"gns_lang":"","gns_adm1":"","gns_region":"","min_label":3.5,"max_label":7.5,"min_zoom":2,"wikidataid":"Q1212","name_ar":"مونتانا","name_bn":"মন্টানা","name_de":"Montana","name_en":"Montana","name_es":"Montana","name_fr":"Montana","name_el":"Μοντάνα","name_hi":"मोन्टाना","name_hu":"Montana","name_id":"Montana","name_it":"Montana","name_ja":"モンタナ州","name_ko":"몬태나","name_nl":"Montana","name_pl":"Montana","name_pt":"Montana","name_ru":"Монтана","name_sv":"Montana","name_tr":"Montana","name_vi":"Montana","name_zh":"蒙大拿州","ne_id":1159315333,"name_he":"מונטנה","name_uk":"Монтана","name_ur":"مونٹانا","name_fa":"ایالت مونتانا","name_zht":"蒙大拿州","FCLASS_ISO":"","FCLASS_US":"","FCLASS_FR":"","FCLASS_RU":"","FCLASS_ES":"","FCLASS_CN":"","FCLASS_TW":"","FCLASS_IN":"","FCLASS_NP":"","FCLASS_PK":"","FCLASS_DE":"","FCLASS_GB":"","FCLASS_BR":"","FCLASS_IL":"","FCLASS_PS":"","FCLASS_SA":"","FCLASS_EG":"","FCLASS_MA":"","FCLASS_PT":"","FCLASS_AR":"","FCLASS_JP":"","FCLASS_KO":"","FCLASS_VN":"","FCLASS_TR":"","FCLASS_ID":"","FCLASS_PL":"","FCLASS_GR":"","FCLASS_IT":"","FCLASS_NL":"","FCLASS_SE":"","FCLASS_BD":"","FCLASS_UA":"","FCLASS_TLC":""}},{"type":"Feature","geometry":{"type":"Polygon","coordinates":[[[-101.36727055986977,48.993137626295436],[-104.03392715573527,48.993137626295436],[-104.0110865786921,45.94305816424102],[-96.55640123572468,45.94277251969888],[-96.78664721618755,46.64821566184375],[-96.85870654510826,47.58833776801907],[-97.12592701428629,48.17339272197776],[-97.2257378091094,48.9931815716096],[-101.36727055986977,48.993137626295436]]]},"properties":{"featurecla":"Admin-1 scale rank","scalerank":2,"adm1_code":"USA-3516","diss_me":3516,"iso_3166_2":"US-ND","wikipedia":"http://en.wikipedia.org/wiki/North_Dakota","iso_a2":"US","adm0_sr":1,"name":"North Dakota","name_alt":"ND|N.D.","name_local":"","type":"State","type_en":"State","code_local":"US38","code_hasc":"US.ND","note":"","hasc_maybe":"","region":"Midwest","region_cod":"","provnum_ne":0,"gadm_level":1,"check_me":20,"datarank":1,"abbrev":"N.D.","postal":"ND","area_sqkm":0,"sameascity":-99,"labelrank":0,"name_len":12,"mapcolor9":1,"mapcolor13":1,"fips":"US38","fips_alt":"","woe_id":2347593,"woe_label":"North Dakota, US, United States","woe_name":"North Dakota","latitude":47.4675,"longitude":-100.302,"sov_a3":"US1","adm0_a3":"USA","adm0_label":2,"admin":"United States of America","geonunit":"United States of America","gu_a3":"USA","gn_id":5690763,"gn_name":"North Dakota","gns_id":-1,"gns_name":"","gn_level":1,"gn_region":"","gn_a1_code":"US.ND","region_sub":"West North Central","sub_code":"","gns_level":-1,"gns_lang":"","gns_adm1":"","gns_region":"","min_label":3.5,"max_label":7.5,"min_zoom":2,"wikidataid":"Q1207","name_ar":"داكوتا الشمالية","name_bn":"নর্থ ডাকোটা","name_de":"North Dakota","name_en":"North Dakota","name_es":"Dakota del Norte","name_fr":"Dakota du Nord","name_el":"Βόρεια Ντακότα","name_hi":"उत्तर डेकोटा","name_hu":"Észak-Dakota","name_id":"Dakota Utara","name_it":"Dakota del Nord","name_ja":"ノースダコタ州","name_ko":"노스다코타","name_nl":"Noord-Dakota","name_pl":"Dakota Północna","name_pt":"Dakota do Norte","name_ru":"Северная Дакота","name_sv":"North Dakota","name_tr":"Kuzey Dakota","name_vi":"Bắc Dakota","name_zh":"北达科他州","ne_id":1159315337,"name_he":"דקוטה הצפונית","name_uk":"Північна Дакота","name_ur":"شمالی ڈکوٹا","name_fa":"داکوتای شمالی","name_zht":"北達科他州","FCLASS_ISO":"","FCLASS_US":"","FCLASS_FR":"","FCLASS_RU":"","FCLASS_ES":"","FCLASS_CN":"","FCLASS_TW":"","FCLASS_IN":"","FCLASS_NP":"","FCLASS_PK":"","FCLASS_DE":"","FCLASS_GB":"","FCLASS_BR":"","FCLASS_IL":"","FCLASS_PS":"","FCLASS_SA":"","FCLASS_EG":"","FCLASS_MA":"","FCLASS_PT":"","FCLASS_AR":"","FCLASS_JP":"","FCLASS_KO":"","FCLASS_VN":"","FCLASS_TR":"","FCLASS_ID":"","FCLASS_PL":"","FCLASS_GR":"","FCLASS_IT":"","FCLASS_NL":"","FCLASS_SE":"","FCLASS_BD":"","FCLASS_UA":"","FCLASS_TLC":""}},{"type":"Feature","geometry":{"type":"Polygon","coordinates":[[[-102.02448921287036,40.001124343824216],[-95.34668012024153,40.00148689266618],[-95.76502852487214,40.601867774943884],[-95.88362594150564,41.28755749836651],[-96.4809526244481,42.511258716921986],[-97.23878956741979,42.86053607399589],[-97.96494743203456,42.80586810316046],[-98.44176507717684,43.00109516138903],[-104.02886245827645,43.00140277858827],[-104.02165542675152,41.00085826867979],[-102.02500557031193,41.00062755578037],[-102.02448921287036,40.001124343824216]]]},"properties":{"featurecla":"Admin-1 scale rank","scalerank":2,"adm1_code":"USA-3532","diss_me":3532,"iso_3166_2":"US-NE","wikipedia":"http://en.wikipedia.org/wiki/Nebraska","iso_a2":"US","adm0_sr":1,"name":"Nebraska","name_alt":"NE|Nebr.","name_local":"","type":"State","type_en":"State","code_local":"US31","code_hasc":"US.NE","note":"","hasc_maybe":"","region":"Midwest","region_cod":"","provnum_ne":0,"gadm_level":1,"check_me":20,"datarank":1,"abbrev":"Nebr.","postal":"NE","area_sqkm":0,"sameascity":-99,"labelrank":0,"name_len":8,"mapcolor9":1,"mapcolor13":1,"fips":"US31","fips_alt":"","woe_id":2347586,"woe_label":"Nebraska, US, United States","woe_name":"Nebraska","latitude":41.5002,"longitude":-99.6855,"sov_a3":"US1","adm0_a3":"USA","adm0_label":2,"admin":"United States of America","geonunit":"United States of America","gu_a3":"USA","gn_id":5073708,"gn_name":"Nebraska","gns_id":-1,"gns_name":"","gn_level":1,"gn_region":"","gn_a1_code":"US.NE","region_sub":"West North Central","sub_code":"","gns_level":-1,"gns_lang":"","gns_adm1":"","gns_region":"","min_label":3.5,"max_label":7.5,"min_zoom":2,"wikidataid":"Q1553","name_ar":"نبراسكا","name_bn":"নেব্রাস্কা","name_de":"Nebraska","name_en":"Nebraska","name_es":"Nebraska","name_fr":"Nebraska","name_el":"Νεμπράσκα","name_hi":"नेब्रास्का","name_hu":"Nebraska","name_id":"Nebraska","name_it":"Nebraska","name_ja":"ネブラスカ州","name_ko":"네브래스카","name_nl":"Nebraska","name_pl":"Nebraska","name_pt":"Nebraska","name_ru":"Небраска","name_sv":"Nebraska","name_tr":"Nebraska","name_vi":"Nebraska","name_zh":"內布拉斯加州","ne_id":1159315363,"name_he":"נברסקה","name_uk":"Небраска","name_ur":"نیبراسکا","name_fa":"نبراسکا","name_zht":"內布拉斯加州","FCLASS_ISO":"","FCLASS_US":"","FCLASS_FR":"","FCLASS_RU":"","FCLASS_ES":"","FCLASS_CN":"","FCLASS_TW":"","FCLASS_IN":"","FCLASS_NP":"","FCLASS_PK":"","FCLASS_DE":"","FCLASS_GB":"","FCLASS_BR":"","FCLASS_IL":"","FCLASS_PS":"","FCLASS_SA":"","FCLASS_EG":"","FCLASS_MA":"","FCLASS_PT":"","FCLASS_AR":"","FCLASS_JP":"","FCLASS_KO":"","FCLASS_VN":"","FCLASS_TR":"","FCLASS_ID":"","FCLASS_PL":"","FCLASS_GR":"","FCLASS_IT":"","FCLASS_NL":"","FCLASS_SE":"","FCLASS_BD":"","FCLASS_UA":"","FCLASS_TLC":""}},{"type":"Feature","geometry":{"type":"Polygon","coordinates":[[[-71.51752027568435,45.007561302382754],[-71.68300734254406,44.45027978698354],[-72.0312080394206,44.300733882841314],[-72.38495683221193,43.52922994716076],[-72.46685991150817,42.730315121762715],[-71.32962109859469,42.702486751560514],[-70.80611155714001,42.8767628812555],[-70.73309641763596,43.07003437300324],[-70.95563548862515,43.38939595745154],[-71.08454906776156,45.294007846512955],[-71.51752027568435,45.007561302382754]]]},"properties":{"featurecla":"Admin-1 scale rank","scalerank":2,"adm1_code":"USA-3538","diss_me":3538,"iso_3166_2":"US-NH","wikipedia":"http://en.wikipedia.org/wiki/New_Hampshire","iso_a2":"US","adm0_sr":1,"name":"New Hampshire","name_alt":"NH|N.H.","name_local":"","type":"State","type_en":"State","code_local":"US33","code_hasc":"US.NH","note":"","hasc_maybe":"","region":"Northeast","region_cod":"","provnum_ne":0,"gadm_level":1,"check_me":20,"datarank":1,"abbrev":"N.H.","postal":"NH","area_sqkm":0,"sameascity":-99,"labelrank":0,"name_len":13,"mapcolor9":1,"mapcolor13":1,"fips":"US33","fips_alt":"","woe_id":2347588,"woe_label":"New Hampshire, US, United States","woe_name":"New Hampshire","latitude":43.5993,"longitude":-71.6301,"sov_a3":"US1","adm0_a3":"USA","adm0_label":2,"admin":"United States of America","geonunit":"United States of America","gu_a3":"USA","gn_id":5090174,"gn_name":"New Hampshire","gns_id":-1,"gns_name":"","gn_level":1,"gn_region":"","gn_a1_code":"US.NH","region_sub":"New England","sub_code":"","gns_level":-1,"gns_lang":"","gns_adm1":"","gns_region":"","min_label":3.5,"max_label":7.5,"min_zoom":2,"wikidataid":"Q759","name_ar":"نيوهامبشير","name_bn":"নিউ হ্যাম্প্শায়ার","name_de":"New Hampshire","name_en":"New Hampshire","name_es":"Nuevo Hampshire","name_fr":"New Hampshire","name_el":"Νιου Χάμσαϊρ","name_hi":"नया हेम्पशायर","name_hu":"New Hampshire","name_id":"New Hampshire","name_it":"New Hampshire","name_ja":"ニューハンプシャー州","name_ko":"뉴햄프셔","name_nl":"New Hampshire","name_pl":"New Hampshire","name_pt":"Nova Hampshire","name_ru":"Нью-Гэмпшир","name_sv":"New Hampshire","name_tr":"New Hampshire","name_vi":"New Hampshire","name_zh":"新罕布什尔州","ne_id":1159315303,"name_he":"ניו המפשייר","name_uk":"Нью-Гемпшир","name_ur":"نیو ہیمپشائر","name_fa":"نیوهمپشایر","name_zht":"新罕布夏州","FCLASS_ISO":"","FCLASS_US":"","FCLASS_FR":"","FCLASS_RU":"","FCLASS_ES":"","FCLASS_CN":"","FCLASS_TW":"","FCLASS_IN":"","FCLASS_NP":"","FCLASS_PK":"","FCLASS_DE":"","FCLASS_GB":"","FCLASS_BR":"","FCLASS_IL":"","FCLASS_PS":"","FCLASS_SA":"","FCLASS_EG":"","FCLASS_MA":"","FCLASS_PT":"","FCLASS_AR":"","FCLASS_JP":"","FCLASS_KO":"","FCLASS_VN":"","FCLASS_TR":"","FCLASS_ID":"","FCLASS_PL":"","FCLASS_GR":"","FCLASS_IT":"","FCLASS_NL":"","FCLASS_SE":"","FCLASS_BD":"","FCLASS_UA":"","FCLASS_TLC":""}},{"type":"Feature","geometry":{"type":"Polygon","coordinates":[[[-75.07416836057845,39.98348030018241],[-75.5242452820444,39.49017217589545],[-74.89702479913346,39.14546513149591],[-74.42883142189831,39.38718633212309],[-73.95759483165644,40.32836312583865],[-74.24151452022149,40.456265962749],[-73.91007896070322,40.992255973429764],[-74.69905115876887,41.35729871196443],[-75.1230355499426,40.999001579155845],[-75.18901943917842,40.5958143079161],[-74.73488856247971,40.15450447662835],[-75.07416836057845,39.98348030018241]]]},"properties":{"featurecla":"Admin-1 scale rank","scalerank":2,"adm1_code":"USA-3558","diss_me":3558,"iso_3166_2":"US-NJ","wikipedia":"http://en.wikipedia.org/wiki/New_Jersey","iso_a2":"US","adm0_sr":5,"name":"New Jersey","name_alt":"NJ|N.J.","name_local":"","type":"State","type_en":"State","code_local":"US34","code_hasc":"US.NJ","note":"","hasc_maybe":"","region":"Northeast","region_cod":"","provnum_ne":0,"gadm_level":1,"check_me":20,"datarank":1,"abbrev":"N.J.","postal":"NJ","area_sqkm":0,"sameascity":-99,"labelrank":0,"name_len":10,"mapcolor9":1,"mapcolor13":1,"fips":"US34","fips_alt":"","woe_id":2347589,"woe_label":"New Jersey, US, United States","woe_name":"New Jersey","latitude":40.0449,"longitude":-74.4653,"sov_a3":"US1","adm0_a3":"USA","adm0_label":2,"admin":"United States of America","geonunit":"United States of America","gu_a3":"USA","gn_id":5101760,"gn_name":"New Jersey","gns_id":-1,"gns_name":"","gn_level":1,"gn_region":"","gn_a1_code":"US.NJ","region_sub":"Middle Atlantic","sub_code":"","gns_level":-1,"gns_lang":"","gns_adm1":"","gns_region":"","min_label":3.5,"max_label":7.5,"min_zoom":2,"wikidataid":"Q1408","name_ar":"نيوجيرسي","name_bn":"নিউ জার্সি","name_de":"New Jersey","name_en":"New Jersey","name_es":"Nueva Jersey","name_fr":"New Jersey","name_el":"Νιου Τζέρσεϊ","name_hi":"न्यू जर्सी","name_hu":"New Jersey","name_id":"New Jersey","name_it":"New Jersey","name_ja":"ニュージャージー州","name_ko":"뉴저지","name_nl":"New Jersey","name_pl":"New Jersey","name_pt":"Nova Jérsia","name_ru":"Нью-Джерси","name_sv":"New Jersey","name_tr":"New Jersey","name_vi":"New Jersey","name_zh":"新泽西州","ne_id":1159315267,"name_he":"ניו ג'רזי","name_uk":"Нью-Джерсі","name_ur":"نیو جرسی","name_fa":"نیوجرسی","name_zht":"紐澤西州","FCLASS_ISO":"","FCLASS_US":"","FCLASS_FR":"","FCLASS_RU":"","FCLASS_ES":"","FCLASS_CN":"","FCLASS_TW":"","FCLASS_IN":"","FCLASS_NP":"","FCLASS_PK":"","FCLASS_DE":"","FCLASS_GB":"","FCLASS_BR":"","FCLASS_IL":"","FCLASS_PS":"","FCLASS_SA":"","FCLASS_EG":"","FCLASS_MA":"","FCLASS_PT":"","FCLASS_AR":"","FCLASS_JP":"","FCLASS_KO":"","FCLASS_VN":"","FCLASS_TR":"","FCLASS_ID":"","FCLASS_PL":"","FCLASS_GR":"","FCLASS_IT":"","FCLASS_NL":"","FCLASS_SE":"","FCLASS_BD":"","FCLASS_UA":"","FCLASS_TLC":""}},{"type":"Feature","geometry":{"type":"Polygon","coordinates":[[[-114.04026970053289,37.00415279395196],[-114.04259330901996,42.00110855097694],[-117.01667484337061,42.00055923454974],[-120.0008088683391,42.00055923454974],[-120.0000617979981,39.00025882712862],[-118.12627205366712,37.692380359268256],[-114.61054254943551,34.991116828488856],[-114.71575861790231,36.08498161631023],[-114.04287895356211,36.18177117078372],[-114.04026970053289,37.00415279395196]]]},"properties":{"featurecla":"Admin-1 scale rank","scalerank":2,"adm1_code":"USA-3523","diss_me":3523,"iso_3166_2":"US-NV","wikipedia":"http://en.wikipedia.org/wiki/Nevada","iso_a2":"US","adm0_sr":1,"name":"Nevada","name_alt":"NV|Nev.","name_local":"","type":"State","type_en":"State","code_local":"US32","code_hasc":"US.NV","note":"","hasc_maybe":"","region":"West","region_cod":"","provnum_ne":0,"gadm_level":1,"check_me":20,"datarank":1,"abbrev":"Nev.","postal":"NV","area_sqkm":0,"sameascity":-99,"labelrank":0,"name_len":6,"mapcolor9":1,"mapcolor13":1,"fips":"US32","fips_alt":"","woe_id":2347587,"woe_label":"Nevada, US, United States","woe_name":"Nevada","latitude":39.4299,"longitude":-117.02,"sov_a3":"US1","adm0_a3":"USA","adm0_label":2,"admin":"United States of America","geonunit":"United States of America","gu_a3":"USA","gn_id":5509151,"gn_name":"Nevada","gns_id":-1,"gns_name":"","gn_level":1,"gn_region":"","gn_a1_code":"US.NV","region_sub":"Mountain","sub_code":"","gns_level":-1,"gns_lang":"","gns_adm1":"","gns_region":"","min_label":3.5,"max_label":7.5,"min_zoom":2,"wikidataid":"Q1227","name_ar":"نيفادا","name_bn":"নেভাডা","name_de":"Nevada","name_en":"Nevada","name_es":"Nevada","name_fr":"Nevada","name_el":"Νεβάδα","name_hi":"नेवाडा","name_hu":"Nevada","name_id":"Nevada","name_it":"Nevada","name_ja":"ネバダ州","name_ko":"네바다","name_nl":"Nevada","name_pl":"Nevada","name_pt":"Nevada","name_ru":"Невада","name_sv":"Nevada","name_tr":"Nevada","name_vi":"Nevada","name_zh":"内华达州","ne_id":1159315345,"name_he":"נבדה","name_uk":"Невада","name_ur":"نیواڈا","name_fa":"نوادا","name_zht":"內華達州","FCLASS_ISO":"","FCLASS_US":"","FCLASS_FR":"","FCLASS_RU":"","FCLASS_ES":"","FCLASS_CN":"","FCLASS_TW":"","FCLASS_IN":"","FCLASS_NP":"","FCLASS_PK":"","FCLASS_DE":"","FCLASS_GB":"","FCLASS_BR":"","FCLASS_IL":"","FCLASS_PS":"","FCLASS_SA":"","FCLASS_EG":"","FCLASS_MA":"","FCLASS_PT":"","FCLASS_AR":"","FCLASS_JP":"","FCLASS_KO":"","FCLASS_VN":"","FCLASS_TR":"","FCLASS_ID":"","FCLASS_PL":"","FCLASS_GR":"","FCLASS_IT":"","FCLASS_NL":"","FCLASS_SE":"","FCLASS_BD":"","FCLASS_UA":"","FCLASS_TLC":""}},{"type":"Feature","geometry":{"type":"Polygon","coordinates":[[[-79.76202376401532,42.53897722383874],[-79.76295760194158,42.00089981073461],[-75.35134244341744,41.99841690048365],[-74.69905115876887,41.35729871196443],[-73.91007896070322,40.992255973429764],[-73.63046591292746,40.99186046560217],[-73.48056844627182,42.05556778157003],[-73.25332722666576,42.752221860879644],[-73.35218221090553,45.00541896831666],[-74.7088729364873,45.003869895991954],[-75.17938442904526,44.89937892520905],[-76.46460908744768,44.057595445831936],[-76.81996188420645,43.62878805642737],[-78.72043192740675,43.62493185510837],[-79.17184918095508,43.466574915473785],[-79.03669536720562,42.80231951904071],[-79.76202376401532,42.53897722383874]]]},"properties":{"featurecla":"Admin-1 scale rank","scalerank":2,"adm1_code":"USA-3559","diss_me":3559,"iso_3166_2":"US-NY","wikipedia":"http://en.wikipedia.org/wiki/New_York","iso_a2":"US","adm0_sr":3,"name":"New York","name_alt":"NY|N.Y.","name_local":"","type":"State","type_en":"State","code_local":"US36","code_hasc":"US.NY","note":"","hasc_maybe":"","region":"Northeast","region_cod":"","provnum_ne":0,"gadm_level":1,"check_me":20,"datarank":1,"abbrev":"N.Y.","postal":"NY","area_sqkm":0,"sameascity":-99,"labelrank":0,"name_len":8,"mapcolor9":1,"mapcolor13":1,"fips":"US36","fips_alt":"","woe_id":2347591,"woe_label":"New York, US, United States","woe_name":"New York","latitude":43.1988,"longitude":-75.3242,"sov_a3":"US1","adm0_a3":"USA","adm0_label":2,"admin":"United States of America","geonunit":"United States of America","gu_a3":"USA","gn_id":5128638,"gn_name":"New York","gns_id":-1,"gns_name":"","gn_level":1,"gn_region":"","gn_a1_code":"US.NY","region_sub":"Middle Atlantic","sub_code":"","gns_level":-1,"gns_lang":"","gns_adm1":"","gns_region":"","min_label":3.5,"max_label":7.5,"min_zoom":2,"wikidataid":"Q1384","name_ar":"نيويورك","name_bn":"নিউ ইয়র্ক","name_de":"New York","name_en":"New York","name_es":"Nueva York","name_fr":"État de New York","name_el":"Νέα Υόρκη","name_hi":"न्यूयॉर्क","name_hu":"New York","name_id":"New York","name_it":"New York","name_ja":"ニューヨーク州","name_ko":"뉴욕","name_nl":"New York","name_pl":"Nowy Jork","name_pt":"Nova Iorque","name_ru":"Нью-Йорк","name_sv":"New York","name_tr":"New York","name_vi":"New York","name_zh":"纽约州","ne_id":1159312155,"name_he":"ניו יורק","name_uk":"штат Нью-Йорк","name_ur":"نیویارک","name_fa":"نیویورک","name_zht":"紐約州","FCLASS_ISO":"","FCLASS_US":"","FCLASS_FR":"","FCLASS_RU":"","FCLASS_ES":"","FCLASS_CN":"","FCLASS_TW":"","FCLASS_IN":"","FCLASS_NP":"","FCLASS_PK":"","FCLASS_DE":"","FCLASS_GB":"","FCLASS_BR":"","FCLASS_IL":"","FCLASS_PS":"","FCLASS_SA":"","FCLASS_EG":"","FCLASS_MA":"","FCLASS_PT":"","FCLASS_AR":"","FCLASS_JP":"","FCLASS_KO":"","FCLASS_VN":"","FCLASS_TR":"","FCLASS_ID":"","FCLASS_PL":"","FCLASS_GR":"","FCLASS_IT":"","FCLASS_NL":"","FCLASS_SE":"","FCLASS_BD":"","FCLASS_UA":"","FCLASS_TLC":""}},{"type":"Feature","geometry":{"type":"Polygon","coordinates":[[[-83.12166500545672,41.9500001505898],[-83.46419675680451,41.73944716404222],[-84.79611331151935,41.701434467279654],[-84.82171145702709,39.09198368414326],[-84.35802247449502,39.04991703214793],[-83.68987791775731,38.64953127468692],[-82.88043818961403,38.71025271255013],[-82.61277826729423,38.448217790444914],[-82.3870641473558,38.43399049498032],[-82.00109245294465,39.011102333401624],[-80.96329089968378,39.571130430936876],[-80.51908067766038,40.646955667288864],[-80.52076158592763,42.32439225471549],[-81.27764271831597,42.20917862727356],[-82.43907342668354,41.67486952486004],[-83.12166500545672,41.9500001505898]]]},"properties":{"featurecla":"Admin-1 scale rank","scalerank":2,"adm1_code":"USA-3550","diss_me":3550,"iso_3166_2":"US-OH","wikipedia":"http://en.wikipedia.org/wiki/Ohio","iso_a2":"US","adm0_sr":1,"name":"Ohio","name_alt":"OH|Ohio","name_local":"","type":"State","type_en":"State","code_local":"US39","code_hasc":"US.OH","note":"","hasc_maybe":"","region":"Midwest","region_cod":"","provnum_ne":0,"gadm_level":1,"check_me":20,"datarank":1,"abbrev":"Ohio","postal":"OH","area_sqkm":0,"sameascity":-99,"labelrank":0,"name_len":4,"mapcolor9":1,"mapcolor13":1,"fips":"US39","fips_alt":"","woe_id":2347594,"woe_label":"Ohio, US, United States","woe_name":"Ohio","latitude":40.0924,"longitude":-82.6719,"sov_a3":"US1","adm0_a3":"USA","adm0_label":2,"admin":"United States of America","geonunit":"United States of America","gu_a3":"USA","gn_id":5165418,"gn_name":"Ohio","gns_id":-1,"gns_name":"","gn_level":1,"gn_region":"","gn_a1_code":"US.OH","region_sub":"East North Central","sub_code":"","gns_level":-1,"gns_lang":"","gns_adm1":"","gns_region":"","min_label":3.5,"max_label":7.5,"min_zoom":2,"wikidataid":"Q1397","name_ar":"أوهايو","name_bn":"ওহাইও","name_de":"Ohio","name_en":"Ohio","name_es":"Ohio","name_fr":"Ohio","name_el":"Οχάιο","name_hi":"ओहायो","name_hu":"Ohio","name_id":"Ohio","name_it":"Ohio","name_ja":"オハイオ州","name_ko":"오하이오","name_nl":"Ohio","name_pl":"Ohio","name_pt":"Ohio","name_ru":"Огайо","name_sv":"Ohio","name_tr":"Ohio","name_vi":"Ohio","name_zh":"俄亥俄州","ne_id":1159315315,"name_he":"אוהיו","name_uk":"Огайо","name_ur":"اوہائیو","name_fa":"اوهایو","name_zht":"俄亥俄州","FCLASS_ISO":"","FCLASS_US":"","FCLASS_FR":"","FCLASS_RU":"","FCLASS_ES":"","FCLASS_CN":"","FCLASS_TW":"","FCLASS_IN":"","FCLASS_NP":"","FCLASS_PK":"","FCLASS_DE":"","FCLASS_GB":"","FCLASS_BR":"","FCLASS_IL":"","FCLASS_PS":"","FCLASS_SA":"","FCLASS_EG":"","FCLASS_MA":"","FCLASS_PT":"","FCLASS_AR":"","FCLASS_JP":"","FCLASS_KO":"","FCLASS_VN":"","FCLASS_TR":"","FCLASS_ID":"","FCLASS_PL":"","FCLASS_GR":"","FCLASS_IT":"","FCLASS_NL":"","FCLASS_SE":"","FCLASS_BD":"","FCLASS_UA":"","FCLASS_TLC":""}},{"type":"Feature","geometry":{"type":"Polygon","coordinates":[[[-120.0008088683391,42.00055923454974],[-117.01667484337061,42.00055923454974],[-117.02023990698316,43.8084365007804],[-116.91242007865142,44.19947289265039],[-117.20170109554599,44.436206300118556],[-116.47704286477747,45.64108793787801],[-116.89647891593393,46.002098693836984],[-119.00242076873018,46.00054962151225],[-121.04524067087632,45.6390444807688],[-122.20253502654704,45.59106718401674],[-122.72591273205919,45.673750292639596],[-123.2205886542499,46.15362213711714],[-123.94713104036371,46.14059235146385],[-123.92935516077938,45.57696073816612],[-124.14871918281932,43.691728732656486],[-124.53962923191105,42.812866394443034],[-124.22840851691392,42.00076797479207],[-120.0008088683391,42.00055923454974]]]},"properties":{"featurecla":"Admin-1 scale rank","scalerank":2,"adm1_code":"USA-3525","diss_me":3525,"iso_3166_2":"US-OR","wikipedia":"http://en.wikipedia.org/wiki/Oregon","iso_a2":"US","adm0_sr":6,"name":"Oregon","name_alt":"OR|Ore.","name_local":"","type":"State","type_en":"State","code_local":"US41","code_hasc":"US.OR","note":"","hasc_maybe":"","region":"West","region_cod":"","provnum_ne":0,"gadm_level":1,"check_me":20,"datarank":1,"abbrev":"Ore.","postal":"OR","area_sqkm":0,"sameascity":-99,"labelrank":0,"name_len":6,"mapcolor9":1,"mapcolor13":1,"fips":"US41","fips_alt":"","woe_id":2347596,"woe_label":"Oregon, US, United States","woe_name":"Oregon","latitude":43.8333,"longitude":-120.386,"sov_a3":"US1","adm0_a3":"USA","adm0_label":2,"admin":"United States of America","geonunit":"United States of America","gu_a3":"USA","gn_id":5744337,"gn_name":"Oregon","gns_id":-1,"gns_name":"","gn_level":1,"gn_region":"","gn_a1_code":"US.OR","region_sub":"Pacific","sub_code":"","gns_level":-1,"gns_lang":"","gns_adm1":"","gns_region":"","min_label":3.5,"max_label":7.5,"min_zoom":2,"wikidataid":"Q824","name_ar":"أوريغون","name_bn":"অরেগন","name_de":"Oregon","name_en":"Oregon","name_es":"Oregón","name_fr":"Oregon","name_el":"Όρεγκον","name_hi":"औरिगन","name_hu":"Oregon","name_id":"Oregon","name_it":"Oregon","name_ja":"オレゴン州","name_ko":"오리건","name_nl":"Oregon","name_pl":"Oregon","name_pt":"Oregon","name_ru":"Орегон","name_sv":"Oregon","name_tr":"Oregon","name_vi":"Oregon","name_zh":"俄勒冈州","ne_id":1159309549,"name_he":"אורגון","name_uk":"Орегон","name_ur":"اوریگون","name_fa":"اورگن","name_zht":"奧勒岡州","FCLASS_ISO":"","FCLASS_US":"","FCLASS_FR":"","FCLASS_RU":"","FCLASS_ES":"","FCLASS_CN":"","FCLASS_TW":"","FCLASS_IN":"","FCLASS_NP":"","FCLASS_PK":"","FCLASS_DE":"","FCLASS_GB":"","FCLASS_BR":"","FCLASS_IL":"","FCLASS_PS":"","FCLASS_SA":"","FCLASS_EG":"","FCLASS_MA":"","FCLASS_PT":"","FCLASS_AR":"","FCLASS_JP":"","FCLASS_KO":"","FCLASS_VN":"","FCLASS_TR":"","FCLASS_ID":"","FCLASS_PL":"","FCLASS_GR":"","FCLASS_IT":"","FCLASS_NL":"","FCLASS_SE":"","FCLASS_BD":"","FCLASS_UA":"","FCLASS_TLC":""}},{"type":"Feature","geometry":{"type":"Polygon","coordinates":[[[-80.52076158592763,42.32439225471549],[-80.51908067766038,40.646955667288864],[-80.51944322650233,39.72251105194596],[-79.47749982738036,39.7227966964881],[-75.78472014549637,39.72235724334635],[-75.42102872537264,39.81542243244337],[-75.07416836057845,39.98348030018241],[-74.73488856247971,40.15450447662835],[-75.18901943917842,40.5958143079161],[-75.1230355499426,40.999001579155845],[-74.69905115876887,41.35729871196443],[-75.35134244341744,41.99841690048365],[-79.76295760194158,42.00089981073461],[-79.76202376401532,42.53897722383874],[-80.52076158592763,42.32439225471549]]]},"properties":{"featurecla":"Admin-1 scale rank","scalerank":2,"adm1_code":"USA-3560","diss_me":3560,"iso_3166_2":"US-PA","wikipedia":"http://en.wikipedia.org/wiki/Pennsylvania","iso_a2":"US","adm0_sr":1,"name":"Pennsylvania","name_alt":"Commonwealth of Pennsylvania|PA","name_local":"","type":"State","type_en":"State","code_local":"US42","code_hasc":"US.PA","note":"","hasc_maybe":"","region":"Northeast","region_cod":"","provnum_ne":0,"gadm_level":1,"check_me":20,"datarank":1,"abbrev":"Pa.","postal":"PA","area_sqkm":0,"sameascity":-99,"labelrank":0,"name_len":12,"mapcolor9":1,"mapcolor13":1,"fips":"US42","fips_alt":"","woe_id":2347597,"woe_label":"Pennsylvania, US, United States","woe_name":"Pennsylvania","latitude":40.8601,"longitude":-77.6094,"sov_a3":"US1","adm0_a3":"USA","adm0_label":2,"admin":"United States of America","geonunit":"United States of America","gu_a3":"USA","gn_id":6254927,"gn_name":"Pennsylvania","gns_id":-1,"gns_name":"","gn_level":1,"gn_region":"","gn_a1_code":"US.PA","region_sub":"Middle Atlantic","sub_code":"","gns_level":-1,"gns_lang":"","gns_adm1":"","gns_region":"","min_label":3.5,"max_label":7.5,"min_zoom":2,"wikidataid":"Q1400","name_ar":"بنسيلفانيا","name_bn":"পেনসিলভেনিয়া","name_de":"Pennsylvania","name_en":"Pennsylvania","name_es":"Pensilvania","name_fr":"Pennsylvanie","name_el":"Πενσιλβάνια","name_hi":"पेन्सिलवेनिया","name_hu":"Pennsylvania","name_id":"Pennsylvania","name_it":"Pennsylvania","name_ja":"ペンシルベニア州","name_ko":"펜실베이니아","name_nl":"Pennsylvania","name_pl":"Pensylwania","name_pt":"Pensilvânia","name_ru":"Пенсильвания","name_sv":"Pennsylvania","name_tr":"Pensilvanya","name_vi":"Pennsylvania","name_zh":"宾夕法尼亚州","ne_id":1159315331,"name_he":"פנסילבניה","name_uk":"Пенсильванія","name_ur":"پنسلوانیا","name_fa":"پنسیلوانیا","name_zht":"賓夕法尼亞州","FCLASS_ISO":"","FCLASS_US":"","FCLASS_FR":"","FCLASS_RU":"","FCLASS_ES":"","FCLASS_CN":"","FCLASS_TW":"","FCLASS_IN":"","FCLASS_NP":"","FCLASS_PK":"","FCLASS_DE":"","FCLASS_GB":"","FCLASS_BR":"","FCLASS_IL":"","FCLASS_PS":"","FCLASS_SA":"","FCLASS_EG":"","FCLASS_MA":"","FCLASS_PT":"","FCLASS_AR":"","FCLASS_JP":"","FCLASS_KO":"","FCLASS_VN":"","FCLASS_TR":"","FCLASS_ID":"","FCLASS_PL":"","FCLASS_GR":"","FCLASS_IT":"","FCLASS_NL":"","FCLASS_SE":"","FCLASS_BD":"","FCLASS_UA":"","FCLASS_TLC":""}},{"type":"Feature","geometry":{"type":"Polygon","coordinates":[[[-71.84235305174761,41.33551282246148],[-71.23376538204747,41.70655409638121],[-71.80083571617948,42.011963043578504],[-71.84235305174761,41.33551282246148]]]},"properties":{"featurecla":"Admin-1 scale rank","scalerank":2,"adm1_code":"USA-3539","diss_me":3539,"iso_3166_2":"US-RI","wikipedia":"http://en.wikipedia.org/wiki/Rhode_Island","iso_a2":"US","adm0_sr":6,"name":"Rhode Island","name_alt":"State of Rhode Island and Providence Plantations|RI|R.I.","name_local":"","type":"State","type_en":"State","code_local":"US44","code_hasc":"US.RI","note":"","hasc_maybe":"","region":"Northeast","region_cod":"","provnum_ne":0,"gadm_level":1,"check_me":20,"datarank":1,"abbrev":"R.I.","postal":"RI","area_sqkm":0,"sameascity":-99,"labelrank":0,"name_len":12,"mapcolor9":1,"mapcolor13":1,"fips":"US44","fips_alt":"","woe_id":2347598,"woe_label":"Rhode Island, US, United States","woe_name":"Rhode Island","latitude":41.6242,"longitude":-71.5082,"sov_a3":"US1","adm0_a3":"USA","adm0_label":2,"admin":"United States of America","geonunit":"United States of America","gu_a3":"USA","gn_id":5224323,"gn_name":"Rhode Island","gns_id":-1,"gns_name":"","gn_level":1,"gn_region":"","gn_a1_code":"US.RI","region_sub":"New England","sub_code":"","gns_level":-1,"gns_lang":"","gns_adm1":"","gns_region":"","min_label":3.5,"max_label":7.5,"min_zoom":2,"wikidataid":"Q1387","name_ar":"رود آيلاند","name_bn":"রোড আইল্যান্ড","name_de":"Rhode Island","name_en":"Rhode Island","name_es":"Rhode Island","name_fr":"Rhode Island","name_el":"Ρόουντ Άιλαντ","name_hi":"रोड आइलैंड","name_hu":"Rhode Island","name_id":"Rhode Island","name_it":"Rhode Island","name_ja":"ロードアイランド州","name_ko":"로드아일랜드","name_nl":"Rhode Island","name_pl":"Rhode Island","name_pt":"Rhode Island","name_ru":"Род-Айленд","name_sv":"Rhode Island","name_tr":"Rhode Island","name_vi":"Rhode Island","name_zh":"罗得岛州","ne_id":1159312213,"name_he":"רוד איילנד","name_uk":"Род-Айленд","name_ur":"رہوڈ آئی لینڈ","name_fa":"رود آیلند","name_zht":"羅德島州","FCLASS_ISO":"","FCLASS_US":"","FCLASS_FR":"","FCLASS_RU":"","FCLASS_ES":"","FCLASS_CN":"","FCLASS_TW":"","FCLASS_IN":"","FCLASS_NP":"","FCLASS_PK":"","FCLASS_DE":"","FCLASS_GB":"","FCLASS_BR":"","FCLASS_IL":"","FCLASS_PS":"","FCLASS_SA":"","FCLASS_EG":"","FCLASS_MA":"","FCLASS_PT":"","FCLASS_AR":"","FCLASS_JP":"","FCLASS_KO":"","FCLASS_VN":"","FCLASS_TR":"","FCLASS_ID":"","FCLASS_PL":"","FCLASS_GR":"","FCLASS_IT":"","FCLASS_NL":"","FCLASS_SE":"","FCLASS_BD":"","FCLASS_UA":"","FCLASS_TLC":""}},{"type":"Feature","geometry":{"type":"Polygon","coordinates":[[[-96.4536186390304,43.50117086405916],[-96.45366807750884,45.29733670406182],[-96.84545153971982,45.59586820959052],[-96.55640123572468,45.94277251969888],[-104.0110865786921,45.94305816424102],[-104.03721206796996,45.001134300184475],[-104.02886245827645,43.00140277858827],[-98.44176507717684,43.00109516138903],[-97.96494743203456,42.80586810316046],[-97.23878956741979,42.86053607399589],[-96.4809526244481,42.511258716921986],[-96.62176989056204,42.729535092436095],[-96.4536186390304,43.50117086405916]]]},"properties":{"featurecla":"Admin-1 scale rank","scalerank":2,"adm1_code":"USA-3534","diss_me":3534,"iso_3166_2":"US-SD","wikipedia":"http://en.wikipedia.org/wiki/South_Dakota","iso_a2":"US","adm0_sr":1,"name":"South Dakota","name_alt":"SD|S.D.","name_local":"","type":"State","type_en":"State","code_local":"US46","code_hasc":"US.SD","note":"","hasc_maybe":"","region":"Midwest","region_cod":"","provnum_ne":0,"gadm_level":1,"check_me":20,"datarank":1,"abbrev":"S.D.","postal":"SD","area_sqkm":0,"sameascity":-99,"labelrank":0,"name_len":12,"mapcolor9":1,"mapcolor13":1,"fips":"US46","fips_alt":"","woe_id":2347600,"woe_label":"South Dakota, US, United States","woe_name":"South Dakota","latitude":44.4711,"longitude":-100.255,"sov_a3":"US1","adm0_a3":"USA","adm0_label":2,"admin":"United States of America","geonunit":"United States of America","gu_a3":"USA","gn_id":5769223,"gn_name":"South Dakota","gns_id":-1,"gns_name":"","gn_level":1,"gn_region":"","gn_a1_code":"US.SD","region_sub":"West North Central","sub_code":"","gns_level":-1,"gns_lang":"","gns_adm1":"","gns_region":"","min_label":3.5,"max_label":7.5,"min_zoom":2,"wikidataid":"Q1211","name_ar":"داكوتا الجنوبية","name_bn":"দক্ষিণ ডাকোটা","name_de":"South Dakota","name_en":"South Dakota","name_es":"Dakota del Sur","name_fr":"Dakota du Sud","name_el":"Νότια Ντακότα","name_hi":"दक्षिण डकोटा","name_hu":"Dél-Dakota","name_id":"Dakota Selatan","name_it":"Dakota del Sud","name_ja":"サウスダコタ州","name_ko":"사우스다코타","name_nl":"South Dakota","name_pl":"Dakota Południowa","name_pt":"Dakota do Sul","name_ru":"Южная Дакота","name_sv":"South Dakota","name_tr":"Güney Dakota","name_vi":"Nam Dakota","name_zh":"南达科他州","ne_id":1159315367,"name_he":"דקוטה הדרומית","name_uk":"Південна Дакота","name_ur":"جنوبی ڈکوٹا","name_fa":"داکوتای جنوبی","name_zht":"南達科他州","FCLASS_ISO":"","FCLASS_US":"","FCLASS_FR":"","FCLASS_RU":"","FCLASS_ES":"","FCLASS_CN":"","FCLASS_TW":"","FCLASS_IN":"","FCLASS_NP":"","FCLASS_PK":"","FCLASS_DE":"","FCLASS_GB":"","FCLASS_BR":"","FCLASS_IL":"","FCLASS_PS":"","FCLASS_SA":"","FCLASS_EG":"","FCLASS_MA":"","FCLASS_PT":"","FCLASS_AR":"","FCLASS_JP":"","FCLASS_KO":"","FCLASS_VN":"","FCLASS_TR":"","FCLASS_ID":"","FCLASS_PL":"","FCLASS_GR":"","FCLASS_IT":"","FCLASS_NL":"","FCLASS_SE":"","FCLASS_BD":"","FCLASS_UA":"","FCLASS_TLC":""}},{"type":"Feature","geometry":{"type":"Polygon","coordinates":[[[-109.04667026687812,37.00084590906019],[-109.04639011550024,41.00085826867979],[-111.04998882474398,41.00085826867979],[-111.0502964419432,42.000877838077514],[-114.04259330901996,42.00110855097694],[-114.04026970053289,37.00415279395196],[-109.04667026687812,37.00084590906019]]]},"properties":{"featurecla":"Admin-1 scale rank","scalerank":2,"adm1_code":"USA-3526","diss_me":3526,"iso_3166_2":"US-UT","wikipedia":"http://en.wikipedia.org/wiki/Utah","iso_a2":"US","adm0_sr":1,"name":"Utah","name_alt":"UT","name_local":"","type":"State","type_en":"State","code_local":"US49","code_hasc":"US.UT","note":"","hasc_maybe":"","region":"West","region_cod":"","provnum_ne":0,"gadm_level":1,"check_me":20,"datarank":1,"abbrev":"Utah","postal":"UT","area_sqkm":0,"sameascity":-99,"labelrank":0,"name_len":4,"mapcolor9":1,"mapcolor13":1,"fips":"US49","fips_alt":"","woe_id":2347603,"woe_label":"Utah, US, United States","woe_name":"Utah","latitude":39.5007,"longitude":-111.544,"sov_a3":"US1","adm0_a3":"USA","adm0_label":2,"admin":"United States of America","geonunit":"United States of America","gu_a3":"USA","gn_id":5549030,"gn_name":"Utah","gns_id":-1,"gns_name":"","gn_level":1,"gn_region":"","gn_a1_code":"US.UT","region_sub":"Mountain","sub_code":"","gns_level":-1,"gns_lang":"","gns_adm1":"","gns_region":"","min_label":3.5,"max_label":7.5,"min_zoom":2,"wikidataid":"Q829","name_ar":"يوتا","name_bn":"ইউটা","name_de":"Utah","name_en":"Utah","name_es":"Utah","name_fr":"Utah","name_el":"Γιούτα","name_hi":"यूटाह","name_hu":"Utah","name_id":"Utah","name_it":"Utah","name_ja":"ユタ州","name_ko":"유타","name_nl":"Utah","name_pl":"Utah","name_pt":"Utah","name_ru":"Юта","name_sv":"Utah","name_tr":"Utah","name_vi":"Utah","name_zh":"犹他州","ne_id":1159315349,"name_he":"יוטה","name_uk":"Юта","name_ur":"یوٹاہ","name_fa":"یوتا","name_zht":"猶他州","FCLASS_ISO":"","FCLASS_US":"","FCLASS_FR":"","FCLASS_RU":"","FCLASS_ES":"","FCLASS_CN":"","FCLASS_TW":"","FCLASS_IN":"","FCLASS_NP":"","FCLASS_PK":"","FCLASS_DE":"","FCLASS_GB":"","FCLASS_BR":"","FCLASS_IL":"","FCLASS_PS":"","FCLASS_SA":"","FCLASS_EG":"","FCLASS_MA":"","FCLASS_PT":"","FCLASS_AR":"","FCLASS_JP":"","FCLASS_KO":"","FCLASS_VN":"","FCLASS_TR":"","FCLASS_ID":"","FCLASS_PL":"","FCLASS_GR":"","FCLASS_IT":"","FCLASS_NL":"","FCLASS_SE":"","FCLASS_BD":"","FCLASS_UA":"","FCLASS_TLC":""}},{"type":"Feature","geometry":{"type":"Polygon","coordinates":[[[-77.12205296018344,38.94353641285545],[-77.72664160629354,39.34643803955305],[-78.32222146299748,39.45185186193365],[-78.43523782473058,39.1607581008293],[-79.2402720351277,38.476518572774495],[-79.59774519329547,38.57713136958134],[-80.28530259257057,37.67705443094924],[-80.94368030323257,37.301904270154026],[-81.82926627451499,37.298597385262255],[-81.9652770218909,37.53972532414805],[-83.15021847334282,36.76233271636788],[-83.66752073917009,36.605030464273526],[-81.65889029145316,36.61057856018829],[-75.96644500594424,36.55136224933561],[-75.88905730767964,36.550505315709174],[-75.85742766780118,36.55058222000899],[-76.40098725884883,37.38614743743014],[-76.26428437277465,37.893551021239176],[-77.31369847530662,38.39662599160184],[-77.03036106215441,38.889252963519084],[-77.12205296018344,38.94353641285545]]]},"properties":{"featurecla":"Admin-1 scale rank","scalerank":2,"adm1_code":"USA-3552","diss_me":3552,"iso_3166_2":"US-VA","wikipedia":"http://en.wikipedia.org/wiki/Virginia","iso_a2":"US","adm0_sr":6,"name":"Virginia","name_alt":"VA","name_local":"","type":"State","type_en":"State","code_local":"US51","code_hasc":"US.VA","note":"","hasc_maybe":"","region":"South","region_cod":"","provnum_ne":0,"gadm_level":1,"check_me":20,"datarank":1,"abbrev":"Va.","postal":"VA","area_sqkm":0,"sameascity":-99,"labelrank":0,"name_len":8,"mapcolor9":1,"mapcolor13":1,"fips":"US51","fips_alt":"","woe_id":2347605,"woe_label":"Virginia, US, United States","woe_name":"Virginia","latitude":37.7403,"longitude":-78.2431,"sov_a3":"US1","adm0_a3":"USA","adm0_label":2,"admin":"United States of America","geonunit":"United States of America","gu_a3":"USA","gn_id":6254928,"gn_name":"Virginia","gns_id":-1,"gns_name":"","gn_level":1,"gn_region":"","gn_a1_code":"US.VA","region_sub":"South Atlantic","sub_code":"","gns_level":-1,"gns_lang":"","gns_adm1":"","gns_region":"","min_label":3.5,"max_label":7.5,"min_zoom":2,"wikidataid":"Q1370","name_ar":"فرجينيا","name_bn":"ভার্জিনিয়া","name_de":"Virginia","name_en":"Virginia","name_es":"Virginia","name_fr":"Virginie","name_el":"Βιρτζίνια","name_hi":"वर्जीनिया","name_hu":"Virginia","name_id":"Virginia","name_it":"Virginia","name_ja":"バージニア州","name_ko":"버지니아","name_nl":"Virginia","name_pl":"Wirginia","name_pt":"Virgínia","name_ru":"Виргиния","name_sv":"Virginia","name_tr":"Virjinya","name_vi":"Virginia","name_zh":"弗吉尼亚州","ne_id":1159315259,"name_he":"וירג'יניה","name_uk":"Вірджинія","name_ur":"ورجینیا","name_fa":"ویرجینیا","name_zht":"維吉尼亞州","FCLASS_ISO":"","FCLASS_US":"","FCLASS_FR":"","FCLASS_RU":"","FCLASS_ES":"","FCLASS_CN":"","FCLASS_TW":"","FCLASS_IN":"","FCLASS_NP":"","FCLASS_PK":"","FCLASS_DE":"","FCLASS_GB":"","FCLASS_BR":"","FCLASS_IL":"","FCLASS_PS":"","FCLASS_SA":"","FCLASS_EG":"","FCLASS_MA":"","FCLASS_PT":"","FCLASS_AR":"","FCLASS_JP":"","FCLASS_KO":"","FCLASS_VN":"","FCLASS_TR":"","FCLASS_ID":"","FCLASS_PL":"","FCLASS_GR":"","FCLASS_IT":"","FCLASS_NL":"","FCLASS_SE":"","FCLASS_BD":"","FCLASS_UA":"","FCLASS_TLC":""}},{"type":"Feature","geometry":{"type":"Polygon","coordinates":[[[-73.35218221090553,45.00541896831666],[-73.25332722666576,42.752221860879644],[-72.46685991150817,42.730315121762715],[-72.38495683221193,43.52922994716076],[-72.0312080394206,44.300733882841314],[-71.68300734254406,44.45027978698354],[-71.51752027568435,45.007561302382754],[-73.35218221090553,45.00541896831666]]]},"properties":{"featurecla":"Admin-1 scale rank","scalerank":2,"adm1_code":"USA-3540","diss_me":3540,"iso_3166_2":"US-VT","wikipedia":"http://en.wikipedia.org/wiki/Vermont","iso_a2":"US","adm0_sr":1,"name":"Vermont","name_alt":"VT","name_local":"","type":"State","type_en":"State","code_local":"US50","code_hasc":"US.VT","note":"","hasc_maybe":"","region":"Northeast","region_cod":"","provnum_ne":0,"gadm_level":1,"check_me":20,"datarank":1,"abbrev":"Vt.","postal":"VT","area_sqkm":0,"sameascity":-99,"labelrank":0,"name_len":7,"mapcolor9":1,"mapcolor13":1,"fips":"US50","fips_alt":"","woe_id":2347604,"woe_label":"Vermont, US, United States","woe_name":"Vermont","latitude":44.0886,"longitude":-72.7317,"sov_a3":"US1","adm0_a3":"USA","adm0_label":2,"admin":"United States of America","geonunit":"United States of America","gu_a3":"USA","gn_id":5242283,"gn_name":"Vermont","gns_id":-1,"gns_name":"","gn_level":1,"gn_region":"","gn_a1_code":"US.VT","region_sub":"New England","sub_code":"","gns_level":-1,"gns_lang":"","gns_adm1":"","gns_region":"","min_label":3.5,"max_label":7.5,"min_zoom":2,"wikidataid":"Q16551","name_ar":"فيرمونت","name_bn":"ভার্মন্ট","name_de":"Vermont","name_en":"Vermont","name_es":"Vermont","name_fr":"Vermont","name_el":"Βερμόντ","name_hi":"वर्मांट","name_hu":"Vermont","name_id":"Vermont","name_it":"Vermont","name_ja":"バーモント州","name_ko":"버몬트","name_nl":"Vermont","name_pl":"Vermont","name_pt":"Vermont","name_ru":"Вермонт","name_sv":"Vermont","name_tr":"Vermont","name_vi":"Vermont","name_zh":"佛蒙特州","ne_id":1159315305,"name_he":"ורמונט","name_uk":"Вермонт","name_ur":"ورمونٹ","name_fa":"ورمونت","name_zht":"佛蒙特州","FCLASS_ISO":"","FCLASS_US":"","FCLASS_FR":"","FCLASS_RU":"","FCLASS_ES":"","FCLASS_CN":"","FCLASS_TW":"","FCLASS_IN":"","FCLASS_NP":"","FCLASS_PK":"","FCLASS_DE":"","FCLASS_GB":"","FCLASS_BR":"","FCLASS_IL":"","FCLASS_PS":"","FCLASS_SA":"","FCLASS_EG":"","FCLASS_MA":"","FCLASS_PT":"","FCLASS_AR":"","FCLASS_JP":"","FCLASS_KO":"","FCLASS_VN":"","FCLASS_TR":"","FCLASS_ID":"","FCLASS_PL":"","FCLASS_GR":"","FCLASS_IT":"","FCLASS_NL":"","FCLASS_SE":"","FCLASS_BD":"","FCLASS_UA":"","FCLASS_TLC":""}},{"type":"Feature","geometry":{"type":"Polygon","coordinates":[[[-122.7887765039885,48.99302776300999],[-122.24201439817024,48.01076210053952],[-122.55354822353087,47.40491002664686],[-122.7785976705924,48.137577290924014],[-123.97576141254963,48.16848183311856],[-124.63261751670827,48.375035796076105],[-124.07169952656093,46.744796476074896],[-124.07275970726545,46.27944855793265],[-123.2205886542499,46.15362213711714],[-122.72591273205919,45.673750292639596],[-122.20253502654704,45.59106718401674],[-121.04524067087632,45.6390444807688],[-119.00242076873018,46.00054962151225],[-116.89647891593393,46.002098693836984],[-117.0250464257212,46.42915925700305],[-117.03905399461493,48.99308269465271],[-122.7887765039885,48.99302776300999]]]},"properties":{"featurecla":"Admin-1 scale rank","scalerank":2,"adm1_code":"USA-3519","diss_me":3519,"iso_3166_2":"US-WA","wikipedia":"http://en.wikipedia.org/wiki/Washington_(state)","iso_a2":"US","adm0_sr":6,"name":"Washington","name_alt":"WA|Wash.","name_local":"","type":"State","type_en":"State","code_local":"US53","code_hasc":"US.WA","note":"","hasc_maybe":"","region":"West","region_cod":"","provnum_ne":0,"gadm_level":1,"check_me":20,"datarank":1,"abbrev":"Wash.","postal":"WA","area_sqkm":0,"sameascity":-99,"labelrank":0,"name_len":10,"mapcolor9":1,"mapcolor13":1,"fips":"US53","fips_alt":"","woe_id":2347606,"woe_label":"Washington, US, United States","woe_name":"Washington","latitude":47.4865,"longitude":-120.361,"sov_a3":"US1","adm0_a3":"USA","adm0_label":2,"admin":"United States of America","geonunit":"United States of America","gu_a3":"USA","gn_id":5815135,"gn_name":"Washington","gns_id":-1,"gns_name":"","gn_level":1,"gn_region":"","gn_a1_code":"US.WA","region_sub":"Pacific","sub_code":"","gns_level":-1,"gns_lang":"","gns_adm1":"","gns_region":"","min_label":3.5,"max_label":7.5,"min_zoom":2,"wikidataid":"Q1223","name_ar":"واشنطن","name_bn":"ওয়াশিংটন","name_de":"Washington","name_en":"Washington","name_es":"Washington","name_fr":"Washington","name_el":"Ουάσινγκτον","name_hi":"वॉशिंगटन राज्य","name_hu":"Washington","name_id":"Washington","name_it":"Washington","name_ja":"ワシントン州","name_ko":"워싱턴","name_nl":"Washington","name_pl":"Waszyngton","name_pt":"Washington","name_ru":"Вашингтон","name_sv":"Washington","name_tr":"Vaşington","name_vi":"Washington","name_zh":"华盛顿州","ne_id":1159309547,"name_he":"וושינגטון","name_uk":"Вашингтон","name_ur":"ریاست واشنگٹن","name_fa":"ایالت واشینگتن","name_zht":"華盛頓州","FCLASS_ISO":"","FCLASS_US":"","FCLASS_FR":"","FCLASS_RU":"","FCLASS_ES":"","FCLASS_CN":"","FCLASS_TW":"","FCLASS_IN":"","FCLASS_NP":"","FCLASS_PK":"","FCLASS_DE":"","FCLASS_GB":"","FCLASS_BR":"","FCLASS_IL":"","FCLASS_PS":"","FCLASS_SA":"","FCLASS_EG":"","FCLASS_MA":"","FCLASS_PT":"","FCLASS_AR":"","FCLASS_JP":"","FCLASS_KO":"","FCLASS_VN":"","FCLASS_TR":"","FCLASS_ID":"","FCLASS_PL":"","FCLASS_GR":"","FCLASS_IT":"","FCLASS_NL":"","FCLASS_SE":"","FCLASS_BD":"","FCLASS_UA":"","FCLASS_TLC":""}},{"type":"Feature","geometry":{"type":"Polygon","coordinates":[[[-90.6505849703966,42.51298357050342],[-87.039126092396,42.49280168496793],[-87.15500988587911,43.326762898421634],[-87.03249034995537,44.09146629673339],[-86.71469981048887,44.84620509505564],[-86.26452401206602,45.22690335176563],[-87.11527233553512,45.45236478614754],[-87.65361342052434,45.12179714658427],[-87.80908095575182,45.68604399428045],[-88.15174454304216,45.945409238549445],[-90.1185500379917,46.341664136477874],[-90.41258813514587,46.58527498561463],[-89.95767722912052,47.28713658465415],[-90.6540236912309,47.3090982554138],[-92.29164582401373,46.660718103726936],[-92.29262910041842,46.08437530830372],[-92.69394869580567,45.90901153208287],[-92.79921420275092,44.79003199720967],[-91.31991605061705,43.93628440604803],[-91.24525296183138,43.50241231918463],[-91.0695815684113,42.78855364937496],[-90.6505849703966,42.51298357050342]]]},"properties":{"featurecla":"Admin-1 scale rank","scalerank":2,"adm1_code":"USA-3553","diss_me":3553,"iso_3166_2":"US-WI","wikipedia":"http://en.wikipedia.org/wiki/Wisconsin","iso_a2":"US","adm0_sr":1,"name":"Wisconsin","name_alt":"WI|Wis.","name_local":"","type":"State","type_en":"State","code_local":"US55","code_hasc":"US.WI","note":"","hasc_maybe":"","region":"Midwest","region_cod":"","provnum_ne":0,"gadm_level":1,"check_me":20,"datarank":1,"abbrev":"Wis.","postal":"WI","area_sqkm":0,"sameascity":-99,"labelrank":0,"name_len":9,"mapcolor9":1,"mapcolor13":1,"fips":"US55","fips_alt":"","woe_id":2347608,"woe_label":"Wisconsin, US, United States","woe_name":"Wisconsin","latitude":44.3709,"longitude":-89.5831,"sov_a3":"US1","adm0_a3":"USA","adm0_label":2,"admin":"United States of America","geonunit":"United States of America","gu_a3":"USA","gn_id":5279468,"gn_name":"Wisconsin","gns_id":-1,"gns_name":"","gn_level":1,"gn_region":"","gn_a1_code":"US.WI","region_sub":"East North Central","sub_code":"","gns_level":-1,"gns_lang":"","gns_adm1":"","gns_region":"","min_label":3.5,"max_label":7.5,"min_zoom":2,"wikidataid":"Q1537","name_ar":"ويسكونسن","name_bn":"উইসকনসিন","name_de":"Wisconsin","name_en":"Wisconsin","name_es":"Wisconsin","name_fr":"Wisconsin","name_el":"Ουισκόνσιν","name_hi":"विस्कॉन्सिन","name_hu":"Wisconsin","name_id":"Wisconsin","name_it":"Wisconsin","name_ja":"ウィスコンシン州","name_ko":"위스콘신","name_nl":"Wisconsin","name_pl":"Wisconsin","name_pt":"Wisconsin","name_ru":"Висконсин","name_sv":"Wisconsin","name_tr":"Wisconsin","name_vi":"Wisconsin","name_zh":"威斯康星州","ne_id":1159315321,"name_he":"ויסקונסין","name_uk":"Вісконсин","name_ur":"وسکونسن","name_fa":"ویسکانسین","name_zht":"威斯康辛州","FCLASS_ISO":"","FCLASS_US":"","FCLASS_FR":"","FCLASS_RU":"","FCLASS_ES":"","FCLASS_CN":"","FCLASS_TW":"","FCLASS_IN":"","FCLASS_NP":"","FCLASS_PK":"","FCLASS_DE":"","FCLASS_GB":"","FCLASS_BR":"","FCLASS_IL":"","FCLASS_PS":"","FCLASS_SA":"","FCLASS_EG":"","FCLASS_MA":"","FCLASS_PT":"","FCLASS_AR":"","FCLASS_JP":"","FCLASS_KO":"","FCLASS_VN":"","FCLASS_TR":"","FCLASS_ID":"","FCLASS_PL":"","FCLASS_GR":"","FCLASS_IT":"","FCLASS_NL":"","FCLASS_SE":"","FCLASS_BD":"","FCLASS_UA":"","FCLASS_TLC":""}},{"type":"Feature","geometry":{"type":"Polygon","coordinates":[[[-81.9652770218909,37.53972532414805],[-81.82926627451499,37.298597385262255],[-80.94368030323257,37.301904270154026],[-80.28530259257057,37.67705443094924],[-79.59774519329547,38.57713136958134],[-79.2402720351277,38.476518572774495],[-78.43523782473058,39.1607581008293],[-78.32222146299748,39.45185186193365],[-77.72664160629354,39.34643803955305],[-78.1811350318342,39.68573981030889],[-78.81479350327199,39.570086729725205],[-79.48798078481141,39.210910690633085],[-79.47749982738036,39.7227966964881],[-80.51944322650233,39.72251105194596],[-80.51908067766038,40.646955667288864],[-80.96329089968378,39.571130430936876],[-82.00109245294465,39.011102333401624],[-82.3870641473558,38.43399049498032],[-82.61277826729423,38.448217790444914],[-82.58877313942538,38.099742435354756],[-81.9652770218909,37.53972532414805]]]},"properties":{"featurecla":"Admin-1 scale rank","scalerank":2,"adm1_code":"USA-3554","diss_me":3554,"iso_3166_2":"US-WV","wikipedia":"http://en.wikipedia.org/wiki/West_Virginia","iso_a2":"US","adm0_sr":1,"name":"West Virginia","name_alt":"WV|W.Va.","name_local":"","type":"State","type_en":"State","code_local":"US54","code_hasc":"US.WV","note":"","hasc_maybe":"","region":"South","region_cod":"","provnum_ne":0,"gadm_level":1,"check_me":20,"datarank":1,"abbrev":"W.Va.","postal":"WV","area_sqkm":0,"sameascity":-99,"labelrank":0,"name_len":13,"mapcolor9":1,"mapcolor13":1,"fips":"US54","fips_alt":"","woe_id":2347607,"woe_label":"West Virginia, US, United States","woe_name":"West Virginia","latitude":38.6422,"longitude":-80.7128,"sov_a3":"US1","adm0_a3":"USA","adm0_label":2,"admin":"United States of America","geonunit":"United States of America","gu_a3":"USA","gn_id":4826850,"gn_name":"West Virginia","gns_id":-1,"gns_name":"","gn_level":1,"gn_region":"","gn_a1_code":"US.WV","region_sub":"South Atlantic","sub_code":"","gns_level":-1,"gns_lang":"","gns_adm1":"","gns_region":"","min_label":3.5,"max_label":7.5,"min_zoom":2,"wikidataid":"Q1371","name_ar":"فيرجينيا الغربية","name_bn":"পশ্চিম ভার্জিনিয়া","name_de":"West Virginia","name_en":"West Virginia","name_es":"Virginia Occidental","name_fr":"Virginie-Occidentale","name_el":"Δυτική Βιρτζίνια","name_hi":"पश्चिमी वर्जीनिया","name_hu":"Nyugat-Virginia","name_id":"Virginia Barat","name_it":"Virginia Occidentale","name_ja":"ウェストバージニア州","name_ko":"웨스트버지니아","name_nl":"West Virginia","name_pl":"Wirginia Zachodnia","name_pt":"Virgínia Ocidental","name_ru":"Западная Виргиния","name_sv":"West Virginia","name_tr":"Batı Virginia","name_vi":"Tây Virginia","name_zh":"西維吉尼亞州","ne_id":1159315323,"name_he":"וירג'יניה המערבית","name_uk":"Західна Вірджинія","name_ur":"مغربی ورجینیا","name_fa":"ویرجینیای غربی","name_zht":"西維吉尼亞州","FCLASS_ISO":"","FCLASS_US":"","FCLASS_FR":"","FCLASS_RU":"","FCLASS_ES":"","FCLASS_CN":"","FCLASS_TW":"","FCLASS_IN":"","FCLASS_NP":"","FCLASS_PK":"","FCLASS_DE":"","FCLASS_GB":"","FCLASS_BR":"","FCLASS_IL":"","FCLASS_PS":"","FCLASS_SA":"","FCLASS_EG":"","FCLASS_MA":"","FCLASS_PT":"","FCLASS_AR":"","FCLASS_JP":"","FCLASS_KO":"","FCLASS_VN":"","FCLASS_TR":"","FCLASS_ID":"","FCLASS_PL":"","FCLASS_GR":"","FCLASS_IT":"","FCLASS_NL":"","FCLASS_SE":"","FCLASS_BD":"","FCLASS_UA":"","FCLASS_TLC":""}},{"type":"Feature","geometry":{"type":"Polygon","coordinates":[[[-104.02165542675152,41.00085826867979],[-104.02886245827645,43.00140277858827],[-104.03721206796996,45.001134300184475],[-111.05086223786323,45.00105739588466],[-111.05143352694752,44.49888330446262],[-111.0502964419432,42.000877838077514],[-111.04998882474398,41.00085826867979],[-109.04639011550024,41.00085826867979],[-104.02165542675152,41.00085826867979]]]},"properties":{"featurecla":"Admin-1 scale rank","scalerank":2,"adm1_code":"USA-3527","diss_me":3527,"iso_3166_2":"US-WY","wikipedia":"http://en.wikipedia.org/wiki/Wyoming","iso_a2":"US","adm0_sr":1,"name":"Wyoming","name_alt":"WY|Wyo.","name_local":"","type":"State","type_en":"State","code_local":"US56","code_hasc":"US.WY","note":"","hasc_maybe":"","region":"West","region_cod":"","provnum_ne":0,"gadm_level":1,"check_me":20,"datarank":1,"abbrev":"Wyo.","postal":"WY","area_sqkm":0,"sameascity":-99,"labelrank":0,"name_len":7,"mapcolor9":1,"mapcolor13":1,"fips":"US56","fips_alt":"","woe_id":2347609,"woe_label":"Wyoming, US, United States","woe_name":"Wyoming","latitude":42.9999,"longitude":-107.552,"sov_a3":"US1","adm0_a3":"USA","adm0_label":2,"admin":"United States of America","geonunit":"United States of America","gu_a3":"USA","gn_id":5843591,"gn_name":"Wyoming","gns_id":-1,"gns_name":"","gn_level":1,"gn_region":"","gn_a1_code":"US.WY","region_sub":"Mountain","sub_code":"","gns_level":-1,"gns_lang":"","gns_adm1":"","gns_region":"","min_label":3.5,"max_label":7.5,"min_zoom":2,"wikidataid":"Q1214","name_ar":"وايومنغ","name_bn":"ওয়াইয়োমিং","name_de":"Wyoming","name_en":"Wyoming","name_es":"Wyoming","name_fr":"Wyoming","name_el":"Ουαϊόμινγκ","name_hi":"वायोमिंग","name_hu":"Wyoming","name_id":"Wyoming","name_it":"Wyoming","name_ja":"ワイオミング州","name_ko":"와이오밍","name_nl":"Wyoming","name_pl":"Wyoming","name_pt":"Wyoming","name_ru":"Вайоминг","name_sv":"Wyoming","name_tr":"Wyoming","name_vi":"Wyoming","name_zh":"怀俄明州","ne_id":1159315351,"name_he":"ויומינג","name_uk":"Вайомінг","name_ur":"وائیومنگ","name_fa":"وایومینگ","name_zht":"懷俄明州","FCLASS_ISO":"","FCLASS_US":"","FCLASS_FR":"","FCLASS_RU":"","FCLASS_ES":"","FCLASS_CN":"","FCLASS_TW":"","FCLASS_IN":"","FCLASS_NP":"","FCLASS_PK":"","FCLASS_DE":"","FCLASS_GB":"","FCLASS_BR":"","FCLASS_IL":"","FCLASS_PS":"","FCLASS_SA":"","FCLASS_EG":"","FCLASS_MA":"","FCLASS_PT":"","FCLASS_AR":"","FCLASS_JP":"","FCLASS_KO":"","FCLASS_VN":"","FCLASS_TR":"","FCLASS_ID":"","FCLASS_PL":"","FCLASS_GR":"","FCLASS_IT":"","FCLASS_NL":"","FCLASS_SE":"","FCLASS_BD":"","FCLASS_UA":"","FCLASS_TLC":""}},{"type":"Feature","geometry":{"type":"Polygon","coordinates":[[[88.62397586479426,56.83296540043284],[88.861480746739,57.431688544490726],[89.38041548128939,57.63715403892775],[89.32842898960615,57.95000316051744],[88.15568403479034,58.10653107454942],[87.9322351418383,58.5261437038688],[88.38264692611472,58.90891103791404],[87.08412153538052,59.88275340434609],[85.96822065595848,59.955875555912144],[84.69191613162411,59.904819241115035],[84.78121300657494,60.35595449490398],[84.25959109865022,60.85551056605976],[83.14420698406502,61.028213203476525],[82.13899702279434,60.53196442331944],[81.14050499900645,60.63666087529913],[80.72347619027391,60.79662527153903],[80.16537072138163,60.663584295778605],[77.13609825972685,60.85613068278474],[76.64548221233417,59.585097154210246],[76.17171268099537,59.54277415580265],[75.62838667240698,59.23777985325762],[75.64161583909964,58.98239492468599],[75.1594747247787,58.650218818343774],[75.10521447087109,58.581024075400705],[75.09291548016523,58.11014842391063],[76.10866743385498,57.25025259158383],[78.44433881968075,57.16131745093958],[79.58979861791187,56.92856679991786],[80.31027143827623,56.43862254519428],[81.12231489491643,56.532621975124016],[81.55743045405217,56.2582717961065],[82.82846398262666,56.44053457311202],[83.5681604349561,55.69269908269649],[83.95108279773291,56.004902249139434],[84.41038292802966,56.044072984380705],[86.70667687393853,56.631892401712946],[87.77916955023454,56.54796987620881],[88.62397586479426,56.83296540043284]]]},"properties":{"featurecla":"Admin-1 scale rank","scalerank":2,"adm1_code":"RUS-2167","diss_me":2167,"iso_3166_2":"RU-TOM","wikipedia":"","iso_a2":"RU","adm0_sr":1,"name":"Tomsk","name_alt":"Tomskaya","name_local":"Томская область","type":"Oblast","type_en":"Region","code_local":"","code_hasc":"RU.TO","note":"","hasc_maybe":"","region":"Siberian","region_cod":"","provnum_ne":20099,"gadm_level":1,"check_me":20,"datarank":2,"abbrev":"","postal":"TO","area_sqkm":0,"sameascity":6,"labelrank":6,"name_len":5,"mapcolor9":7,"mapcolor13":7,"fips":"RS75","fips_alt":"","woe_id":2346928,"woe_label":"Tomskaya Oblast, RU, Russia","woe_name":"Tomsk","latitude":58.4467,"longitude":82.2299,"sov_a3":"RUS","adm0_a3":"RUS","adm0_label":2,"admin":"Russia","geonunit":"Russia","gu_a3":"RUS","gn_id":1489421,"gn_name":"Tomskaya Oblast'","gns_id":-3019683,"gns_name":"Tomskaya Oblast'","gn_level":1,"gn_region":"","gn_a1_code":"RU.75","region_sub":"West Siberian","sub_code":"","gns_level":1,"gns_lang":"fas","gns_adm1":"RS75","gns_region":"","min_label":5,"max_label":10.2,"min_zoom":4.7,"wikidataid":"Q5884","name_ar":"تومسك أوبلاست","name_bn":"টোমস্ক ওব্লাস্ট","name_de":"Tomsk","name_en":"Tomsk","name_es":"Tomsk","name_fr":"Tomsk","name_el":"Όμπλαστ του Τομσκ","name_hi":"टॉमस्क ओब्लास्ट","name_hu":"Tomszki terület","name_id":"Tomsk","name_it":"Tomsk","name_ja":"トムスク州","name_ko":"톰스크","name_nl":"Tomsk","name_pl":"tomski","name_pt":"Tomsk","name_ru":"Томская область","name_sv":"Tomsk","name_tr":"Tomsk Oblastı","name_vi":"Tomsk","name_zh":"托木斯克州","ne_id":1159313233,"name_he":"מחוז טומסק","name_uk":"Томська область","name_ur":"تومسک اوبلاست","name_fa":"استان تومسک","name_zht":"托木斯克州","FCLASS_ISO":"","FCLASS_US":"","FCLASS_FR":"","FCLASS_RU":"","FCLASS_ES":"","FCLASS_CN":"","FCLASS_TW":"","FCLASS_IN":"","FCLASS_NP":"","FCLASS_PK":"","FCLASS_DE":"","FCLASS_GB":"","FCLASS_BR":"","FCLASS_IL":"","FCLASS_PS":"","FCLASS_SA":"","FCLASS_EG":"","FCLASS_MA":"","FCLASS_PT":"","FCLASS_AR":"","FCLASS_JP":"","FCLASS_KO":"","FCLASS_VN":"","FCLASS_TR":"","FCLASS_ID":"","FCLASS_PL":"","FCLASS_GR":"","FCLASS_IT":"","FCLASS_NL":"","FCLASS_SE":"","FCLASS_BD":"","FCLASS_UA":"","FCLASS_TLC":""}},{"type":"Feature","geometry":{"type":"MultiPolygon","coordinates":[[[[162.40844708932673,69.65101243142897],[162.5541402528703,68.99129303714392],[162.8469389183963,68.86928498021763],[162.4176111189579,68.30906077693328],[161.4061999859406,68.41184520099517],[160.9970259953534,68.30099925411224],[159.8501192571979,68.2774348014749],[158.27657189387776,68.07600006844837],[157.6920080907007,67.5454898145033],[157.95845177562887,67.25814301189047],[158.7025924014181,67.0552355014172],[158.90516401600644,66.8027444526943],[158.52895958891384,66.3593865017856],[159.1664400579623,66.23404531543895],[158.9217004736978,65.74301585599693],[159.99708702984253,65.52333934203699],[160.5365889825954,65.16196605119228],[161.281143020434,65.14067536077926],[161.78447146968256,64.83808401076845],[162.99690392457637,64.6486640494063],[163.13694705596185,64.77020701833919],[163.520282830788,64.93143748645082],[164.79793094315846,64.77160228142014],[165.2627087747901,64.85061554637036],[166.03454796831397,64.55947052724304],[167.23695519382704,64.6236526559453],[167.71413536985142,64.3407241892699],[168.49868696523117,64.3173664413082],[168.87354780518694,64.02071788242432],[169.34442345577781,63.94989533150431],[169.50916792226178,63.58361277920636],[168.79561974495516,63.30308726686383],[169.12665896973556,62.972538968498554],[169.84248091106508,62.655349026236536],[170.159360793166,62.34182811107843],[171.46956505788103,62.31201080985096],[172.05474897688373,62.4665233431777],[172.85252973895626,62.33149282513375],[173.5038594914223,62.534090278143765],[174.0798450060421,62.447041327894965],[174.45422591523518,61.82203294145075],[176.32841796875005,62.346044921875],[177.0080078125,62.6265625],[178.01923828125,62.54697265625],[179.12070312500003,62.320361328125],[179.5705078125,62.6875],[178.79296875,63.54033203125],[178.65029296875002,63.965283203125],[178.2294921875,64.364404296875],[177.9533203125,64.222265625],[177.43291015625005,64.444482421875],[177.38750000000005,64.7740234375],[178.51953125,64.602978515625],[179.4482421875,64.822021484375],[179.99956345794868,65.06715274809991],[179.99978270680583,68.98349554028502],[178.84833984375,69.38720703125],[176.92441406250003,69.64599609375],[176.10751953125003,69.860302734375],[173.94804687500005,69.87412109375],[173.27744140625003,69.823828125],[172.5595703125,69.968359375],[170.48681640625,70.107568359375],[170.5822265625,69.583349609375],[170.99667968750003,69.134716796875],[170.53759765625,68.825390625],[169.60986328125,68.78603515625],[169.31064453125003,69.079541015625],[168.30302734375005,69.271484375],[168.15000000000003,69.577392578125],[167.628125,69.74033203125],[166.88437500000003,69.49990234375],[164.51328125000003,69.609130859375],[164.15957031250002,69.719287109375],[162.40844708932673,69.65101243142897]]],[[[179.99989731011902,70.99300257610535],[180,71.537744140625],[178.89111328125,71.231103515625],[178.79257812500003,70.8220703125],[179.99989731011902,70.99300257610535]]],[[[168.35791015625,70.015673828125],[168.34804687500002,69.66435546875],[169.20078125000003,69.58046875],[169.37480468750005,69.8826171875],[168.35791015625,70.015673828125]]],[[[-179.999951171875,68.983447265625],[-179.99999998744943,65.06723633322198],[-179.352099609375,65.516748046875],[-179.783642578125,66.01796875],[-179.34013671875,66.2875],[-178.310205078125,65.48486328125],[-177.05625,65.613623046875],[-176.09326171875,65.471044921875],[-175.853857421875,65.01083984375],[-175.3951171875,64.802392578125],[-174.318017578125,64.637646484375],[-174.0013671875,64.448974609375],[-173.009130859375,64.2974609375],[-172.99912109375,64.876611328125],[-172.21318359375,65.04814453125],[-172.211572265625,65.4251953125],[-171.118994140625,65.69501953125],[-170.66630859375,65.621533203125],[-170.191943359375,66.20126953125],[-171.795556640625,66.93173828125],[-172.621044921875,67.026806640625],[-173.228271484375,66.9685546875],[-173.6796875,67.144775390625],[-174.08642578125,66.94287109375],[-174.366064453125,66.34833984375],[-174.77119140625,66.784326171875],[-175.34521484375,67.678076171875],[-177.40751953125,68.245166015625],[-178.692626953125,68.54599609375],[-178.873876953125,68.7541015625],[-179.999951171875,68.983447265625]]],[[[-180,71.537744140625],[-179.99993004941166,70.99301588320829],[-179.506689453125,70.9234375],[-177.82177734375,71.067578125],[-178.353564453125,71.52919921875],[-179.111572265625,71.59619140625],[-180,71.537744140625]]]]},"properties":{"featurecla":"Admin-1 scale rank","scalerank":2,"adm1_code":"RUS-2321","diss_me":2321,"iso_3166_2":"RU-CHU","wikipedia":"","iso_a2":"RU","adm0_sr":5,"name":"Chukchi Autonomous Okrug","name_alt":"Chukotskiy Avtonomnyy Okrug","name_local":"","type":"Avtonomnyy Okrug","type_en":"Autonomous Province","code_local":"","code_hasc":"RU.CK","note":"","hasc_maybe":"RU.CK|RUS-CHU","region":"Far Eastern","region_cod":"","provnum_ne":20011,"gadm_level":1,"check_me":20,"datarank":2,"abbrev":"","postal":"CK","area_sqkm":0,"sameascity":-99,"labelrank":2,"name_len":24,"mapcolor9":7,"mapcolor13":7,"fips":"RS15","fips_alt":"","woe_id":20070513,"woe_label":"","woe_name":"","latitude":66.7517,"longitude":170.516,"sov_a3":"RUS","adm0_a3":"RUS","adm0_label":2,"admin":"Russia","geonunit":"Russia","gu_a3":"RUS","gn_id":2126099,"gn_name":"Chukotskiy Avtonomnyy Okrug","gns_id":-2899578,"gns_name":"Chukotskiy Avtonomnyy Okrug","gn_level":1,"gn_region":"","gn_a1_code":"RU.15","region_sub":"Far Eastern","sub_code":"","gns_level":1,"gns_lang":"rus","gns_adm1":"RS15","gns_region":"","min_label":5,"max_label":10.2,"min_zoom":4.7,"wikidataid":"Q7984","name_ar":"أوكروغ تشوكوتكا الذاتية","name_bn":"চুকোটকা স্বায়ত্তশাসিত ওব্লাস্ট","name_de":"Autonomer Kreis der Tschuktschen","name_en":"Chukotka Autonomous Okrug","name_es":"Chukotka","name_fr":"Tchoukotka","name_el":"Αυτόνομος θύλακας Τσουκότκα","name_hi":"चुकोतका स्वायत्त ऑक्रग","name_hu":"Csukcsföld","name_id":"Okrug otonom Chukotka","name_it":"della Čukotka","name_ja":"チュクチ自治管区","name_ko":"축치 자치구","name_nl":"Tsjoekotka","name_pl":"Czukocki","name_pt":"Chukotka","name_ru":"Чукотский автономный округ","name_sv":"Tjuktjien","name_tr":"Çukotka Özerk Okrugu","name_vi":"Khu tự trị Chukotka","name_zh":"楚科奇自治区","ne_id":1159313109,"name_he":"צ'וקוטקה","name_uk":"Чукотський автономний округ","name_ur":"چوکوتکا خود مختار آکرگ","name_fa":"چوکوتکا","name_zht":"楚科奇自治区","FCLASS_ISO":"","FCLASS_US":"","FCLASS_FR":"","FCLASS_RU":"","FCLASS_ES":"","FCLASS_CN":"","FCLASS_TW":"","FCLASS_IN":"","FCLASS_NP":"","FCLASS_PK":"","FCLASS_DE":"","FCLASS_GB":"","FCLASS_BR":"","FCLASS_IL":"","FCLASS_PS":"","FCLASS_SA":"","FCLASS_EG":"","FCLASS_MA":"","FCLASS_PT":"","FCLASS_AR":"","FCLASS_JP":"","FCLASS_KO":"","FCLASS_VN":"","FCLASS_TR":"","FCLASS_ID":"","FCLASS_PL":"","FCLASS_GR":"","FCLASS_IT":"","FCLASS_NL":"","FCLASS_SE":"","FCLASS_BD":"","FCLASS_UA":"","FCLASS_TLC":""}},{"type":"Feature","geometry":{"type":"Polygon","coordinates":[[[36.52423822760608,63.97645351226004],[35.647070312500006,64.3783203125],[34.86953125000002,64.560009765625],[34.80351562500002,64.985986328125],[34.40644531250001,65.395751953125],[34.69179687500002,65.95185546875],[33.56669921875002,66.32099609375],[32.46367187500002,66.91630859375],[34.82460937500002,66.6111328125],[35.51347656250002,66.39580078125],[38.397558593750006,66.064453125],[39.2890625,66.13203125],[40.521582031250006,66.446630859375],[41.18896484375,66.826171875],[40.966406250000006,67.7134765625],[40.38066406250002,67.831884765625],[39.895605468750006,68.114501953125],[39.568945312500006,68.071728515625],[38.43017578125,68.355615234375],[37.730566406250006,68.692138671875],[35.85791015625,69.191748046875],[32.97890625000002,69.367333984375],[32.5654296875,69.806494140625],[31.98457031250001,69.953662109375],[30.860731642385588,69.53841726345782],[30.227540317513274,69.63378611925246],[29.9940661964186,69.39245718044943],[29.38831505709325,69.29814769151675],[28.470748325318738,68.4883779975031],[28.685205519330026,68.18979157172065],[29.34387332532225,68.06186656358211],[29.941252882616283,67.5474793565488],[29.086989780399335,66.97095123968451],[29.903425734178654,66.09108246526695],[29.723901808396676,65.63439199488751],[29.783226352667754,64.80431346298316],[30.503905877410205,64.0205886908446],[30.055406121549055,63.68900686304379],[31.180867140433747,63.20828685164865],[31.534023878716425,62.88541250268902],[31.285666945121676,62.56780914982316],[29.277360043513063,61.30450676461466],[32.703358189428855,60.645704250950416],[33.078012322910354,60.73789500574986],[33.53493533729596,61.22081126642678],[34.543866000715354,61.270058906093595],[35.60385297983112,61.18830679002633],[36.996429478237815,61.59443187113391],[37.77291954899795,61.522136541867894],[37.80774946536553,61.99755971870604],[37.504925571358,62.645323797755054],[36.500542433286626,62.82603628204873],[36.21983605289148,63.41649119681125],[36.52423822760608,63.97645351226004]]]},"properties":{"featurecla":"Admin-1 scale rank","scalerank":2,"adm1_code":"RUS-2333","diss_me":2333,"iso_3166_2":"RU-MUR","wikipedia":"","iso_a2":"RU","adm0_sr":5,"name":"Murmansk","name_alt":"Murmanskaya Oblast","name_local":"Мурманская область","type":"Oblast","type_en":"Region","code_local":"","code_hasc":"RU.MM","note":"","hasc_maybe":"","region":"Northwestern","region_cod":"","provnum_ne":20015,"gadm_level":1,"check_me":20,"datarank":2,"abbrev":"","postal":"MM","area_sqkm":0,"sameascity":6,"labelrank":6,"name_len":8,"mapcolor9":7,"mapcolor13":7,"fips":"RS49","fips_alt":"RS49","woe_id":2346912,"woe_label":"Murmanskaya Oblast, RU, Russia","woe_name":"Murmansk","latitude":67.9609,"longitude":34.3212,"sov_a3":"RUS","adm0_a3":"RUS","adm0_label":2,"admin":"Russia","geonunit":"Russia","gu_a3":"RUS","gn_id":524304,"gn_name":"Murmanskaya Oblast'","gns_id":-2961507,"gns_name":"Murmanskaya Oblast'","gn_level":1,"gn_region":"","gn_a1_code":"RU.49","region_sub":"Northern","sub_code":"","gns_level":1,"gns_lang":"rus","gns_adm1":"RS49","gns_region":"","min_label":5,"max_label":10.2,"min_zoom":4.7,"wikidataid":"Q1759","name_ar":"أوبلاست مورمانسك","name_bn":"মুরমানস্ক ওব্লাস্ট","name_de":"Murmansk","name_en":"Murmansk","name_es":"Múrmansk","name_fr":"Mourmansk","name_el":"Όμπλαστ του Μούρμανσκ","name_hi":"मूरमान्स्क ओब्लास्त","name_hu":"Murmanszki terület","name_id":"Murmansk","name_it":"Murmansk","name_ja":"ムルマンスク州","name_ko":"무르만스크","name_nl":"Moermansk","name_pl":"murmański","name_pt":"Murmansk","name_ru":"Мурманская область","name_sv":"Murmansk","name_tr":"Murmansk Oblastı","name_vi":"Murmansk","name_zh":"摩尔曼斯克州","ne_id":1159313115,"name_he":"מחוז מורמנסק","name_uk":"Мурманська область","name_ur":"مورمانسک اوبلاست","name_fa":"استان مورمانسک","name_zht":"摩爾曼斯克州","FCLASS_ISO":"","FCLASS_US":"","FCLASS_FR":"","FCLASS_RU":"","FCLASS_ES":"","FCLASS_CN":"","FCLASS_TW":"","FCLASS_IN":"","FCLASS_NP":"","FCLASS_PK":"","FCLASS_DE":"","FCLASS_GB":"","FCLASS_BR":"","FCLASS_IL":"","FCLASS_PS":"","FCLASS_SA":"","FCLASS_EG":"","FCLASS_MA":"","FCLASS_PT":"","FCLASS_AR":"","FCLASS_JP":"","FCLASS_KO":"","FCLASS_VN":"","FCLASS_TR":"","FCLASS_ID":"","FCLASS_PL":"","FCLASS_GR":"","FCLASS_IT":"","FCLASS_NL":"","FCLASS_SE":"","FCLASS_BD":"","FCLASS_UA":"","FCLASS_TLC":""}},{"type":"Feature","geometry":{"type":"Polygon","coordinates":[[[34.72990115671297,59.10321442320702],[33.85501915940665,59.198350734698636],[32.9548157075788,59.42179962854999],[32.70625206927758,59.141868395410086],[32.124065382911056,59.394333604812005],[31.563066034170106,59.3684178737858],[30.687357211865788,58.74576854098535],[30.1006230001513,58.72959381849989],[29.975049268908606,58.44464997021993],[29.95045128839621,57.94395701840165],[30.52995079869038,57.88659617817103],[30.644775831939057,56.98189687783861],[31.000102979768656,56.96520539051636],[31.545599399592618,56.93978058500596],[33.21619510322142,57.45390940999124],[33.71880008295744,58.158000800496495],[34.65073286303118,58.08146800424498],[35.39446007677111,58.431472480370644],[36.173327264341765,58.52495514636291],[36.12630171095515,58.695487372544164],[34.83149702326898,58.99102488918726],[34.72990115671297,59.10321442320702]]]},"properties":{"featurecla":"Admin-1 scale rank","scalerank":2,"adm1_code":"RUS-2334","diss_me":2334,"iso_3166_2":"RU-NGR","wikipedia":"","iso_a2":"RU","adm0_sr":1,"name":"Novgorod","name_alt":"Novgorodskaya Oblast","name_local":"Новгородская область","type":"Oblast","type_en":"Region","code_local":"","code_hasc":"RU.NG","note":"","hasc_maybe":"","region":"Northwestern","region_cod":"","provnum_ne":20075,"gadm_level":1,"check_me":20,"datarank":2,"abbrev":"","postal":"NG","area_sqkm":0,"sameascity":6,"labelrank":6,"name_len":8,"mapcolor9":7,"mapcolor13":7,"fips":"RS52","fips_alt":"","woe_id":2346913,"woe_label":"Novgorodskaya Oblast, RU, Russia","woe_name":"Novgorod","latitude":58.4228,"longitude":32.9454,"sov_a3":"RUS","adm0_a3":"RUS","adm0_label":2,"admin":"Russia","geonunit":"Russia","gu_a3":"RUS","gn_id":519324,"gn_name":"Novgorodskaya Oblast'","gns_id":-2968545,"gns_name":"Novgorodskaya Oblast'","gn_level":1,"gn_region":"","gn_a1_code":"RU.52","region_sub":"Northwestern","sub_code":"","gns_level":1,"gns_lang":"fas","gns_adm1":"RS52","gns_region":"","min_label":5,"max_label":10.2,"min_zoom":4.7,"wikidataid":"Q2240","name_ar":"أوبلاست نوفغورود","name_bn":"নোভগরদ ওব্লাস্ট","name_de":"Nowgorod","name_en":"Novgorod","name_es":"Nóvgorod","name_fr":"Novgorod","name_el":"Όμπλαστ του Νόβγκοροντ","name_hi":"नोवगोरोड ओब्लास्ट","name_hu":"Novgorodi terület","name_id":"Novgorod","name_it":"Novgorod","name_ja":"ノヴゴロド州","name_ko":"노브고로드","name_nl":"Novgorod","name_pl":"nowogrodzki","name_pt":"Novgorod","name_ru":"Новгородская область","name_sv":"Novgorod","name_tr":"Novgorod Oblastı","name_vi":"Novgorod","name_zh":"诺夫哥罗德州","ne_id":1159313149,"name_he":"מחוז נובגורוד","name_uk":"Новгородська область","name_ur":"نووگورود اوبلاست","name_fa":"استان نووگورود","name_zht":"諾夫哥羅德州","FCLASS_ISO":"","FCLASS_US":"","FCLASS_FR":"","FCLASS_RU":"","FCLASS_ES":"","FCLASS_CN":"","FCLASS_TW":"","FCLASS_IN":"","FCLASS_NP":"","FCLASS_PK":"","FCLASS_DE":"","FCLASS_GB":"","FCLASS_BR":"","FCLASS_IL":"","FCLASS_PS":"","FCLASS_SA":"","FCLASS_EG":"","FCLASS_MA":"","FCLASS_PT":"","FCLASS_AR":"","FCLASS_JP":"","FCLASS_KO":"","FCLASS_VN":"","FCLASS_TR":"","FCLASS_ID":"","FCLASS_PL":"","FCLASS_GR":"","FCLASS_IT":"","FCLASS_NL":"","FCLASS_SE":"","FCLASS_BD":"","FCLASS_UA":"","FCLASS_TLC":""}},{"type":"Feature","geometry":{"type":"Polygon","coordinates":[[[27.669390063147297,58.982473793362836],[27.42703942231978,58.73305613874011],[27.75285932792005,57.8410175645178],[27.806086053180678,56.86707184511286],[28.28429975760966,56.05590688742731],[29.37503421399424,55.938704738989344],[29.482262810999885,55.684560044977914],[30.233638136523723,55.84522207297336],[30.903138399523932,55.57404413059593],[31.46736128099832,55.729001777410076],[31.491545851260014,56.30129242650423],[30.81675499894402,56.72025910157623],[31.000102979768656,56.96520539051636],[30.644775831939057,56.98189687783861],[30.52995079869038,57.88659617817103],[29.95045128839621,57.94395701840165],[29.975049268908606,58.44464997021993],[29.538693475423543,58.479893296838156],[28.946481560575535,58.819820869437535],[27.669390063147297,58.982473793362836]]]},"properties":{"featurecla":"Admin-1 scale rank","scalerank":2,"adm1_code":"RUS-2335","diss_me":2335,"iso_3166_2":"RU-PSK","wikipedia":"","iso_a2":"RU","adm0_sr":1,"name":"Pskov","name_alt":"Pskovskaya Oblast","name_local":"Псковская область","type":"Oblast","type_en":"Region","code_local":"","code_hasc":"RU.PS","note":"","hasc_maybe":"","region":"Northwestern","region_cod":"","provnum_ne":20043,"gadm_level":1,"check_me":20,"datarank":2,"abbrev":"","postal":"PS","area_sqkm":0,"sameascity":6,"labelrank":6,"name_len":5,"mapcolor9":7,"mapcolor13":7,"fips":"RS60","fips_alt":"","woe_id":2346920,"woe_label":"Pskovskaya Oblast, RU, Russia","woe_name":"Pskov","latitude":57.2449,"longitude":29.1229,"sov_a3":"RUS","adm0_a3":"RUS","adm0_label":2,"admin":"Russia","geonunit":"Russia","gu_a3":"RUS","gn_id":504338,"gn_name":"Pskovskaya Oblast'","gns_id":-2989172,"gns_name":"Pskovskaya Oblast'","gn_level":1,"gn_region":"","gn_a1_code":"RU.60","region_sub":"Northwestern","sub_code":"","gns_level":1,"gns_lang":"fas","gns_adm1":"RS60","gns_region":"","min_label":5,"max_label":10.2,"min_zoom":4.7,"wikidataid":"Q2218","name_ar":"بسكوف أوبلاست","name_bn":"পেস্কোভ ওব্লাস্ট","name_de":"Pskow","name_en":"Pskov","name_es":"Pskov","name_fr":"Pskov","name_el":"Όμπλαστ του Πσκοφ","name_hi":"प्सकोव ओब्लास्ट","name_hu":"Pszkovi terület","name_id":"Pskov","name_it":"Pskov","name_ja":"プスコフ州","name_ko":"프스코프","name_nl":"Pskov","name_pl":"pskowski","name_pt":"Pskov","name_ru":"Псковская область","name_sv":"Pskov","name_tr":"Pskov Oblastı","name_vi":"Pskov","name_zh":"普斯科夫州","ne_id":1159313151,"name_he":"מחוז פסקוב","name_uk":"Псковська область","name_ur":"پسکوف اوبلاست","name_fa":"استان پسکوف","name_zht":"普斯科夫州","FCLASS_ISO":"","FCLASS_US":"","FCLASS_FR":"","FCLASS_RU":"","FCLASS_ES":"","FCLASS_CN":"","FCLASS_TW":"","FCLASS_IN":"","FCLASS_NP":"","FCLASS_PK":"","FCLASS_DE":"","FCLASS_GB":"","FCLASS_BR":"","FCLASS_IL":"","FCLASS_PS":"","FCLASS_SA":"","FCLASS_EG":"","FCLASS_MA":"","FCLASS_PT":"","FCLASS_AR":"","FCLASS_JP":"","FCLASS_KO":"","FCLASS_VN":"","FCLASS_TR":"","FCLASS_ID":"","FCLASS_PL":"","FCLASS_GR":"","FCLASS_IT":"","FCLASS_NL":"","FCLASS_SE":"","FCLASS_BD":"","FCLASS_UA":"","FCLASS_TLC":""}},{"type":"Feature","geometry":{"type":"Polygon","coordinates":[[[29.277360043513063,61.30450676461466],[28.4074446957612,60.89692922631387],[28.643164062500006,60.37529296875],[29.45916928335849,60.1874964865828],[30.3904244321418,60.12273875588886],[30.259372999564278,59.60985016525291],[29.669726562500017,59.9556640625],[29.147265625000017,59.999755859375],[28.518164062500006,59.849560546875],[27.669390063147297,58.982473793362836],[28.946481560575535,58.819820869437535],[29.538693475423543,58.479893296838156],[29.975049268908606,58.44464997021993],[30.1006230001513,58.72959381849989],[30.687357211865788,58.74576854098535],[31.563066034170106,59.3684178737858],[32.124065382911056,59.394333604812005],[32.70625206927758,59.141868395410086],[32.9548157075788,59.42179962854999],[33.85501915940665,59.198350734698636],[34.72990115671297,59.10321442320702],[35.49584923685279,59.553522853796665],[35.15705854671455,60.06703156205691],[35.25855105958374,60.585294501240185],[35.60385297983112,61.18830679002633],[34.543866000715354,61.270058906093595],[33.53493533729596,61.22081126642678],[33.078012322910354,60.73789500574986],[32.703358189428855,60.645704250950416],[29.277360043513063,61.30450676461466]]]},"properties":{"featurecla":"Admin-1 scale rank","scalerank":2,"adm1_code":"RUS-2336","diss_me":2336,"iso_3166_2":"RU-LEN","wikipedia":"","iso_a2":"RU","adm0_sr":4,"name":"Leningrad","name_alt":"Saint Petersburg|Sankt-Peterburgskaya G.|Leningradskaya Oblast","name_local":"Ленинградская область","type":"Oblast","type_en":"Region","code_local":"","code_hasc":"RU.LN","note":"","hasc_maybe":"","region":"Northwestern","region_cod":"","provnum_ne":20001,"gadm_level":1,"check_me":20,"datarank":2,"abbrev":"","postal":"LN","area_sqkm":0,"sameascity":-99,"labelrank":2,"name_len":9,"mapcolor9":7,"mapcolor13":7,"fips":"RS42","fips_alt":"","woe_id":2346907,"woe_label":"Leningradskaya Oblast, RU, Russia","woe_name":"Leningrad","latitude":59.9905,"longitude":32.7736,"sov_a3":"RUS","adm0_a3":"RUS","adm0_label":2,"admin":"Russia","geonunit":"Russia","gu_a3":"RUS","gn_id":536199,"gn_name":"Leningradskaya Oblast'","gns_id":-2945114,"gns_name":"Leningradskaya Oblast'","gn_level":1,"gn_region":"","gn_a1_code":"RU.42","region_sub":"Northwestern","sub_code":"","gns_level":1,"gns_lang":"rus","gns_adm1":"RS42","gns_region":"","min_label":5,"max_label":10.2,"min_zoom":4.7,"wikidataid":"Q2191","name_ar":"لينينغراد أوبلاست","name_bn":"লেনিনগ্রাড ওব্লাস্ট","name_de":"Leningrad","name_en":"Leningrad","name_es":"Leningrado","name_fr":"Léningrad","name_el":"Όμπλαστ του Λένινγκραντ","name_hi":"लेनिनग्राद ओब्लास्ट","name_hu":"Leningrádi terület","name_id":"Leningrad","name_it":"Leningrado","name_ja":"レニングラード州","name_ko":"레닌그라드","name_nl":"Leningrad","name_pl":"leningradzki","name_pt":"Leningrado","name_ru":"Ленинградская область","name_sv":"Leningrad","name_tr":"Leningrad eyaleti","name_vi":"Leningrad","name_zh":"列宁格勒州","ne_id":1159313101,"name_he":"מחוז לנינגרד","name_uk":"Ленінградська область","name_ur":"لیننگراڈ اوبلاست","name_fa":"استان لنینگراد","name_zht":"列寧格勒州","FCLASS_ISO":"","FCLASS_US":"","FCLASS_FR":"","FCLASS_RU":"","FCLASS_ES":"","FCLASS_CN":"","FCLASS_TW":"","FCLASS_IN":"","FCLASS_NP":"","FCLASS_PK":"","FCLASS_DE":"","FCLASS_GB":"","FCLASS_BR":"","FCLASS_IL":"","FCLASS_PS":"","FCLASS_SA":"","FCLASS_EG":"","FCLASS_MA":"","FCLASS_PT":"","FCLASS_AR":"","FCLASS_JP":"","FCLASS_KO":"","FCLASS_VN":"","FCLASS_TR":"","FCLASS_ID":"","FCLASS_PL":"","FCLASS_GR":"","FCLASS_IT":"","FCLASS_NL":"","FCLASS_SE":"","FCLASS_BD":"","FCLASS_UA":"","FCLASS_TLC":""}},{"type":"Feature","geometry":{"type":"Polygon","coordinates":[[[29.669726562500017,59.9556640625],[30.259372999564278,59.60985016525291],[30.3904244321418,60.12273875588886],[29.45916928335849,60.1874964865828],[29.669726562500017,59.9556640625]]]},"properties":{"featurecla":"Admin-1 scale rank","scalerank":2,"adm1_code":"RUS-2337","diss_me":2337,"iso_3166_2":"RU-SPE","wikipedia":"","iso_a2":"RU","adm0_sr":4,"name":"City of St. Petersburg","name_alt":"Sankt-Peterburg gorsovet","name_local":"Санкт-Петербург (горсовет)","type":"Gorod Federalnogo Znacheniya","type_en":"Federal City","code_local":"","code_hasc":"RU.SP","note":"","hasc_maybe":"","region":"Northwestern","region_cod":"","provnum_ne":20002,"gadm_level":1,"check_me":20,"datarank":2,"abbrev":"","postal":"SP","area_sqkm":0,"sameascity":7,"labelrank":7,"name_len":22,"mapcolor9":7,"mapcolor13":7,"fips":"RS66","fips_alt":"RS66","woe_id":20070507,"woe_label":"St. Peterburg, RU, Russia","woe_name":"City of St. Petersburg","latitude":59.8064,"longitude":30.2901,"sov_a3":"RUS","adm0_a3":"RUS","adm0_label":2,"admin":"Russia","geonunit":"Russia","gu_a3":"RUS","gn_id":536203,"gn_name":"Sankt-Peterburg","gns_id":-2945108,"gns_name":"Sankt-Peterburg, Gorod","gn_level":1,"gn_region":"","gn_a1_code":"RU.66","region_sub":"Northwestern","sub_code":"","gns_level":1,"gns_lang":"rus","gns_adm1":"RS66","gns_region":"","min_label":5,"max_label":9,"min_zoom":4.7,"wikidataid":"Q656","name_ar":"سانت بطرسبرغ","name_bn":"সেন্ট পিটার্সবার্গ","name_de":"Sankt Petersburg","name_en":"Saint Petersburg","name_es":"San Petersburgo","name_fr":"Saint-Pétersbourg","name_el":"Αγία Πετρούπολη","name_hi":"सेंट पीटर्सबर्ग","name_hu":"Szentpétervár","name_id":"St. Petersburg","name_it":"San Pietroburgo","name_ja":"サンクトペテルブルク","name_ko":"상트페테르부르크","name_nl":"Sint-Petersburg","name_pl":"Petersburg","name_pt":"São Petersburgo","name_ru":"Санкт-Петербург","name_sv":"Sankt Petersburg","name_tr":"Sankt Petersburg","name_vi":"Sankt-Peterburg","name_zh":"圣彼得堡","ne_id":1159313099,"name_he":"סנקט פטרבורג","name_uk":"Санкт-Петербург","name_ur":"سینٹ پیٹرز برگ","name_fa":"سن پترزبورگ","name_zht":"聖彼得堡","FCLASS_ISO":"","FCLASS_US":"","FCLASS_FR":"","FCLASS_RU":"","FCLASS_ES":"","FCLASS_CN":"","FCLASS_TW":"","FCLASS_IN":"","FCLASS_NP":"","FCLASS_PK":"","FCLASS_DE":"","FCLASS_GB":"","FCLASS_BR":"","FCLASS_IL":"","FCLASS_PS":"","FCLASS_SA":"","FCLASS_EG":"","FCLASS_MA":"","FCLASS_PT":"","FCLASS_AR":"","FCLASS_JP":"","FCLASS_KO":"","FCLASS_VN":"","FCLASS_TR":"","FCLASS_ID":"","FCLASS_PL":"","FCLASS_GR":"","FCLASS_IT":"","FCLASS_NL":"","FCLASS_SE":"","FCLASS_BD":"","FCLASS_UA":"","FCLASS_TLC":""}},{"type":"Feature","geometry":{"type":"Polygon","coordinates":[[[32.70615148155033,53.419852000542875],[32.14199710463029,53.09115245219411],[31.417855258924277,53.19602977153046],[31.577328728976994,52.31231110290713],[32.12225670749481,52.050595811564946],[32.50791792168906,52.30853872334983],[33.735233188621066,52.34476390238643],[34.39782840346746,51.780405585326875],[34.89681603443245,52.35323883710265],[35.156541781877706,52.96948029258141],[35.103521763218794,53.3107772889407],[34.672643670169236,53.39007477473103],[34.19918419809227,53.89159454974862],[33.501242303389574,54.01579885543282],[32.70615148155033,53.419852000542875]]]},"properties":{"featurecla":"Admin-1 scale rank","scalerank":2,"adm1_code":"RUS-2342","diss_me":2342,"iso_3166_2":"RU-BRY","wikipedia":"","iso_a2":"RU","adm0_sr":1,"name":"Bryansk","name_alt":"Bryanskaya Oblast","name_local":"Брянская область","type":"Oblast","type_en":"Region","code_local":"","code_hasc":"RU.BR","note":"","hasc_maybe":"","region":"Central","region_cod":"","provnum_ne":20042,"gadm_level":1,"check_me":20,"datarank":2,"abbrev":"","postal":"BR","area_sqkm":0,"sameascity":7,"labelrank":7,"name_len":7,"mapcolor9":7,"mapcolor13":7,"fips":"RS10","fips_alt":"","woe_id":2346892,"woe_label":"Bryanskaya Oblast, RU, Russia","woe_name":"Bryansk","latitude":53.0868,"longitude":33.2803,"sov_a3":"RUS","adm0_a3":"RUS","adm0_label":2,"admin":"Russia","geonunit":"Russia","gu_a3":"RUS","gn_id":571473,"gn_name":"Bryanskaya Oblast'","gns_id":-2893498,"gns_name":"Bryanskaya Oblast'","gn_level":1,"gn_region":"","gn_a1_code":"RU.10","region_sub":"Central","sub_code":"","gns_level":1,"gns_lang":"rus","gns_adm1":"RS10","gns_region":"","min_label":5,"max_label":10.2,"min_zoom":4.7,"wikidataid":"Q2810","name_ar":"أوبلاست بريانسك","name_bn":"ব্রিয়ানস্ক ওব্লাস্ট","name_de":"Brjansk","name_en":"Bryansk","name_es":"Briansk","name_fr":"Briansk","name_el":"Όμπλαστ του Μπριάνσκ","name_hi":"ब्रियांस्क ओब्लास्ट","name_hu":"Brjanszki terület","name_id":"Bryansk","name_it":"Brjansk","name_ja":"ブリャンスク州","name_ko":"브랸스크","name_nl":"Brjansk","name_pl":"briański","name_pt":"Briansk","name_ru":"Брянская область","name_sv":"Brjansk","name_tr":"Bryansk Oblastı","name_vi":"Bryansk","name_zh":"布良斯克州","ne_id":1159313153,"name_he":"מחוז בריאנסק","name_uk":"Брянська область","name_ur":"بریانسک اوبلاست","name_fa":"استان بریانسک","name_zht":"布良斯克州","FCLASS_ISO":"","FCLASS_US":"","FCLASS_FR":"","FCLASS_RU":"","FCLASS_ES":"","FCLASS_CN":"","FCLASS_TW":"","FCLASS_IN":"","FCLASS_NP":"","FCLASS_PK":"","FCLASS_DE":"","FCLASS_GB":"","FCLASS_BR":"","FCLASS_IL":"","FCLASS_PS":"","FCLASS_SA":"","FCLASS_EG":"","FCLASS_MA":"","FCLASS_PT":"","FCLASS_AR":"","FCLASS_JP":"","FCLASS_KO":"","FCLASS_VN":"","FCLASS_TR":"","FCLASS_ID":"","FCLASS_PL":"","FCLASS_GR":"","FCLASS_IT":"","FCLASS_NL":"","FCLASS_SE":"","FCLASS_BD":"","FCLASS_UA":"","FCLASS_TLC":""}},{"type":"Feature","geometry":{"type":"Polygon","coordinates":[[[32.70615148155033,53.419852000542875],[33.501242303389574,54.01579885543282],[33.7287219577521,54.561682847985026],[34.326101514673155,54.42959788753245],[34.817337680589446,54.70937409104147],[35.369655388885064,55.2387991402681],[35.17411176924276,55.948264879320675],[34.63088911344181,55.9178791373123],[33.91661746572345,56.07311513925225],[33.187876417862356,55.65252065710263],[31.46736128099832,55.729001777410076],[30.903138399523932,55.57404413059593],[30.81448123548438,55.27871918397369],[31.40359256361174,54.19594289816206],[31.754217156712087,53.81046255148084],[32.45014367038675,53.692898668016824],[32.70615148155033,53.419852000542875]]]},"properties":{"featurecla":"Admin-1 scale rank","scalerank":2,"adm1_code":"RUS-2343","diss_me":2343,"iso_3166_2":"RU-SMO","wikipedia":"","iso_a2":"RU","adm0_sr":1,"name":"Smolensk","name_alt":"Smolenskaya Oblast","name_local":"Смоленская область","type":"Oblast","type_en":"Region","code_local":"","code_hasc":"RU.SM","note":"","hasc_maybe":"","region":"Central","region_cod":"","provnum_ne":20045,"gadm_level":1,"check_me":20,"datarank":2,"abbrev":"","postal":"SM","area_sqkm":0,"sameascity":6,"labelrank":6,"name_len":8,"mapcolor9":7,"mapcolor13":7,"fips":"RS69","fips_alt":"","woe_id":2346925,"woe_label":"Smolenskaya Oblast, RU, Russia","woe_name":"Smolensk","latitude":54.6726,"longitude":33.0803,"sov_a3":"RUS","adm0_a3":"RUS","adm0_label":2,"admin":"Russia","geonunit":"Russia","gu_a3":"RUS","gn_id":491684,"gn_name":"Smolenskaya Oblast'","gns_id":-3006143,"gns_name":"Smolenskaya Oblast'","gn_level":1,"gn_region":"","gn_a1_code":"RU.69","region_sub":"Central","sub_code":"","gns_level":1,"gns_lang":"fas","gns_adm1":"RS69","gns_region":"","min_label":5,"max_label":10.2,"min_zoom":4.7,"wikidataid":"Q2347","name_ar":"أوبلاست سمولينسك","name_bn":"সি্মো স্মোলেনস্ক ওব্লাস্ট","name_de":"Smolensk","name_en":"Smolensk","name_es":"Smolensk","name_fr":"Smolensk","name_el":"Όμπλαστ του Σμολένσκ","name_hi":"स्मोलेंस्क ओब्लास्ट","name_hu":"Szmolenszki terület","name_id":"Smolensk","name_it":"Smolensk","name_ja":"スモレンスク州","name_ko":"스몰렌스크","name_nl":"Smolensk","name_pl":"smoleński","name_pt":"Smolensk","name_ru":"Смоленская область","name_sv":"Smolensk","name_tr":"Smolensk Oblastı","name_vi":"Smolensk","name_zh":"斯摩棱斯克州","ne_id":1159313155,"name_he":"סמולנסק","name_uk":"Смоленська область","name_ur":"سمولنسک اوبلاست","name_fa":"استان اسمولنسک","name_zht":"斯摩棱斯克州","FCLASS_ISO":"","FCLASS_US":"","FCLASS_FR":"","FCLASS_RU":"","FCLASS_ES":"","FCLASS_CN":"","FCLASS_TW":"","FCLASS_IN":"","FCLASS_NP":"","FCLASS_PK":"","FCLASS_DE":"","FCLASS_GB":"","FCLASS_BR":"","FCLASS_IL":"","FCLASS_PS":"","FCLASS_SA":"","FCLASS_EG":"","FCLASS_MA":"","FCLASS_PT":"","FCLASS_AR":"","FCLASS_JP":"","FCLASS_KO":"","FCLASS_VN":"","FCLASS_TR":"","FCLASS_ID":"","FCLASS_PL":"","FCLASS_GR":"","FCLASS_IT":"","FCLASS_NL":"","FCLASS_SE":"","FCLASS_BD":"","FCLASS_UA":"","FCLASS_TLC":""}},{"type":"Feature","geometry":{"type":"Polygon","coordinates":[[[35.8583984375,65.0779296875],[35.81611328125001,65.182080078125],[35.60869140625002,65.15712890625],[35.77871093750002,64.97666015625],[35.8583984375,65.0779296875]]]},"properties":{"featurecla":"Admin-1 scale rank","scalerank":2,"adm1_code":"RUS-2353","diss_me":2353,"iso_3166_2":"RU-KR","wikipedia":"","iso_a2":"RU","adm0_sr":5,"name":"Karelia","name_alt":"Karelian A.S.S.R.|Karelo-Finnish A.S.S.R.|Karel'skaya A.S.S.R.|Olonets|Olonetskaya G.|Kareliya|Republic of Karelia","name_local":"Республика Карелия","type":"Respublika","type_en":"Republic","code_local":"","code_hasc":"RU.KI","note":"","hasc_maybe":"","region":"Northwestern","region_cod":"","provnum_ne":20014,"gadm_level":1,"check_me":20,"datarank":2,"abbrev":"","postal":"KI","area_sqkm":0,"sameascity":-99,"labelrank":2,"name_len":7,"mapcolor9":7,"mapcolor13":7,"fips":"RS28","fips_alt":"","woe_id":2346873,"woe_label":"Kareliya, RU, Russia","woe_name":"Karelia","latitude":63.5295,"longitude":33.1446,"sov_a3":"RUS","adm0_a3":"RUS","adm0_label":2,"admin":"Russia","geonunit":"Russia","gu_a3":"RUS","gn_id":552548,"gn_name":"Respublika Kareliya","gns_id":-2921465,"gns_name":"Kareliya, Respublika","gn_level":1,"gn_region":"","gn_a1_code":"RU.28","region_sub":"Northern","sub_code":"","gns_level":1,"gns_lang":"rus","gns_adm1":"RS28","gns_region":"","min_label":5,"max_label":10.2,"min_zoom":4.7,"wikidataid":"Q1914","name_ar":"جمهورية كاريليا","name_bn":"কারেলিয়া প্রজাতন্ত্র","name_de":"Republik Karelien","name_en":"Karelia","name_es":"Carelia","name_fr":"Carélie","name_el":"Δημοκρατία της Καρελίας","name_hi":"कारेलिया गणतंत्र","name_hu":"Karélia","name_id":"Republik Karelia","name_it":"Carelia","name_ja":"カレリア共和国","name_ko":"카렐리야 공화국","name_nl":"Karelië","name_pl":"Karelia","name_pt":"República da Carélia","name_ru":"Карелия","name_sv":"Karelska republiken","name_tr":"Karelya Cumhuriyeti","name_vi":"Cộng hòa Kareliya","name_zh":"卡累利阿共和国","ne_id":1159313107,"name_he":"קרליה","name_uk":"Республіка Карелія","name_ur":"جمہوریہ کریلیا","name_fa":"جمهوری کارلیا","name_zht":"卡累利阿共和国","FCLASS_ISO":"","FCLASS_US":"","FCLASS_FR":"","FCLASS_RU":"","FCLASS_ES":"","FCLASS_CN":"","FCLASS_TW":"","FCLASS_IN":"","FCLASS_NP":"","FCLASS_PK":"","FCLASS_DE":"","FCLASS_GB":"","FCLASS_BR":"","FCLASS_IL":"","FCLASS_PS":"","FCLASS_SA":"","FCLASS_EG":"","FCLASS_MA":"","FCLASS_PT":"","FCLASS_AR":"","FCLASS_JP":"","FCLASS_KO":"","FCLASS_VN":"","FCLASS_TR":"","FCLASS_ID":"","FCLASS_PL":"","FCLASS_GR":"","FCLASS_IT":"","FCLASS_NL":"","FCLASS_SE":"","FCLASS_BD":"","FCLASS_UA":"","FCLASS_TLC":""}},{"type":"Feature","geometry":{"type":"MultiPolygon","coordinates":[[[[36.52423822760608,63.97645351226004],[36.21983605289148,63.41649119681125],[36.500542433286626,62.82603628204873],[37.504925571358,62.645323797755054],[37.80774946536553,61.99755971870604],[37.77291954899795,61.522136541867894],[38.21299604732968,60.923981839490295],[39.92348595571224,60.65185374585366],[40.75671674997801,60.77373261247004],[41.339936965118795,60.67598664017129],[41.51853071502046,60.89917715070493],[42.39475630126225,60.769417630219436],[43.51086388535998,60.767453925458256],[43.77596398315126,61.0207717964812],[45.22910525910038,60.903879706583155],[45.332354771155735,61.189340317901326],[47.042948032325796,60.85380524371698],[47.24479617740167,61.056170151831],[48.418988071242495,60.85380524371698],[48.50931847496764,61.04774689380406],[49.30224165243027,61.17616282805204],[49.05161095568104,61.690963447505055],[49.608992954161465,62.770225735429335],[48.36607140537103,62.729298001001894],[48.29083051941291,62.32162262628316],[47.413364698821795,62.192793280885155],[47.2376648287688,62.635660305378735],[47.55464806455649,63.148497219171304],[47.090903761699224,63.24647573546679],[46.819189081011245,63.74696198171006],[45.88363894977766,63.96431305570292],[45.82452111215957,64.28362173145769],[48.11575076698426,64.34811391942179],[48.408342726035926,64.22421967210016],[48.95001509002435,64.4906116810842],[49.62666629431402,64.59171662122503],[50.063022087799084,64.8901996927616],[49.56744510300905,65.29208730688367],[48.989392530840576,65.26852285424627],[49.006032342218816,66.11911693030208],[48.156265090261684,66.13027903944607],[47.660791457359835,65.80807648384263],[47.11043745292608,65.82117645932613],[44.22083280185458,66.40718117314225],[43.62392578125002,66.146728515625],[43.23320312500002,66.41552734375],[42.210546875000006,66.519677734375],[41.47578125000001,66.1234375],[40.69160156250001,65.963427734375],[39.816503906250006,65.59794921875],[39.79804687500001,65.349853515625],[40.37539062500002,64.8962890625],[39.75800781250001,64.57705078125],[38.009375000000006,64.878759765625],[37.52812500000002,65.108251953125],[36.8828125,65.17236328125],[36.52822265625002,64.84736328125],[37.183691406250006,64.40849609375],[37.953710937500006,64.3201171875],[38.07080078125,64.025830078125],[37.44218750000002,63.813378906249994],[36.52423822760608,63.97645351226004]]],[[[54.63398437500001,81.11318359375],[54.66816406250001,80.738671875],[55.712500000000006,80.6373046875],[56.17011718750001,81.029150390625],[54.63398437500001,81.11318359375]]],[[[58.61787109375001,74.227392578125],[59.10097656250002,74.50751953125],[60.50136718750002,74.904638671875],[61.35595703125,75.31484375],[63.65947265625002,75.66875],[66.28242187500001,75.98369140625],[68.16542968750002,76.28486328125],[68.89980468750002,76.57294921875],[68.48574218750002,76.93369140625],[67.53496093750002,77.007763671875],[66.06298828125,76.74609375],[65.862890625,76.613330078125],[64.4634765625,76.378173828125],[62.97148437500002,76.236669921875],[61.20166015625,76.28203125],[60.94218750000002,76.0712890625],[58.88125000000002,75.85478515625],[58.05830078125001,75.6630859375],[57.60683593750002,75.341259765625],[57.087500000000006,75.383837890625],[55.65966796875,74.656298828125],[54.642675781250006,73.9595703125],[53.76289062500001,73.766162109375],[54.299902343750006,73.3509765625],[55.0068359375,73.453857421875],[56.43037109375001,73.297216796875],[56.9638671875,73.366552734375],[57.755957031250006,73.769189453125],[57.76738281250002,74.013818359375],[58.61787109375001,74.227392578125]]],[[[51.58251953125,72.07119140625],[51.812597656250006,71.49130859375],[53.363867187500006,71.541650390625],[53.72236328125001,70.814453125],[54.601171875000006,70.680078125],[55.68730468750002,70.6921875],[56.4345703125,70.56298828125],[56.89482421875002,70.927001953125],[56.04316406250001,71.34560546875],[55.2978515625,71.9353515625],[55.35595703125,72.465087890625],[56.08378906250002,72.789404296875],[56.1376953125,73.25615234375],[54.80390625000001,73.387646484375],[53.75322265625002,73.29326171875],[52.81220703125001,72.875244140625],[52.6220703125,72.3009765625],[51.58251953125,72.07119140625]]],[[[55.94228515625002,80.16328125],[56.986914062500006,80.071484375],[57.122656250000006,80.3169921875],[56.0244140625,80.34130859375],[55.94228515625002,80.16328125]]],[[[51.45478515625001,80.744677734375],[50.80107421875002,80.91416015625],[49.24433593750001,80.82138671875],[49.08779296875002,80.515771484375],[47.65605468750002,80.500537109375],[47.7373046875,80.081689453125],[48.38623046875,80.09580078125],[48.896093750000006,80.369189453125],[49.84599609375002,80.49765625],[50.96083984375002,80.540478515625],[51.45478515625001,80.744677734375]]],[[[62.10292968750002,80.8666015625],[59.59228515625,80.81650390625],[59.64980468750002,80.43125],[61.05126953125,80.418603515625],[62.075781250000006,80.616943359375],[62.10292968750002,80.8666015625]]]]},"properties":{"featurecla":"Admin-1 scale rank","scalerank":2,"adm1_code":"RUS-2354","diss_me":2354,"iso_3166_2":"RU-ARK","wikipedia":"","iso_a2":"RU","adm0_sr":4,"name":"Arkhangel'sk","name_alt":"Vologodskaya Oblast","name_local":"Вологодская область","type":"Oblast","type_en":"Region","code_local":"","code_hasc":"RU.AR","note":"","hasc_maybe":"RU.AR|RUS-ARK","region":"Northwestern","region_cod":"","provnum_ne":20013,"gadm_level":1,"check_me":20,"datarank":2,"abbrev":"","postal":"VO","area_sqkm":0,"sameascity":6,"labelrank":6,"name_len":12,"mapcolor9":7,"mapcolor13":7,"fips":"RS06","fips_alt":"","woe_id":20070508,"woe_label":"Arkhangelrskaya Oblast, RU, Russia","woe_name":"Arkhangel'sk","latitude":63.3132,"longitude":41.9939,"sov_a3":"RUS","adm0_a3":"RUS","adm0_label":2,"admin":"Russia","geonunit":"Russia","gu_a3":"RUS","gn_id":581043,"gn_name":"Arkhangel'skaya Oblast'","gns_id":-2879197,"gns_name":"Arkhangel'skaya Oblast'","gn_level":1,"gn_region":"","gn_a1_code":"RU.06","region_sub":"Northern","sub_code":"","gns_level":1,"gns_lang":"rus","gns_adm1":"RS06","gns_region":"","min_label":5,"max_label":10.2,"min_zoom":4.7,"wikidataid":"Q1875","name_ar":"أوبلاست أرخانغلسك","name_bn":"আরখানগেলস্ক ওব্লাস্ট","name_de":"Archangelsk","name_en":"Arkhangelsk","name_es":"Arjánguelsk","name_fr":"d'Arkhangelsk","name_el":"Όμπλαστ του Αρχάνγκελσκ","name_hi":"अर्खांगेल्स्क ओब्लास्ट","name_hu":"Arhangelszki terület","name_id":"Arkhangelsk","name_it":"Arcangelo","name_ja":"アルハンゲリスク州","name_ko":"아르한겔스크","name_nl":"Archangelsk","name_pl":"archangielski","name_pt":"Arkhangelsk","name_ru":"Архангельская область","name_sv":"Archangelsk","name_tr":"Arhangelsk Oblastı","name_vi":"Arkhangelsk","name_zh":"阿尔汉格尔斯克州","ne_id":1159313111,"name_he":"מחוז ארכנגלסק","name_uk":"Архангельська область","name_ur":"آرخانگلسک اوبلاست","name_fa":"استان آرخانگلسک","name_zht":"阿尔汉格尔斯克州","FCLASS_ISO":"","FCLASS_US":"","FCLASS_FR":"","FCLASS_RU":"","FCLASS_ES":"","FCLASS_CN":"","FCLASS_TW":"","FCLASS_IN":"","FCLASS_NP":"","FCLASS_PK":"","FCLASS_DE":"","FCLASS_GB":"","FCLASS_BR":"","FCLASS_IL":"","FCLASS_PS":"","FCLASS_SA":"","FCLASS_EG":"","FCLASS_MA":"","FCLASS_PT":"","FCLASS_AR":"","FCLASS_JP":"","FCLASS_KO":"","FCLASS_VN":"","FCLASS_TR":"","FCLASS_ID":"","FCLASS_PL":"","FCLASS_GR":"","FCLASS_IT":"","FCLASS_NL":"","FCLASS_SE":"","FCLASS_BD":"","FCLASS_UA":"","FCLASS_TLC":""}},{"type":"Feature","geometry":{"type":"Polygon","coordinates":[[[43.727388137052856,57.4657949904464],[42.8533329611472,57.39432648437975],[42.85095584523606,57.667126369786104],[41.60441694528578,57.52418935855201],[40.44521121642447,57.276349188863946],[39.52020307760995,57.02685537457586],[39.41716027202892,56.77209056272926],[39.85878706217318,56.77963532251209],[40.1559265483715,56.43428172542127],[40.71465213398875,56.59845775022495],[41.052822707402015,56.47508026774011],[41.933905877354334,56.516808986945136],[42.58792280499341,56.42022573552924],[42.82997521318549,56.80226959916263],[43.50125206892784,56.906449287204794],[43.727388137052856,57.4657949904464]]]},"properties":{"featurecla":"Admin-1 scale rank","scalerank":2,"adm1_code":"RUS-2355","diss_me":2355,"iso_3166_2":"RU-IVA","wikipedia":"","iso_a2":"RU","adm0_sr":1,"name":"Ivanovo","name_alt":"Ivanovskaya Oblast","name_local":"Ивановская область","type":"Oblast","type_en":"Region","code_local":"","code_hasc":"RU.IV","note":"","hasc_maybe":"","region":"Central","region_cod":"","provnum_ne":20082,"gadm_level":1,"check_me":20,"datarank":2,"abbrev":"","postal":"IV","area_sqkm":0,"sameascity":7,"labelrank":7,"name_len":7,"mapcolor9":7,"mapcolor13":7,"fips":"RS21","fips_alt":"","woe_id":2346897,"woe_label":"Ivanovskaya Oblast, RU, Russia","woe_name":"Ivanovo","latitude":57.1213,"longitude":41.6244,"sov_a3":"RUS","adm0_a3":"RUS","adm0_label":2,"admin":"Russia","geonunit":"Russia","gu_a3":"RUS","gn_id":555235,"gn_name":"Ivanovskaya Oblast'","gns_id":-2917425,"gns_name":"Ivanovskaya Oblast'","gn_level":1,"gn_region":"","gn_a1_code":"RU.21","region_sub":"Central","sub_code":"","gns_level":1,"gns_lang":"rus","gns_adm1":"RS21","gns_region":"","min_label":5,"max_label":10.2,"min_zoom":4.7,"wikidataid":"Q2654","name_ar":"أوبلاست إيفانوفو","name_bn":"ইভানোভো ওব্লাস্ট","name_de":"Iwanowo","name_en":"Ivanovo","name_es":"Ivánovo","name_fr":"d'Ivanovo","name_el":"Όμπλαστ του Ιβάνοβο","name_hi":"इवानोवो ओब्लास्ट","name_hu":"Ivanovói terület","name_id":"Ivanovo","name_it":"Ivanovo","name_ja":"イヴァノヴォ州","name_ko":"이바노보","name_nl":"Ivanovo","name_pl":"iwanowski","name_pt":"Ivanovo","name_ru":"Ивановская область","name_sv":"Ivanovo","name_tr":"İvanovo Oblastı","name_vi":"Ivanovo","name_zh":"伊万诺沃州","ne_id":1159313123,"name_he":"מחוז איבנובו","name_uk":"Івановська область","name_ur":"ایوانوو اوبلاست","name_fa":"استان ایوانوف","name_zht":"伊萬諾沃州","FCLASS_ISO":"","FCLASS_US":"","FCLASS_FR":"","FCLASS_RU":"","FCLASS_ES":"","FCLASS_CN":"","FCLASS_TW":"","FCLASS_IN":"","FCLASS_NP":"","FCLASS_PK":"","FCLASS_DE":"","FCLASS_GB":"","FCLASS_BR":"","FCLASS_IL":"","FCLASS_PS":"","FCLASS_SA":"","FCLASS_EG":"","FCLASS_MA":"","FCLASS_PT":"","FCLASS_AR":"","FCLASS_JP":"","FCLASS_KO":"","FCLASS_VN":"","FCLASS_TR":"","FCLASS_ID":"","FCLASS_PL":"","FCLASS_GR":"","FCLASS_IT":"","FCLASS_NL":"","FCLASS_SE":"","FCLASS_BD":"","FCLASS_UA":"","FCLASS_TLC":""}},{"type":"Feature","geometry":{"type":"Polygon","coordinates":[[[47.11353803924908,59.61129710607656],[46.74952925007483,60.261128241774884],[47.042948032325796,60.85380524371698],[45.332354771155735,61.189340317901326],[45.22910525910038,60.903879706583155],[43.77596398315126,61.0207717964812],[43.51086388535998,60.767453925458256],[42.39475630126225,60.769417630219436],[41.51853071502046,60.89917715070493],[41.339936965118795,60.67598664017129],[40.75671674997801,60.77373261247004],[39.92348595571224,60.65185374585366],[38.21299604732968,60.923981839490295],[37.77291954899795,61.522136541867894],[36.996429478237815,61.59443187113391],[35.60385297983112,61.18830679002633],[35.25855105958374,60.585294501240185],[35.15705854671455,60.06703156205691],[35.49584923685279,59.553522853796665],[34.72990115671297,59.10321442320702],[34.83149702326898,58.99102488918726],[36.12630171095515,58.695487372544164],[36.173327264341765,58.52495514636291],[36.86424116409842,58.842765204450586],[37.62626183381656,58.490228582782834],[38.04763146322142,58.73574331340319],[38.91589887942973,58.74437327700508],[39.61952518104226,58.89454499055881],[40.16078413298135,58.55859650342586],[40.92600874180994,58.579112047482965],[41.959020623602896,59.277674058910634],[42.799589471177114,59.17039378544479],[43.498048129817334,59.294313870288875],[44.991083612318846,59.121611232872056],[45.91826215967092,59.18442393691515],[46.40639773926421,59.63253611874683],[47.11353803924908,59.61129710607656]]]},"properties":{"featurecla":"Admin-1 scale rank","scalerank":2,"adm1_code":"RUS-2359","diss_me":2359,"iso_3166_2":"RU-VLG","wikipedia":"","iso_a2":"RU","adm0_sr":1,"name":"Vologda","name_alt":"Vologodskaya Oblast","name_local":"Вологодская область","type":"Oblast","type_en":"Region","code_local":"","code_hasc":"RU.VO","note":"","hasc_maybe":"","region":"Northwestern","region_cod":"","provnum_ne":20077,"gadm_level":1,"check_me":20,"datarank":2,"abbrev":"","postal":"VO","area_sqkm":0,"sameascity":6,"labelrank":6,"name_len":7,"mapcolor9":7,"mapcolor13":7,"fips":"RS85","fips_alt":"","woe_id":2346934,"woe_label":"Vologodskaya Oblast, RU, Russia","woe_name":"Vologda","latitude":59.6397,"longitude":40.9333,"sov_a3":"RUS","adm0_a3":"RUS","adm0_label":2,"admin":"Russia","geonunit":"Russia","gu_a3":"RUS","gn_id":472454,"gn_name":"Vologodskaya Oblast'","gns_id":-3034708,"gns_name":"Vologodskaya Oblast'","gn_level":1,"gn_region":"","gn_a1_code":"RU.85","region_sub":"Northern","sub_code":"","gns_level":1,"gns_lang":"fas","gns_adm1":"RS85","gns_region":"","min_label":5,"max_label":10.2,"min_zoom":4.7,"wikidataid":"Q2015","name_ar":"فولوغدا أوبلاست","name_bn":"ভোলোগদা ওব্লাস্ট","name_de":"Wologda","name_en":"Vologda","name_es":"Vólogda","name_fr":"Vologda","name_el":"Όμπλαστ της Βόλογκντα","name_hi":"वोलोडा ओब्लास्ट","name_hu":"Vologdai terület","name_id":"Vologda","name_it":"Vologda","name_ja":"ヴォログダ州","name_ko":"볼로그다","name_nl":"Vologda","name_pl":"wołogodzki","name_pt":"Vologda","name_ru":"Вологодская область","name_sv":"Vologda","name_tr":"Vologda Oblastı","name_vi":"Vologda","name_zh":"沃洛格达州","ne_id":1159313131,"name_he":"מחוז וולוגדה","name_uk":"Вологодська область","name_ur":"ولوگدا اوبلاست","name_fa":"استان ولوگدا","name_zht":"沃洛格達州","FCLASS_ISO":"","FCLASS_US":"","FCLASS_FR":"","FCLASS_RU":"","FCLASS_ES":"","FCLASS_CN":"","FCLASS_TW":"","FCLASS_IN":"","FCLASS_NP":"","FCLASS_PK":"","FCLASS_DE":"","FCLASS_GB":"","FCLASS_BR":"","FCLASS_IL":"","FCLASS_PS":"","FCLASS_SA":"","FCLASS_EG":"","FCLASS_MA":"","FCLASS_PT":"","FCLASS_AR":"","FCLASS_JP":"","FCLASS_KO":"","FCLASS_VN":"","FCLASS_TR":"","FCLASS_ID":"","FCLASS_PL":"","FCLASS_GR":"","FCLASS_IT":"","FCLASS_NL":"","FCLASS_SE":"","FCLASS_BD":"","FCLASS_UA":"","FCLASS_TLC":""}},{"type":"Feature","geometry":{"type":"Polygon","coordinates":[[[47.11353803924908,59.61129710607656],[46.40639773926421,59.63253611874683],[45.91826215967092,59.18442393691515],[44.991083612318846,59.121611232872056],[43.498048129817334,59.294313870288875],[42.799589471177114,59.17039378544479],[41.959020623602896,59.277674058910634],[40.92600874180994,58.579112047482965],[41.16392703580402,58.36088247344736],[40.62638878781229,57.94039134408524],[40.44521121642447,57.276349188863946],[41.60441694528578,57.52418935855201],[42.85095584523606,57.667126369786104],[42.8533329611472,57.39432648437975],[43.727388137052856,57.4657949904464],[44.30316694519831,57.51695465803101],[44.86261600122742,58.07542186122987],[46.34128543457513,58.07464671487395],[46.42365766826674,58.34692983724216],[47.57087446478471,59.05985789692437],[47.11353803924908,59.61129710607656]]]},"properties":{"featurecla":"Admin-1 scale rank","scalerank":2,"adm1_code":"RUS-2356","diss_me":2356,"iso_3166_2":"RU-KOS","wikipedia":"","iso_a2":"RU","adm0_sr":1,"name":"Kostroma","name_alt":"Kostromskaya","name_local":"Костромская область","type":"Oblast","type_en":"Region","code_local":"","code_hasc":"RU.KT","note":"","hasc_maybe":"","region":"Central","region_cod":"","provnum_ne":20090,"gadm_level":1,"check_me":20,"datarank":2,"abbrev":"","postal":"KT","area_sqkm":0,"sameascity":6,"labelrank":6,"name_len":8,"mapcolor9":7,"mapcolor13":7,"fips":"RS37","fips_alt":"","woe_id":2346903,"woe_label":"Kostromskaya Oblast, RU, Russia","woe_name":"Kostroma","latitude":58.3882,"longitude":43.4689,"sov_a3":"RUS","adm0_a3":"RUS","adm0_label":2,"admin":"Russia","geonunit":"Russia","gu_a3":"RUS","gn_id":543871,"gn_name":"Kostromskaya Oblast'","gns_id":-2934427,"gns_name":"Kostromskaya Oblast'","gn_level":1,"gn_region":"","gn_a1_code":"RU.37","region_sub":"Central","sub_code":"","gns_level":1,"gns_lang":"rus","gns_adm1":"RS37","gns_region":"","min_label":5,"max_label":10.2,"min_zoom":4.7,"wikidataid":"Q2596","name_ar":"كوستروما أوبلاست","name_bn":"কস্ট্রোমা ওব্লাস্ট","name_de":"Kostroma","name_en":"Kostroma","name_es":"Kostromá","name_fr":"Kostroma","name_el":"Όμπλαστ της Κοστρομά","name_hi":"कोस्ट्रोमा ओब्लास्ट","name_hu":"Kosztromai terület","name_id":"Kostroma","name_it":"Kostroma","name_ja":"コストロマ州","name_ko":"코스트로마","name_nl":"Kostroma","name_pl":"kostromski","name_pt":"Kostroma","name_ru":"Костромская область","name_sv":"Kostroma","name_tr":"Kostroma Oblastı","name_vi":"Kostroma","name_zh":"科斯特罗马州","ne_id":1159313125,"name_he":"מחוז קוסטרומה","name_uk":"Костромська область","name_ur":"کوستروما اوبلاست","name_fa":"استان کوستروما","name_zht":"科斯特罗马州","FCLASS_ISO":"","FCLASS_US":"","FCLASS_FR":"","FCLASS_RU":"","FCLASS_ES":"","FCLASS_CN":"","FCLASS_TW":"","FCLASS_IN":"","FCLASS_NP":"","FCLASS_PK":"","FCLASS_DE":"","FCLASS_GB":"","FCLASS_BR":"","FCLASS_IL":"","FCLASS_PS":"","FCLASS_SA":"","FCLASS_EG":"","FCLASS_MA":"","FCLASS_PT":"","FCLASS_AR":"","FCLASS_JP":"","FCLASS_KO":"","FCLASS_VN":"","FCLASS_TR":"","FCLASS_ID":"","FCLASS_PL":"","FCLASS_GR":"","FCLASS_IT":"","FCLASS_NL":"","FCLASS_SE":"","FCLASS_BD":"","FCLASS_UA":"","FCLASS_TLC":""}},{"type":"Feature","geometry":{"type":"Polygon","coordinates":[[[43.727388137052856,57.4657949904464],[43.50125206892784,56.906449287204794],[42.82997521318549,56.80226959916263],[42.58792280499341,56.42022573552924],[42.69406619599812,56.002783514747364],[42.05565555186223,55.61293650981207],[41.783217400762396,55.11911652330889],[42.466793247210546,54.87130219204249],[43.0976591333623,54.79877431877975],[43.36896040200094,54.9496695009467],[44.107209914405985,54.64576040312011],[44.91718631439687,54.47623586729139],[45.71031619563587,55.17676158348024],[46.05572146957013,55.042118639063915],[46.253538853235455,55.38540517770679],[45.92012251164459,55.68804820456097],[46.2139547059449,56.04980906813398],[45.87382042777051,56.25884023688741],[45.95856977737333,56.87208445883067],[46.714906040181575,56.96634227207818],[46.7501493667998,57.51726471639353],[47.47103559831419,57.52853017832501],[47.70306277892411,57.958374741700936],[46.34128543457513,58.07464671487395],[44.86261600122742,58.07542186122987],[44.30316694519831,57.51695465803101],[43.727388137052856,57.4657949904464]]]},"properties":{"featurecla":"Admin-1 scale rank","scalerank":2,"adm1_code":"RUS-2357","diss_me":2357,"iso_3166_2":"RU-NIZ","wikipedia":"","iso_a2":"RU","adm0_sr":1,"name":"Nizhegorod","name_alt":"Gor'kiy|Gor'kovskaya|Gorky|Nizhegorodskaya|Nizhniy-Novgorod","name_local":"Нижегородская область","type":"Oblast","type_en":"Region","code_local":"","code_hasc":"RU.NZ","note":"","hasc_maybe":"","region":"Volga","region_cod":"","provnum_ne":20081,"gadm_level":1,"check_me":20,"datarank":2,"abbrev":"","postal":"NZ","area_sqkm":0,"sameascity":-99,"labelrank":2,"name_len":10,"mapcolor9":7,"mapcolor13":7,"fips":"RS51","fips_alt":"","woe_id":2346895,"woe_label":"Nizhegorodskaya Oblast, RU, Russia","woe_name":"Nizhegorod","latitude":56.1384,"longitude":44.7751,"sov_a3":"RUS","adm0_a3":"RUS","adm0_label":2,"admin":"Russia","geonunit":"Russia","gu_a3":"RUS","gn_id":559838,"gn_name":"Nizhegorodskaya Oblast'","gns_id":-2910855,"gns_name":"Nizhegorodskaya Oblast'","gn_level":1,"gn_region":"","gn_a1_code":"RU.51","region_sub":"Volga-Vyatka","sub_code":"","gns_level":1,"gns_lang":"rus","gns_adm1":"RS51","gns_region":"","min_label":5,"max_label":10.2,"min_zoom":4.7,"wikidataid":"Q2246","name_ar":"نيجني نوفغورود أوبلاست","name_bn":"নিঝনি ওব্লাস্ট","name_de":"Nischni Nowgorod","name_en":"Nizhny Novgorod","name_es":"Nizhni Nóvgorod","name_fr":"Nijni Novgorod","name_el":"Όμπλαστ του Νίζνι Νόβγκοροντ","name_hi":"निज़्नी नॉवग्रोद ओब्लास्ट","name_hu":"Nyizsnyij Novgorod-i terület","name_id":"Nizhny Novgorod","name_it":"Nižnij Novgorod","name_ja":"ニジニ・ノヴゴロド州","name_ko":"니즈니노브고로드","name_nl":"Nizjni Novgorod","name_pl":"niżnonowogrodzki","name_pt":"Níjni Novgorod","name_ru":"Нижегородская область","name_sv":"Nizjnij Novgorod","name_tr":"Nijniy Novgorod Oblastı","name_vi":"Nizhny Novgorod","name_zh":"下诺夫哥罗德州","ne_id":1159313127,"name_he":"מחוז ניז'ני נובגורוד","name_uk":"Нижньогородська область","name_ur":"نزہنی نووگورود اوبلاست","name_fa":"استان نیژنی نووگورود","name_zht":"下诺夫哥罗德州","FCLASS_ISO":"","FCLASS_US":"","FCLASS_FR":"","FCLASS_RU":"","FCLASS_ES":"","FCLASS_CN":"","FCLASS_TW":"","FCLASS_IN":"","FCLASS_NP":"","FCLASS_PK":"","FCLASS_DE":"","FCLASS_GB":"","FCLASS_BR":"","FCLASS_IL":"","FCLASS_PS":"","FCLASS_SA":"","FCLASS_EG":"","FCLASS_MA":"","FCLASS_PT":"","FCLASS_AR":"","FCLASS_JP":"","FCLASS_KO":"","FCLASS_VN":"","FCLASS_TR":"","FCLASS_ID":"","FCLASS_PL":"","FCLASS_GR":"","FCLASS_IT":"","FCLASS_NL":"","FCLASS_SE":"","FCLASS_BD":"","FCLASS_UA":"","FCLASS_TLC":""}},{"type":"Feature","geometry":{"type":"Polygon","coordinates":[[[37.62626183381656,58.490228582782834],[36.86424116409842,58.842765204450586],[36.173327264341765,58.52495514636291],[35.39446007677111,58.431472480370644],[34.65073286303118,58.08146800424498],[33.71880008295744,58.158000800496495],[33.21619510322142,57.45390940999124],[31.545599399592618,56.93978058500596],[31.000102979768656,56.96520539051636],[30.81675499894402,56.72025910157623],[31.491545851260014,56.30129242650423],[31.46736128099832,55.729001777410076],[33.187876417862356,55.65252065710263],[33.91661746572345,56.07311513925225],[34.63088911344181,55.9178791373123],[35.17411176924276,55.948264879320675],[35.64509077262102,56.4741242542309],[36.09612267362246,56.346793524701354],[37.65644087114924,56.943501288053994],[38.25650760324328,56.770230210755585],[38.30642703557919,57.276349188863946],[37.79431359219848,57.44259227211563],[37.390927362208004,57.82799510449047],[37.62626183381656,58.490228582782834]]]},"properties":{"featurecla":"Admin-1 scale rank","scalerank":2,"adm1_code":"RUS-2358","diss_me":2358,"iso_3166_2":"RU-TVE","wikipedia":"","iso_a2":"RU","adm0_sr":1,"name":"Tver'","name_alt":"Kalinin|Kalininskaya|Tverskaya Oblast","name_local":"Тверская область","type":"Oblast","type_en":"Region","code_local":"","code_hasc":"RU.TV","note":"","hasc_maybe":"","region":"Central","region_cod":"","provnum_ne":20074,"gadm_level":1,"check_me":20,"datarank":2,"abbrev":"","postal":"TV","area_sqkm":0,"sameascity":6,"labelrank":6,"name_len":5,"mapcolor9":7,"mapcolor13":7,"fips":"RS77","fips_alt":"","woe_id":2346898,"woe_label":"Tverskaya Oblast, RU, Russia","woe_name":"Tver'","latitude":57.0297,"longitude":34.5445,"sov_a3":"RUS","adm0_a3":"RUS","adm0_label":2,"admin":"Russia","geonunit":"Russia","gu_a3":"RUS","gn_id":480041,"gn_name":"Tverskaya Oblast'","gns_id":-3023050,"gns_name":"Tverskaya Oblast'","gn_level":1,"gn_region":"","gn_a1_code":"RU.77","region_sub":"Central","sub_code":"","gns_level":1,"gns_lang":"fas","gns_adm1":"RS77","gns_region":"","min_label":5,"max_label":10.2,"min_zoom":4.7,"wikidataid":"Q2292","name_ar":"تفير أوبلاست","name_bn":"টেভার ওব্লাস্ট","name_de":"Twer","name_en":"Tver","name_es":"Tver","name_fr":"Tver","name_el":"Όμπλαστ του Τβερ","name_hi":"त्वेर ओब्लास्ट","name_hu":"Tveri terület","name_id":"Tver","name_it":"Tver'","name_ja":"トヴェリ州","name_ko":"트베리","name_nl":"Tver","name_pl":"twerski","name_pt":"Tver","name_ru":"Тверская область","name_sv":"Tver","name_tr":"Tver Oblastı","name_vi":"Tver","name_zh":"特维尔州","ne_id":1159313129,"name_he":"מחוז טבר","name_uk":"Тверська область","name_ur":"توور اوبلاست","name_fa":"استان تور","name_zht":"特维尔州","FCLASS_ISO":"","FCLASS_US":"","FCLASS_FR":"","FCLASS_RU":"","FCLASS_ES":"","FCLASS_CN":"","FCLASS_TW":"","FCLASS_IN":"","FCLASS_NP":"","FCLASS_PK":"","FCLASS_DE":"","FCLASS_GB":"","FCLASS_BR":"","FCLASS_IL":"","FCLASS_PS":"","FCLASS_SA":"","FCLASS_EG":"","FCLASS_MA":"","FCLASS_PT":"","FCLASS_AR":"","FCLASS_JP":"","FCLASS_KO":"","FCLASS_VN":"","FCLASS_TR":"","FCLASS_ID":"","FCLASS_PL":"","FCLASS_GR":"","FCLASS_IT":"","FCLASS_NL":"","FCLASS_SE":"","FCLASS_BD":"","FCLASS_UA":"","FCLASS_TLC":""}},{"type":"Feature","geometry":{"type":"Polygon","coordinates":[[[37.62626183381656,58.490228582782834],[37.390927362208004,57.82799510449047],[37.79431359219848,57.44259227211563],[38.30642703557919,57.276349188863946],[38.25650760324328,56.770230210755585],[38.3741231626538,56.69659129525206],[39.27163943930867,56.53830638293317],[39.41716027202892,56.77209056272926],[39.52020307760995,57.02685537457586],[40.44521121642447,57.276349188863946],[40.62638878781229,57.94039134408524],[41.16392703580402,58.36088247344736],[40.92600874180994,58.579112047482965],[40.16078413298135,58.55859650342586],[39.61952518104226,58.89454499055881],[38.91589887942973,58.74437327700508],[38.04763146322142,58.73574331340319],[37.62626183381656,58.490228582782834]]]},"properties":{"featurecla":"Admin-1 scale rank","scalerank":2,"adm1_code":"RUS-2360","diss_me":2360,"iso_3166_2":"RU-YAR","wikipedia":"","iso_a2":"RU","adm0_sr":1,"name":"Yaroslavl'","name_alt":"Yaroslavskaya Oblast","name_local":"Ярославская область","type":"Oblast","type_en":"Region","code_local":"","code_hasc":"RU.YS","note":"","hasc_maybe":"","region":"Central","region_cod":"","provnum_ne":20089,"gadm_level":1,"check_me":20,"datarank":2,"abbrev":"","postal":"YS","area_sqkm":0,"sameascity":6,"labelrank":6,"name_len":10,"mapcolor9":7,"mapcolor13":7,"fips":"RS88","fips_alt":"","woe_id":2346936,"woe_label":"Yaroslavskaya Oblast, RU, Russia","woe_name":"Yaroslavl'","latitude":57.7329,"longitude":39.2547,"sov_a3":"RUS","adm0_a3":"RUS","adm0_label":2,"admin":"Russia","geonunit":"Russia","gu_a3":"RUS","gn_id":468898,"gn_name":"Yaroslavskaya Oblast'","gns_id":-3039271,"gns_name":"Yaroslavskaya Oblast'","gn_level":1,"gn_region":"","gn_a1_code":"RU.88","region_sub":"Central","sub_code":"","gns_level":1,"gns_lang":"fas","gns_adm1":"RS88","gns_region":"","min_label":5,"max_label":10.2,"min_zoom":4.7,"wikidataid":"Q2448","name_ar":"ياروسلافل أوبلاست","name_bn":"ইয়রোস্লাভ্ল ওব্লাস্ট","name_de":"Jaroslawl","name_en":"Yaroslavl","name_es":"Yaroslavl","name_fr":"d'Iaroslavl","name_el":"Όμπλαστ του Γιαροσλάβλ","name_hi":"यरोस्लावी ओब्लास्ट","name_hu":"Jaroszlavli terület","name_id":"Yaroslavl","name_it":"Jaroslavl'","name_ja":"ヤロスラヴリ州","name_ko":"야로슬라블","name_nl":"Jaroslavl","name_pl":"jarosławski","name_pt":"Iaroslavl","name_ru":"Ярославская область","name_sv":"Jaroslavl","name_tr":"Yaroslavl Oblastı","name_vi":"Yaroslavl","name_zh":"雅罗斯拉夫尔州","ne_id":1159313133,"name_he":"ירוסלבל","name_uk":"Ярославська область","name_ur":"یاروسلاول اوبلاست","name_fa":"استان یاروسلاول","name_zht":"雅羅斯拉夫爾州","FCLASS_ISO":"","FCLASS_US":"","FCLASS_FR":"","FCLASS_RU":"","FCLASS_ES":"","FCLASS_CN":"","FCLASS_TW":"","FCLASS_IN":"","FCLASS_NP":"","FCLASS_PK":"","FCLASS_DE":"","FCLASS_GB":"","FCLASS_BR":"","FCLASS_IL":"","FCLASS_PS":"","FCLASS_SA":"","FCLASS_EG":"","FCLASS_MA":"","FCLASS_PT":"","FCLASS_AR":"","FCLASS_JP":"","FCLASS_KO":"","FCLASS_VN":"","FCLASS_TR":"","FCLASS_ID":"","FCLASS_PL":"","FCLASS_GR":"","FCLASS_IT":"","FCLASS_NL":"","FCLASS_SE":"","FCLASS_BD":"","FCLASS_UA":"","FCLASS_TLC":""}},{"type":"Feature","geometry":{"type":"Polygon","coordinates":[[[37.25904910733044,54.83582632142759],[37.12003891836139,54.99082417569514],[36.9043420753265,55.22913564699246],[35.369655388885064,55.2387991402681],[34.817337680589446,54.70937409104147],[34.326101514673155,54.42959788753245],[33.7287219577521,54.561682847985026],[33.501242303389574,54.01579885543282],[34.19918419809227,53.89159454974862],[34.672643670169236,53.39007477473103],[35.103521763218794,53.3107772889407],[36.00961632663217,53.618277900404735],[36.2371993337822,54.22909332869415],[36.714482862594025,54.31714997019492],[37.25904910733044,54.83582632142759]]]},"properties":{"featurecla":"Admin-1 scale rank","scalerank":2,"adm1_code":"RUS-2361","diss_me":2361,"iso_3166_2":"RU-KLU","wikipedia":"","iso_a2":"RU","adm0_sr":1,"name":"Kaluga","name_alt":"Kaluzhskaya Oblast","name_local":"Калужская область","type":"Oblast","type_en":"Region","code_local":"","code_hasc":"RU.KG","note":"","hasc_maybe":"","region":"Central","region_cod":"","provnum_ne":20091,"gadm_level":1,"check_me":20,"datarank":2,"abbrev":"","postal":"KG","area_sqkm":0,"sameascity":7,"labelrank":7,"name_len":6,"mapcolor9":7,"mapcolor13":7,"fips":"RS25","fips_alt":"","woe_id":2346899,"woe_label":"Kaluzhskaya Oblast, RU, Russia","woe_name":"Kaluga","latitude":54.2421,"longitude":35.3416,"sov_a3":"RUS","adm0_a3":"RUS","adm0_label":2,"admin":"Russia","geonunit":"Russia","gu_a3":"RUS","gn_id":553899,"gn_name":"Kaluzhskaya Oblast'","gns_id":-2919307,"gns_name":"Kaluzhskaya Oblast'","gn_level":1,"gn_region":"","gn_a1_code":"RU.25","region_sub":"Central","sub_code":"","gns_level":1,"gns_lang":"rus","gns_adm1":"RS25","gns_region":"","min_label":5,"max_label":10.2,"min_zoom":4.7,"wikidataid":"Q2842","name_ar":"كالوغا أوبلاست","name_bn":"কালুগা ওব্লাস্ট","name_de":"Kaluga","name_en":"Kaluga","name_es":"Kaluga","name_fr":"Kalouga","name_el":"Όμπλαστ της Καλούγκα","name_hi":"कलुगा ओब्लास्ट","name_hu":"Kalugai terület","name_id":"Kaluga","name_it":"Kaluga","name_ja":"カルーガ州","name_ko":"칼루가","name_nl":"Kaloega","name_pl":"kałuski","name_pt":"Kaluga","name_ru":"Калужская область","name_sv":"Kaluga","name_tr":"Kaluga Oblastı","name_vi":"Kaluga","name_zh":"卡卢加州","ne_id":1159313135,"name_he":"מחוז קלוגה","name_uk":"Калузька область","name_ur":"کالوگا اوبلاست","name_fa":"استان کالوگا","name_zht":"卡卢加州","FCLASS_ISO":"","FCLASS_US":"","FCLASS_FR":"","FCLASS_RU":"","FCLASS_ES":"","FCLASS_CN":"","FCLASS_TW":"","FCLASS_IN":"","FCLASS_NP":"","FCLASS_PK":"","FCLASS_DE":"","FCLASS_GB":"","FCLASS_BR":"","FCLASS_IL":"","FCLASS_PS":"","FCLASS_SA":"","FCLASS_EG":"","FCLASS_MA":"","FCLASS_PT":"","FCLASS_AR":"","FCLASS_JP":"","FCLASS_KO":"","FCLASS_VN":"","FCLASS_TR":"","FCLASS_ID":"","FCLASS_PL":"","FCLASS_GR":"","FCLASS_IT":"","FCLASS_NL":"","FCLASS_SE":"","FCLASS_BD":"","FCLASS_UA":"","FCLASS_TLC":""}},{"type":"Feature","geometry":{"type":"Polygon","coordinates":[[[35.31334287358878,50.95921627201768],[35.976336703875745,51.15752370885207],[36.617537875972175,51.07975067825117],[37.144224074081706,51.34291290970299],[37.8286267428299,51.42047923382955],[38.2915442242865,51.29245087320919],[38.29877892390817,51.9610147162561],[37.747081333236906,52.01690277814066],[37.35351362525358,51.93615835242599],[36.356985305327555,52.365796210226904],[35.89262088394662,52.274483954570826],[34.89681603443245,52.35323883710265],[34.39782840346746,51.780405585326875],[34.28067793146178,51.31167450622344],[35.06409264500658,51.20343821878812],[35.31334287358878,50.95921627201768]]]},"properties":{"featurecla":"Admin-1 scale rank","scalerank":2,"adm1_code":"RUS-2362","diss_me":2362,"iso_3166_2":"RU-KRS","wikipedia":"","iso_a2":"RU","adm0_sr":1,"name":"Kursk","name_alt":"Kurskaya Oblast","name_local":"Курская область","type":"Oblast","type_en":"Region","code_local":"","code_hasc":"RU.KS","note":"","hasc_maybe":"","region":"Central","region_cod":"","provnum_ne":20044,"gadm_level":1,"check_me":20,"datarank":2,"abbrev":"","postal":"KS","area_sqkm":0,"sameascity":7,"labelrank":7,"name_len":5,"mapcolor9":7,"mapcolor13":7,"fips":"RS41","fips_alt":"","woe_id":2346905,"woe_label":"Kurskaya Oblast, RU, Russia","woe_name":"Kursk","latitude":51.7358,"longitude":36.2921,"sov_a3":"RUS","adm0_a3":"RUS","adm0_label":2,"admin":"Russia","geonunit":"Russia","gu_a3":"RUS","gn_id":538555,"gn_name":"Kurskaya Oblast'","gns_id":-2941655,"gns_name":"Kurskaya Oblast'","gn_level":1,"gn_region":"","gn_a1_code":"RU.41","region_sub":"Central Black Earth","sub_code":"","gns_level":1,"gns_lang":"rus","gns_adm1":"RS41","gns_region":"","min_label":5,"max_label":10.2,"min_zoom":4.7,"wikidataid":"Q3178","name_ar":"كورسك أوبلاست","name_bn":"কুরস্ক ওব্লাস্ট","name_de":"Kursk","name_en":"Kursk","name_es":"Kursk","name_fr":"Koursk","name_el":"Όμπλαστ του Κουρσκ","name_hi":"कुर्सक ओब्लास्ट","name_hu":"Kurszki terület","name_id":"Kursk","name_it":"Kursk","name_ja":"クルスク州","name_ko":"쿠르스크","name_nl":"Koersk","name_pl":"kurski","name_pt":"Kursk","name_ru":"Курская область","name_sv":"Kursk","name_tr":"Kursk Oblastı","name_vi":"Kursk","name_zh":"库尔斯克州","ne_id":1159313159,"name_he":"מחוז קורסק","name_uk":"Курська область","name_ur":"کورسک اوبلاست","name_fa":"استان کورسک","name_zht":"库尔斯克州","FCLASS_ISO":"","FCLASS_US":"","FCLASS_FR":"","FCLASS_RU":"","FCLASS_ES":"","FCLASS_CN":"","FCLASS_TW":"","FCLASS_IN":"","FCLASS_NP":"","FCLASS_PK":"","FCLASS_DE":"","FCLASS_GB":"","FCLASS_BR":"","FCLASS_IL":"","FCLASS_PS":"","FCLASS_SA":"","FCLASS_EG":"","FCLASS_MA":"","FCLASS_PT":"","FCLASS_AR":"","FCLASS_JP":"","FCLASS_KO":"","FCLASS_VN":"","FCLASS_TR":"","FCLASS_ID":"","FCLASS_PL":"","FCLASS_GR":"","FCLASS_IT":"","FCLASS_NL":"","FCLASS_SE":"","FCLASS_BD":"","FCLASS_UA":"","FCLASS_TLC":""}},{"type":"Feature","geometry":{"type":"Polygon","coordinates":[[[38.89543501221601,53.56520620400306],[38.30663374205352,52.974079494772866],[37.84102908722258,53.008547675035175],[37.747081333236906,52.01690277814066],[38.29877892390817,51.9610147162561],[38.69761762855069,52.09775055574352],[39.49663862497255,51.972693590236986],[40.50381229010509,51.95352163421603],[40.696875441048746,52.269626369960974],[39.953148228208136,52.654357407868076],[40.160164015357,53.34217072220105],[39.74024132677579,53.58825389270294],[39.16177534435661,53.394570624134985],[38.89543501221601,53.56520620400306]]]},"properties":{"featurecla":"Admin-1 scale rank","scalerank":2,"adm1_code":"RUS-2363","diss_me":2363,"iso_3166_2":"RU-LIP","wikipedia":"","iso_a2":"RU","adm0_sr":1,"name":"Lipetsk","name_alt":"Lipetskaya Oblast","name_local":"Липецкая область","type":"Oblast","type_en":"Region","code_local":"","code_hasc":"RU.LP","note":"","hasc_maybe":"","region":"Central","region_cod":"","provnum_ne":7,"gadm_level":1,"check_me":20,"datarank":2,"abbrev":"","postal":"LP","area_sqkm":0,"sameascity":7,"labelrank":7,"name_len":7,"mapcolor9":7,"mapcolor13":7,"fips":"RS43","fips_alt":"","woe_id":2346908,"woe_label":"Lipetskaya Oblast, RU, Russia","woe_name":"Lipetsk","latitude":52.7462,"longitude":39.2073,"sov_a3":"RUS","adm0_a3":"RUS","adm0_label":2,"admin":"Russia","geonunit":"Russia","gu_a3":"RUS","gn_id":535120,"gn_name":"Lipetskaya Oblast'","gns_id":-2946569,"gns_name":"Lipetskaya Oblast'","gn_level":1,"gn_region":"","gn_a1_code":"RU.43","region_sub":"Central Black Earth","sub_code":"","gns_level":1,"gns_lang":"rus","gns_adm1":"RS43","gns_region":"","min_label":5,"max_label":10.2,"min_zoom":4.7,"wikidataid":"Q3510","name_ar":"ليبيتسك أوبلاست","name_bn":"লিপেটস্ক ওব্লাস্ট","name_de":"Lipezk","name_en":"Lipetsk","name_es":"Lípetsk","name_fr":"Lipetsk","name_el":"Όμπλαστ του Λίπετσκ","name_hi":"लिपेट्सक ओब्लास्ट","name_hu":"Lipecki terület","name_id":"Lipetsk","name_it":"Lipeck","name_ja":"リペツク州","name_ko":"리페츠크","name_nl":"Lipetsk","name_pl":"lipiecki","name_pt":"Lipetsk","name_ru":"Липецкая область","name_sv":"Lipetsk","name_tr":"Lipetsk Oblastı","name_vi":"Lipetsk","name_zh":"利佩茨克州","ne_id":1159313161,"name_he":"מחוז ליפצק","name_uk":"Липецька область","name_ur":"لیپٹسک اوبلاست","name_fa":"استان لیپتسک","name_zht":"利佩茨克州","FCLASS_ISO":"","FCLASS_US":"","FCLASS_FR":"","FCLASS_RU":"","FCLASS_ES":"","FCLASS_CN":"","FCLASS_TW":"","FCLASS_IN":"","FCLASS_NP":"","FCLASS_PK":"","FCLASS_DE":"","FCLASS_GB":"","FCLASS_BR":"","FCLASS_IL":"","FCLASS_PS":"","FCLASS_SA":"","FCLASS_EG":"","FCLASS_MA":"","FCLASS_PT":"","FCLASS_AR":"","FCLASS_JP":"","FCLASS_KO":"","FCLASS_VN":"","FCLASS_TR":"","FCLASS_ID":"","FCLASS_PL":"","FCLASS_GR":"","FCLASS_IT":"","FCLASS_NL":"","FCLASS_SE":"","FCLASS_BD":"","FCLASS_UA":"","FCLASS_TLC":""}},{"type":"Feature","geometry":{"type":"Polygon","coordinates":[[[36.9043420753265,55.22913564699246],[37.431105591749656,55.8777231048374],[37.80050661788607,55.8376533047562],[37.42475346609956,55.18424411467413],[37.12003891836139,54.99082417569514],[37.25904910733044,54.83582632142759],[37.938594190569404,54.83226064711113],[38.67508670378834,54.24467377377562],[38.8204008318329,54.601938787944675],[39.21572553900239,54.63216950122148],[40.20646609923108,55.30933747034794],[39.82313032440493,55.83281972934702],[39.35814578629896,55.7610411649178],[38.605633579326195,55.95885854858312],[38.3741231626538,56.69659129525206],[38.25650760324328,56.770230210755585],[37.65644087114924,56.943501288053994],[36.09612267362246,56.346793524701354],[35.64509077262102,56.4741242542309],[35.17411176924276,55.948264879320675],[35.369655388885064,55.2387991402681],[36.9043420753265,55.22913564699246]]]},"properties":{"featurecla":"Admin-1 scale rank","scalerank":2,"adm1_code":"RUS-2364","diss_me":2364,"iso_3166_2":"RU-MOW","wikipedia":"","iso_a2":"RU","adm0_sr":1,"name":"Moskovskaya","name_alt":"Moskovskaya Oblast","name_local":"Московская область","type":"Oblast","type_en":"Region","code_local":"","code_hasc":"RU.MS","note":"","hasc_maybe":"","region":"Central","region_cod":"","provnum_ne":20009,"gadm_level":1,"check_me":20,"datarank":2,"abbrev":"","postal":"MS","area_sqkm":0,"sameascity":-99,"labelrank":2,"name_len":12,"mapcolor9":7,"mapcolor13":7,"fips":"","fips_alt":"","woe_id":2346911,"woe_label":"Moskovskaya Oblast, RU, Russia","woe_name":"Moskovsskaya","latitude":55.1508,"longitude":38.671,"sov_a3":"RUS","adm0_a3":"RUS","adm0_label":2,"admin":"Russia","geonunit":"Russia","gu_a3":"RUS","gn_id":524925,"gn_name":"Moskovskaya Oblast'","gns_id":-2960527,"gns_name":"Moskovskaya Oblast'","gn_level":1,"gn_region":"","gn_a1_code":"RU.47","region_sub":"Central","sub_code":"","gns_level":1,"gns_lang":"rus","gns_adm1":"RS47","gns_region":"","min_label":5,"max_label":9,"min_zoom":4.7,"wikidataid":"Q1697","name_ar":"محافظة موسكو","name_bn":"মস্কো ওব্লাস্ট","name_de":"Moskau","name_en":"Moscow","name_es":"Moscú","name_fr":"Moscou","name_el":"Όμπλαστ της Μόσχας","name_hi":"मास्को ओब्लास्ट","name_hu":"Moszkvai terület","name_id":"Moskwa","name_it":"Mosca","name_ja":"モスクワ州","name_ko":"모스크바","name_nl":"Moskou","name_pl":"moskiewski","name_pt":"Moscovo","name_ru":"Московская область","name_sv":"Moskva","name_tr":"Moskova Oblastı","name_vi":"Moskva","name_zh":"莫斯科州","ne_id":1159313163,"name_he":"מחוז מוסקבה","name_uk":"Московська область","name_ur":"ماسکو اوبلاست","name_fa":"استان مسکو","name_zht":"莫斯科州","FCLASS_ISO":"","FCLASS_US":"","FCLASS_FR":"","FCLASS_RU":"","FCLASS_ES":"","FCLASS_CN":"","FCLASS_TW":"","FCLASS_IN":"","FCLASS_NP":"","FCLASS_PK":"","FCLASS_DE":"","FCLASS_GB":"","FCLASS_BR":"","FCLASS_IL":"","FCLASS_PS":"","FCLASS_SA":"","FCLASS_EG":"","FCLASS_MA":"","FCLASS_PT":"","FCLASS_AR":"","FCLASS_JP":"","FCLASS_KO":"","FCLASS_VN":"","FCLASS_TR":"","FCLASS_ID":"","FCLASS_PL":"","FCLASS_GR":"","FCLASS_IT":"","FCLASS_NL":"","FCLASS_SE":"","FCLASS_BD":"","FCLASS_UA":"","FCLASS_TLC":""}},{"type":"Feature","geometry":{"type":"Polygon","coordinates":[[[37.12003891836139,54.99082417569514],[37.42475346609956,55.18424411467413],[37.80050661788607,55.8376533047562],[37.431105591749656,55.8777231048374],[36.9043420753265,55.22913564699246],[37.12003891836139,54.99082417569514]]]},"properties":{"featurecla":"Admin-1 scale rank","scalerank":2,"adm1_code":"RUS-2365","diss_me":2365,"iso_3166_2":"RU-MOS","wikipedia":"","iso_a2":"RU","adm0_sr":1,"name":"Moskva","name_alt":"Mosca|Moscou|Moscow|Mosc£|Moskau|Moskova|Moskovskaya","name_local":"Московская область","type":"Gorod Federalnogo Znacheniya","type_en":"Federal City","code_local":"","code_hasc":"RU.MS","note":"","hasc_maybe":"","region":"Central","region_cod":"","provnum_ne":20010,"gadm_level":1,"check_me":20,"datarank":2,"abbrev":"","postal":"MS","area_sqkm":0,"sameascity":9,"labelrank":9,"name_len":6,"mapcolor9":7,"mapcolor13":7,"fips":"RS47","fips_alt":"RS48","woe_id":2346910,"woe_label":"Moskva, RU, Russia","woe_name":"Moskva","latitude":55.7177,"longitude":37.6188,"sov_a3":"RUS","adm0_a3":"RUS","adm0_label":2,"admin":"Russia","geonunit":"Russia","gu_a3":"RUS","gn_id":524894,"gn_name":"Moskva","gns_id":-2960570,"gns_name":"Moskva, Gorod","gn_level":1,"gn_region":"","gn_a1_code":"RU.48","region_sub":"Central","sub_code":"","gns_level":1,"gns_lang":"rus","gns_adm1":"RS48","gns_region":"","min_label":5,"max_label":9,"min_zoom":4.7,"wikidataid":"Q649","name_ar":"موسكو","name_bn":"মস্কো","name_de":"Moskau","name_en":"Moscow","name_es":"Moscú","name_fr":"Moscou","name_el":"Μόσχα","name_hi":"मास्को","name_hu":"Moszkva","name_id":"Moskwa","name_it":"Mosca","name_ja":"モスクワ","name_ko":"모스크바","name_nl":"Moskou","name_pl":"Moskwa","name_pt":"Moscovo","name_ru":"Москва","name_sv":"Moskva","name_tr":"Moskova","name_vi":"Moskva","name_zh":"莫斯科","ne_id":1159313165,"name_he":"מוסקבה","name_uk":"Москва","name_ur":"ماسکو","name_fa":"مسکو","name_zht":"莫斯科","FCLASS_ISO":"","FCLASS_US":"","FCLASS_FR":"","FCLASS_RU":"","FCLASS_ES":"","FCLASS_CN":"","FCLASS_TW":"","FCLASS_IN":"","FCLASS_NP":"","FCLASS_PK":"","FCLASS_DE":"","FCLASS_GB":"","FCLASS_BR":"","FCLASS_IL":"","FCLASS_PS":"","FCLASS_SA":"","FCLASS_EG":"","FCLASS_MA":"","FCLASS_PT":"","FCLASS_AR":"","FCLASS_JP":"","FCLASS_KO":"","FCLASS_VN":"","FCLASS_TR":"","FCLASS_ID":"","FCLASS_PL":"","FCLASS_GR":"","FCLASS_IT":"","FCLASS_NL":"","FCLASS_SE":"","FCLASS_BD":"","FCLASS_UA":"","FCLASS_TLC":""}},{"type":"Feature","geometry":{"type":"Polygon","coordinates":[[[37.84102908722258,53.008547675035175],[36.80729373591714,53.296617947160485],[36.00961632663217,53.618277900404735],[35.103521763218794,53.3107772889407],[35.156541781877706,52.96948029258141],[34.89681603443245,52.35323883710265],[35.89262088394662,52.274483954570826],[36.356985305327555,52.365796210226904],[37.35351362525358,51.93615835242599],[37.747081333236906,52.01690277814066],[37.84102908722258,53.008547675035175]]]},"properties":{"featurecla":"Admin-1 scale rank","scalerank":2,"adm1_code":"RUS-2366","diss_me":2366,"iso_3166_2":"RU-ORL","wikipedia":"","iso_a2":"RU","adm0_sr":1,"name":"Orel","name_alt":"Orlovskaya|Or'ol|Oryol|Orlovskaya Oblast","name_local":"Орловская область","type":"Oblast","type_en":"Region","code_local":"","code_hasc":"RU.OL","note":"","hasc_maybe":"","region":"Central","region_cod":"","provnum_ne":20093,"gadm_level":1,"check_me":20,"datarank":2,"abbrev":"","postal":"OL","area_sqkm":0,"sameascity":7,"labelrank":7,"name_len":4,"mapcolor9":7,"mapcolor13":7,"fips":"RS56","fips_alt":"","woe_id":2346917,"woe_label":"Orlovskaya Oblast, RU, Russia","woe_name":"Orel","latitude":52.8778,"longitude":36.4166,"sov_a3":"RUS","adm0_a3":"RUS","adm0_label":2,"admin":"Russia","geonunit":"Russia","gu_a3":"RUS","gn_id":514801,"gn_name":"Orlovskaya Oblast'","gns_id":-2975241,"gns_name":"Orlovskaya Oblast'","gn_level":1,"gn_region":"","gn_a1_code":"RU.56","region_sub":"Central","sub_code":"","gns_level":1,"gns_lang":"fas","gns_adm1":"RS56","gns_region":"","min_label":5,"max_label":10.2,"min_zoom":4.7,"wikidataid":"Q3129","name_ar":"أوريول أوبلاست","name_bn":"ওরিওল ওব্লাস্ট","name_de":"Orjol","name_en":"Oryol","name_es":"Oriol","name_fr":"d'Orel","name_el":"Όμπλαστ του Οριόλ","name_hi":"ओर्योल ओब्लास्ट","name_hu":"Orjoli terület","name_id":"Oryol","name_it":"Orël","name_ja":"オリョール州","name_ko":"오룔","name_nl":"Orjol","name_pl":"orłowski","name_pt":"Oriol","name_ru":"Орловская область","name_sv":"Orjol","name_tr":"Oryol Oblastı","name_vi":"Oryol","name_zh":"奥廖尔州","ne_id":1159313167,"name_he":"מחוז אוריול","name_uk":"Орловська область","name_ur":"اوریول اوبلاست","name_fa":"استان اریول","name_zht":"奥廖尔州","FCLASS_ISO":"","FCLASS_US":"","FCLASS_FR":"","FCLASS_RU":"","FCLASS_ES":"","FCLASS_CN":"","FCLASS_TW":"","FCLASS_IN":"","FCLASS_NP":"","FCLASS_PK":"","FCLASS_DE":"","FCLASS_GB":"","FCLASS_BR":"","FCLASS_IL":"","FCLASS_PS":"","FCLASS_SA":"","FCLASS_EG":"","FCLASS_MA":"","FCLASS_PT":"","FCLASS_AR":"","FCLASS_JP":"","FCLASS_KO":"","FCLASS_VN":"","FCLASS_TR":"","FCLASS_ID":"","FCLASS_PL":"","FCLASS_GR":"","FCLASS_IT":"","FCLASS_NL":"","FCLASS_SE":"","FCLASS_BD":"","FCLASS_UA":"","FCLASS_TLC":""}},{"type":"Feature","geometry":{"type":"Polygon","coordinates":[[[38.89543501221601,53.56520620400306],[38.67508670378834,54.24467377377562],[37.938594190569404,54.83226064711113],[37.25904910733044,54.83582632142759],[36.714482862594025,54.31714997019492],[36.2371993337822,54.22909332869415],[36.00961632663217,53.618277900404735],[36.80729373591714,53.296617947160485],[37.84102908722258,53.008547675035175],[38.30663374205352,52.974079494772866],[38.89543501221601,53.56520620400306]]]},"properties":{"featurecla":"Admin-1 scale rank","scalerank":2,"adm1_code":"RUS-2368","diss_me":2368,"iso_3166_2":"RU-TUL","wikipedia":"","iso_a2":"RU","adm0_sr":1,"name":"Tula","name_alt":"Tul'skaya|Tulskaya Oblast","name_local":"Тульская область","type":"Oblast","type_en":"Region","code_local":"","code_hasc":"RU.TL","note":"","hasc_maybe":"","region":"Central","region_cod":"","provnum_ne":20079,"gadm_level":1,"check_me":20,"datarank":2,"abbrev":"","postal":"TL","area_sqkm":0,"sameascity":7,"labelrank":7,"name_len":4,"mapcolor9":7,"mapcolor13":7,"fips":"RS76","fips_alt":"","woe_id":2346929,"woe_label":"Tulrskaya Oblast, RU, Russia","woe_name":"Tula","latitude":54.0668,"longitude":37.4161,"sov_a3":"RUS","adm0_a3":"RUS","adm0_label":2,"admin":"Russia","geonunit":"Russia","gu_a3":"RUS","gn_id":480508,"gn_name":"Tul'skaya Oblast'","gns_id":-3022183,"gns_name":"Tul'skaya Oblast'","gn_level":1,"gn_region":"","gn_a1_code":"RU.76","region_sub":"Central","sub_code":"","gns_level":1,"gns_lang":"fas","gns_adm1":"RS76","gns_region":"","min_label":5,"max_label":10.2,"min_zoom":4.7,"wikidataid":"Q2792","name_ar":"تولا أوبلاست","name_bn":"তুলা ওব্লাস্ট","name_de":"Tula","name_en":"Tula","name_es":"Tula","name_fr":"Toula","name_el":"Όμπλαστ της Τούλα","name_hi":"टूला ओब्लास्ट","name_hu":"Tulai terület","name_id":"Tula","name_it":"Tula","name_ja":"トゥーラ州","name_ko":"툴라","name_nl":"Toela","name_pl":"tulski","name_pt":"Tula","name_ru":"Тульская область","name_sv":"Tula","name_tr":"Tula Oblastı","name_vi":"Tula","name_zh":"图拉州","ne_id":1159313171,"name_he":"טולה","name_uk":"Тульська область","name_ur":"تولا اوبلاست","name_fa":"استان تولا","name_zht":"图拉州","FCLASS_ISO":"","FCLASS_US":"","FCLASS_FR":"","FCLASS_RU":"","FCLASS_ES":"","FCLASS_CN":"","FCLASS_TW":"","FCLASS_IN":"","FCLASS_NP":"","FCLASS_PK":"","FCLASS_DE":"","FCLASS_GB":"","FCLASS_BR":"","FCLASS_IL":"","FCLASS_PS":"","FCLASS_SA":"","FCLASS_EG":"","FCLASS_MA":"","FCLASS_PT":"","FCLASS_AR":"","FCLASS_JP":"","FCLASS_KO":"","FCLASS_VN":"","FCLASS_TR":"","FCLASS_ID":"","FCLASS_PL":"","FCLASS_GR":"","FCLASS_IT":"","FCLASS_NL":"","FCLASS_SE":"","FCLASS_BD":"","FCLASS_UA":"","FCLASS_TLC":""}},{"type":"Feature","geometry":{"type":"Polygon","coordinates":[[[39.17456052063495,49.85589908495568],[39.07237511571901,50.63610850740167],[38.72448937398542,50.7900784374699],[38.2915442242865,51.29245087320919],[37.8286267428299,51.42047923382955],[37.144224074081706,51.34291290970299],[36.617537875972175,51.07975067825117],[35.976336703875745,51.15752370885207],[35.31334287358878,50.95921627201768],[35.411616652169414,50.53968028421515],[36.61944990412738,50.20923533792477],[37.422811720536856,50.41149689391516],[38.04690799332579,49.92000234638715],[38.258574659993315,50.05234568948663],[39.17456052063495,49.85589908495568]]]},"properties":{"featurecla":"Admin-1 scale rank","scalerank":2,"adm1_code":"RUS-2370","diss_me":2370,"iso_3166_2":"RU-BEL","wikipedia":"","iso_a2":"RU","adm0_sr":1,"name":"Belgorod","name_alt":"Belgorodskaya Oblast","name_local":"Белгородская область","type":"Oblast","type_en":"Region","code_local":"","code_hasc":"RU.BL","note":"","hasc_maybe":"","region":"Central","region_cod":"","provnum_ne":20049,"gadm_level":1,"check_me":20,"datarank":2,"abbrev":"","postal":"BL","area_sqkm":0,"sameascity":7,"labelrank":7,"name_len":8,"mapcolor9":7,"mapcolor13":7,"fips":"RS09","fips_alt":"","woe_id":2346891,"woe_label":"Belgorodskaya Oblast, RU, Russia","woe_name":"Belgorod","latitude":50.8757,"longitude":37.277,"sov_a3":"RUS","adm0_a3":"RUS","adm0_label":2,"admin":"Russia","geonunit":"Russia","gu_a3":"RUS","gn_id":578071,"gn_name":"Belgorodskaya Oblast'","gns_id":-2883931,"gns_name":"Belgorodskaya Oblast'","gn_level":1,"gn_region":"","gn_a1_code":"RU.09","region_sub":"Central Black Earth","sub_code":"","gns_level":1,"gns_lang":"rus","gns_adm1":"RS09","gns_region":"","min_label":5,"max_label":10.2,"min_zoom":4.7,"wikidataid":"Q3329","name_ar":"أوبلاست بيلغورود","name_bn":"বেল্গ্রোদ ওব্লাস্ট","name_de":"Belgorod","name_en":"Belgorod","name_es":"Bélgorod","name_fr":"Belgorod","name_el":"Όμπλαστ του Μπέλγκοροντ","name_hi":"बेल्गोरोद ओब्लास्त","name_hu":"Belgorodi terület","name_id":"Belgorod","name_it":"Belgorod","name_ja":"ベルゴロド州","name_ko":"벨고로드","name_nl":"Belgorod","name_pl":"biełgorodzki","name_pt":"Belgorod","name_ru":"Белгородская область","name_sv":"Belgorod","name_tr":"Belgorod Oblastı","name_vi":"Belgorod","name_zh":"别尔哥罗德州","ne_id":1159313177,"name_he":"מחוז בלגורוד","name_uk":"Бєлгородська область","name_ur":"بلگورود اوبلاست","name_fa":"استان بلگورود","name_zht":"别尔哥罗德州","FCLASS_ISO":"","FCLASS_US":"","FCLASS_FR":"","FCLASS_RU":"","FCLASS_ES":"","FCLASS_CN":"","FCLASS_TW":"","FCLASS_IN":"","FCLASS_NP":"","FCLASS_PK":"","FCLASS_DE":"","FCLASS_GB":"","FCLASS_BR":"","FCLASS_IL":"","FCLASS_PS":"","FCLASS_SA":"","FCLASS_EG":"","FCLASS_MA":"","FCLASS_PT":"","FCLASS_AR":"","FCLASS_JP":"","FCLASS_KO":"","FCLASS_VN":"","FCLASS_TR":"","FCLASS_ID":"","FCLASS_PL":"","FCLASS_GR":"","FCLASS_IT":"","FCLASS_NL":"","FCLASS_SE":"","FCLASS_BD":"","FCLASS_UA":"","FCLASS_TLC":""}},{"type":"Feature","geometry":{"type":"Polygon","coordinates":[[[42.466793247210546,54.87130219204249],[42.59598432781445,54.17653839802864],[42.30773318943511,53.84746287711005],[42.93983930813755,53.80108327887018],[43.181581658866435,54.0010969103941],[43.75177941288956,53.96321808544627],[44.09935509626064,53.735635078296184],[44.61653283072553,53.89154287380455],[45.791551547765664,54.00388743835458],[46.54313357875162,54.406343492358246],[46.4413310084193,54.77216095576347],[46.05572146957013,55.042118639063915],[45.71031619563587,55.17676158348024],[44.91718631439687,54.47623586729139],[44.107209914405985,54.64576040312011],[43.36896040200094,54.9496695009467],[43.0976591333623,54.79877431877975],[42.466793247210546,54.87130219204249]]]},"properties":{"featurecla":"Admin-1 scale rank","scalerank":2,"adm1_code":"RUS-2372","diss_me":2372,"iso_3166_2":"RU-MO","wikipedia":"","iso_a2":"RU","adm0_sr":1,"name":"Mordovia","name_alt":"Mordov|Mordvian Autonomous Republic|Mordvinia|Republic of Mordovia|Mordovian A.S.S.R.","name_local":"Республика Мордовия","type":"Respublika","type_en":"Republic","code_local":"","code_hasc":"RU.MR","note":"","hasc_maybe":"","region":"Volga","region_cod":"","provnum_ne":20092,"gadm_level":1,"check_me":20,"datarank":2,"abbrev":"","postal":"MR","area_sqkm":0,"sameascity":-99,"labelrank":2,"name_len":8,"mapcolor9":7,"mapcolor13":7,"fips":"RS46","fips_alt":"","woe_id":2346876,"woe_label":"Mordoviya, RU, Russia","woe_name":"Mordovia","latitude":54.1154,"longitude":44.4631,"sov_a3":"RUS","adm0_a3":"RUS","adm0_label":2,"admin":"Russia","geonunit":"Russia","gu_a3":"RUS","gn_id":525369,"gn_name":"Respublika Mordoviya","gns_id":-2959959,"gns_name":"Mordoviya, Respublika","gn_level":1,"gn_region":"","gn_a1_code":"RU.46","region_sub":"Volga-Vyatka","sub_code":"","gns_level":1,"gns_lang":"rus","gns_adm1":"RS46","gns_region":"","min_label":5,"max_label":10.2,"min_zoom":4.7,"wikidataid":"Q5340","name_ar":"موردوفيا","name_bn":"মরডোভিয়া প্রজাতন্ত্র","name_de":"Mordwinien","name_en":"Republic of Mordovia","name_es":"Mordovia","name_fr":"Mordovie","name_el":"Δημοκρατία της Μορδοβίας","name_hi":"मॉर्डोविया गणराज्य","name_hu":"Mordvinföld","name_id":"Mordovia","name_it":"Mordovia","name_ja":"モルドヴィア共和国","name_ko":"모르도바 공화국","name_nl":"Mordovië","name_pl":"Mordowia","name_pt":"Mordóvia","name_ru":"Мордовия","name_sv":"Mordvinien","name_tr":"Mordovya","name_vi":"Mordovia","name_zh":"莫尔多瓦共和国","ne_id":1159313181,"name_he":"מורדוביה","name_uk":"Мордовія","name_ur":"موردوویا","name_fa":"موردوویا","name_zht":"莫尔多瓦共和国","FCLASS_ISO":"","FCLASS_US":"","FCLASS_FR":"","FCLASS_RU":"","FCLASS_ES":"","FCLASS_CN":"","FCLASS_TW":"","FCLASS_IN":"","FCLASS_NP":"","FCLASS_PK":"","FCLASS_DE":"","FCLASS_GB":"","FCLASS_BR":"","FCLASS_IL":"","FCLASS_PS":"","FCLASS_SA":"","FCLASS_EG":"","FCLASS_MA":"","FCLASS_PT":"","FCLASS_AR":"","FCLASS_JP":"","FCLASS_KO":"","FCLASS_VN":"","FCLASS_TR":"","FCLASS_ID":"","FCLASS_PL":"","FCLASS_GR":"","FCLASS_IT":"","FCLASS_NL":"","FCLASS_SE":"","FCLASS_BD":"","FCLASS_UA":"","FCLASS_TLC":""}},{"type":"Feature","geometry":{"type":"Polygon","coordinates":[[[45.791551547765664,54.00388743835458],[44.61653283072553,53.89154287380455],[44.09935509626064,53.735635078296184],[43.75177941288956,53.96321808544627],[43.181581658866435,54.0010969103941],[42.93983930813755,53.80108327887018],[42.30773318943511,53.84746287711005],[42.13441043529332,53.812167874547754],[42.093896112015955,53.539833076235425],[43.23656538318585,52.66123037408249],[43.07957238116046,52.40274485918786],[44.34667850111191,52.31613515941007],[44.50026085755252,52.52121308021947],[45.43147016811372,52.400496935385206],[46.28878217985368,52.671875719289005],[46.83066124941712,52.61627187824456],[46.9059021335766,53.33532359530767],[45.95722619023644,54.00538605422298],[45.791551547765664,54.00388743835458]]]},"properties":{"featurecla":"Admin-1 scale rank","scalerank":2,"adm1_code":"RUS-2373","diss_me":2373,"iso_3166_2":"RU-PNZ","wikipedia":"","iso_a2":"RU","adm0_sr":1,"name":"Penza","name_alt":"Penzenskaya Oblast","name_local":"Пензенская область","type":"Oblast","type_en":"Region","code_local":"","code_hasc":"RU.PZ","note":"","hasc_maybe":"","region":"Volga","region_cod":"","provnum_ne":20096,"gadm_level":1,"check_me":20,"datarank":2,"abbrev":"","postal":"PZ","area_sqkm":0,"sameascity":7,"labelrank":7,"name_len":5,"mapcolor9":7,"mapcolor13":7,"fips":"RS57","fips_alt":"","woe_id":2346918,"woe_label":"Penzenskaya Oblast, RU, Russia","woe_name":"Penza","latitude":53.0562,"longitude":44.8159,"sov_a3":"RUS","adm0_a3":"RUS","adm0_label":2,"admin":"Russia","geonunit":"Russia","gu_a3":"RUS","gn_id":511555,"gn_name":"Penzenskaya Oblast'","gns_id":-2979697,"gns_name":"Penzenskaya Oblast'","gn_level":1,"gn_region":"","gn_a1_code":"RU.57","region_sub":"Volga","sub_code":"","gns_level":1,"gns_lang":"fas","gns_adm1":"RS57","gns_region":"","min_label":5,"max_label":10.2,"min_zoom":4.7,"wikidataid":"Q5545","name_ar":"بانزا أوبلاست","name_bn":"পেঞ্জা ওব্লাস্ট","name_de":"Pensa","name_en":"Penza","name_es":"Penza","name_fr":"Penza","name_el":"Όμπλαστ της Πένζα","name_hi":"पेन्ज़ा ओब्लास्ट","name_hu":"Penzai terület","name_id":"Penza","name_it":"Penza","name_ja":"ペンザ州","name_ko":"펜자","name_nl":"Penza","name_pl":"penzeński","name_pt":"Penza","name_ru":"Пензенская область","name_sv":"Penza","name_tr":"Penza Oblastı","name_vi":"Penza","name_zh":"奔萨州","ne_id":1159313183,"name_he":"מחוז פנזה","name_uk":"Пензенська область","name_ur":"پینزا اوبلاست","name_fa":"استان پنزا","name_zht":"奔萨州","FCLASS_ISO":"","FCLASS_US":"","FCLASS_FR":"","FCLASS_RU":"","FCLASS_ES":"","FCLASS_CN":"","FCLASS_TW":"","FCLASS_IN":"","FCLASS_NP":"","FCLASS_PK":"","FCLASS_DE":"","FCLASS_GB":"","FCLASS_BR":"","FCLASS_IL":"","FCLASS_PS":"","FCLASS_SA":"","FCLASS_EG":"","FCLASS_MA":"","FCLASS_PT":"","FCLASS_AR":"","FCLASS_JP":"","FCLASS_KO":"","FCLASS_VN":"","FCLASS_TR":"","FCLASS_ID":"","FCLASS_PL":"","FCLASS_GR":"","FCLASS_IT":"","FCLASS_NL":"","FCLASS_SE":"","FCLASS_BD":"","FCLASS_UA":"","FCLASS_TLC":""}},{"type":"Feature","geometry":{"type":"Polygon","coordinates":[[[40.160164015357,53.34217072220105],[40.73842329310048,53.55998688418731],[41.174365676334844,53.43374136027552],[41.400088332410576,53.78317739472095],[42.13441043529332,53.812167874547754],[42.30773318943511,53.84746287711005],[42.59598432781445,54.17653839802864],[42.466793247210546,54.87130219204249],[41.783217400762396,55.11911652330889],[40.20646609923108,55.30933747034794],[39.21572553900239,54.63216950122148],[38.8204008318329,54.601938787944675],[38.67508670378834,54.24467377377562],[38.89543501221601,53.56520620400306],[39.16177534435661,53.394570624134985],[39.74024132677579,53.58825389270294],[40.160164015357,53.34217072220105]]]},"properties":{"featurecla":"Admin-1 scale rank","scalerank":2,"adm1_code":"RUS-2374","diss_me":2374,"iso_3166_2":"RU-RYA","wikipedia":"","iso_a2":"RU","adm0_sr":1,"name":"Ryazan'","name_alt":"Ryazanskaya Oblast|Ryazanskaya Oblast","name_local":"Рязанская область","type":"Oblast","type_en":"Region","code_local":"","code_hasc":"RU.RZ","note":"","hasc_maybe":"","region":"Central","region_cod":"","provnum_ne":20087,"gadm_level":1,"check_me":20,"datarank":2,"abbrev":"","postal":"RZ","area_sqkm":0,"sameascity":6,"labelrank":6,"name_len":7,"mapcolor9":7,"mapcolor13":7,"fips":"RS62","fips_alt":"","woe_id":2346922,"woe_label":"Ryazanskaya Oblast, RU, Russia","woe_name":"Ryazan'","latitude":54.3363,"longitude":40.6258,"sov_a3":"RUS","adm0_a3":"RUS","adm0_label":2,"admin":"Russia","geonunit":"Russia","gu_a3":"RUS","gn_id":500059,"gn_name":"Ryazanskaya Oblast'","gns_id":-2994575,"gns_name":"Ryazanskaya Oblast'","gn_level":1,"gn_region":"","gn_a1_code":"RU.62","region_sub":"Central","sub_code":"","gns_level":1,"gns_lang":"fas","gns_adm1":"RS62","gns_region":"","min_label":5,"max_label":10.2,"min_zoom":4.7,"wikidataid":"Q2753","name_ar":"ريازان أوبلاست","name_bn":"রেয়াজান ওব্লাস্ট","name_de":"Rjasan","name_en":"Ryazan","name_es":"Riazán","name_fr":"Riazan","name_el":"Όμπλαστ του Ριαζάν","name_hi":"रियाज़ान ओब्लास्ट","name_hu":"Rjazanyi terület","name_id":"Ryazan","name_it":"Rjazan'","name_ja":"リャザン州","name_ko":"랴잔","name_nl":"Rjazan","name_pl":"riazański","name_pt":"Riazan","name_ru":"Рязанская область","name_sv":"Rjazan","name_tr":"Ryazan Oblastı","name_vi":"Ryazan","name_zh":"梁赞州","ne_id":1159313185,"name_he":"מחוז ריאזאן","name_uk":"Рязанська область","name_ur":"ریازان اوبلاست","name_fa":"استان ریازان","name_zht":"梁赞州","FCLASS_ISO":"","FCLASS_US":"","FCLASS_FR":"","FCLASS_RU":"","FCLASS_ES":"","FCLASS_CN":"","FCLASS_TW":"","FCLASS_IN":"","FCLASS_NP":"","FCLASS_PK":"","FCLASS_DE":"","FCLASS_GB":"","FCLASS_BR":"","FCLASS_IL":"","FCLASS_PS":"","FCLASS_SA":"","FCLASS_EG":"","FCLASS_MA":"","FCLASS_PT":"","FCLASS_AR":"","FCLASS_JP":"","FCLASS_KO":"","FCLASS_VN":"","FCLASS_TR":"","FCLASS_ID":"","FCLASS_PL":"","FCLASS_GR":"","FCLASS_IT":"","FCLASS_NL":"","FCLASS_SE":"","FCLASS_BD":"","FCLASS_UA":"","FCLASS_TLC":""}},{"type":"Feature","geometry":{"type":"Polygon","coordinates":[[[42.13441043529332,53.812167874547754],[41.400088332410576,53.78317739472095],[41.174365676334844,53.43374136027552],[40.73842329310048,53.55998688418731],[40.160164015357,53.34217072220105],[39.953148228208136,52.654357407868076],[40.696875441048746,52.269626369960974],[40.50381229010509,51.95352163421603],[42.48922081918545,51.60770294913175],[42.75153038901624,52.17376658805756],[43.07957238116046,52.40274485918786],[43.23656538318585,52.66123037408249],[42.093896112015955,53.539833076235425],[42.13441043529332,53.812167874547754]]]},"properties":{"featurecla":"Admin-1 scale rank","scalerank":2,"adm1_code":"RUS-2375","diss_me":2375,"iso_3166_2":"RU-TAM","wikipedia":"","iso_a2":"RU","adm0_sr":1,"name":"Tambov","name_alt":"Tambovskaya Oblast","name_local":"Тамбовская область","type":"Oblast","type_en":"Region","code_local":"","code_hasc":"RU.TB","note":"","hasc_maybe":"","region":"Central","region_cod":"","provnum_ne":7,"gadm_level":1,"check_me":20,"datarank":2,"abbrev":"","postal":"TB","area_sqkm":0,"sameascity":7,"labelrank":7,"name_len":6,"mapcolor9":7,"mapcolor13":7,"fips":"RS72","fips_alt":"","woe_id":2346927,"woe_label":"Tambovskaya Oblast, RU, Russia","woe_name":"Tambov","latitude":52.7808,"longitude":41.5945,"sov_a3":"RUS","adm0_a3":"RUS","adm0_label":2,"admin":"Russia","geonunit":"Russia","gu_a3":"RUS","gn_id":484638,"gn_name":"Tambovskaya Oblast'","gns_id":-3015840,"gns_name":"Tambovskaya Oblast'","gn_level":1,"gn_region":"","gn_a1_code":"RU.72","region_sub":"Central Black Earth","sub_code":"","gns_level":1,"gns_lang":"fas","gns_adm1":"RS72","gns_region":"","min_label":5,"max_label":10.2,"min_zoom":4.7,"wikidataid":"Q3550","name_ar":"تامبوف أوبلاست","name_bn":"তাম্বোভ ওব্লাস্ট","name_de":"Tambow","name_en":"Tambov","name_es":"Tambov","name_fr":"Tambov","name_el":"Όμπλαστ του Ταμπόφ","name_hi":"तांबोव ओब्लास्ट","name_hu":"Tambovi terület","name_id":"Tambov","name_it":"Tambov","name_ja":"タンボフ州","name_ko":"탐보프","name_nl":"Tambov","name_pl":"tambowski","name_pt":"Tambov","name_ru":"Тамбовская область","name_sv":"Tambov","name_tr":"Tambov Oblastı","name_vi":"Tambov","name_zh":"坦波夫州","ne_id":1159313187,"name_he":"מחוז טמבוב","name_uk":"Тамбовська область","name_ur":"تیمبوف اوبلاست","name_fa":"استان تامبوف","name_zht":"坦波夫州","FCLASS_ISO":"","FCLASS_US":"","FCLASS_FR":"","FCLASS_RU":"","FCLASS_ES":"","FCLASS_CN":"","FCLASS_TW":"","FCLASS_IN":"","FCLASS_NP":"","FCLASS_PK":"","FCLASS_DE":"","FCLASS_GB":"","FCLASS_BR":"","FCLASS_IL":"","FCLASS_PS":"","FCLASS_SA":"","FCLASS_EG":"","FCLASS_MA":"","FCLASS_PT":"","FCLASS_AR":"","FCLASS_JP":"","FCLASS_KO":"","FCLASS_VN":"","FCLASS_TR":"","FCLASS_ID":"","FCLASS_PL":"","FCLASS_GR":"","FCLASS_IT":"","FCLASS_NL":"","FCLASS_SE":"","FCLASS_BD":"","FCLASS_UA":"","FCLASS_TLC":""}},{"type":"Feature","geometry":{"type":"Polygon","coordinates":[[[40.20646609923108,55.30933747034794],[41.783217400762396,55.11911652330889],[42.05565555186223,55.61293650981207],[42.69406619599812,56.002783514747364],[42.58792280499341,56.42022573552924],[41.933905877354334,56.516808986945136],[41.052822707402015,56.47508026774011],[40.71465213398875,56.59845775022495],[40.1559265483715,56.43428172542127],[39.85878706217318,56.77963532251209],[39.41716027202892,56.77209056272926],[39.27163943930867,56.53830638293317],[38.3741231626538,56.69659129525206],[38.605633579326195,55.95885854858312],[39.35814578629896,55.7610411649178],[39.82313032440493,55.83281972934702],[40.20646609923108,55.30933747034794]]]},"properties":{"featurecla":"Admin-1 scale rank","scalerank":2,"adm1_code":"RUS-2376","diss_me":2376,"iso_3166_2":"RU-VLA","wikipedia":"","iso_a2":"RU","adm0_sr":1,"name":"Vladimir","name_alt":"Vladimirskaya","name_local":"Владимирская область","type":"Oblast","type_en":"Region","code_local":"","code_hasc":"RU.VL","note":"","hasc_maybe":"","region":"Central","region_cod":"","provnum_ne":20088,"gadm_level":1,"check_me":20,"datarank":2,"abbrev":"","postal":"VL","area_sqkm":0,"sameascity":7,"labelrank":7,"name_len":8,"mapcolor9":7,"mapcolor13":7,"fips":"RS83","fips_alt":"","woe_id":2346932,"woe_label":"Vladimirskaya Oblast, RU, Russia","woe_name":"Vladimir","latitude":55.8966,"longitude":40.6207,"sov_a3":"RUS","adm0_a3":"RUS","adm0_label":2,"admin":"Russia","geonunit":"Russia","gu_a3":"RUS","gn_id":826294,"gn_name":"Vladimirskaya Oblast'","gns_id":222545,"gns_name":"Vladimirskaya Oblast'","gn_level":1,"gn_region":"","gn_a1_code":"RU.83","region_sub":"Central","sub_code":"","gns_level":1,"gns_lang":"khm","gns_adm1":"RS83","gns_region":"","min_label":5,"max_label":10.2,"min_zoom":4.7,"wikidataid":"Q2702","name_ar":"فلاديمير أوبلاست","name_bn":"ভ্লাদিমির ওব্লাস্ট","name_de":"Wladimir","name_en":"Vladimir","name_es":"Vladímir","name_fr":"Vladimir","name_el":"Όμπλαστ του Βλαντίμιρ","name_hi":"व्लादिमीर ओब्लास्ट","name_hu":"Vlagyimiri terület","name_id":"Vladimir","name_it":"Vladimir","name_ja":"ヴラジーミル州","name_ko":"블라디미르","name_nl":"Vladimir","name_pl":"włodzimierski","name_pt":"Vladimir","name_ru":"Владимирская область","name_sv":"Vladimir","name_tr":"Vladimir Oblastı","name_vi":"Vladimir","name_zh":"弗拉基米尔州","ne_id":1159313189,"name_he":"ולדימיר","name_uk":"Владимирська область","name_ur":"ولادیمیر اوبلاست","name_fa":"استان ولادیمیر","name_zht":"弗拉基米尔州","FCLASS_ISO":"","FCLASS_US":"","FCLASS_FR":"","FCLASS_RU":"","FCLASS_ES":"","FCLASS_CN":"","FCLASS_TW":"","FCLASS_IN":"","FCLASS_NP":"","FCLASS_PK":"","FCLASS_DE":"","FCLASS_GB":"","FCLASS_BR":"","FCLASS_IL":"","FCLASS_PS":"","FCLASS_SA":"","FCLASS_EG":"","FCLASS_MA":"","FCLASS_PT":"","FCLASS_AR":"","FCLASS_JP":"","FCLASS_KO":"","FCLASS_VN":"","FCLASS_TR":"","FCLASS_ID":"","FCLASS_PL":"","FCLASS_GR":"","FCLASS_IT":"","FCLASS_NL":"","FCLASS_SE":"","FCLASS_BD":"","FCLASS_UA":"","FCLASS_TLC":""}},{"type":"Feature","geometry":{"type":"Polygon","coordinates":[[[40.08063398617247,49.57684499775296],[40.88477094902004,49.69030060548852],[41.36205447783186,50.22634023671253],[41.31440880682095,50.724604397574865],[41.854944289247555,51.18855540600714],[42.87286665237406,51.2313434924082],[42.48922081918545,51.60770294913175],[40.50381229010509,51.95352163421603],[39.49663862497255,51.972693590236986],[38.69761762855069,52.09775055574352],[38.29877892390817,51.9610147162561],[38.2915442242865,51.29245087320919],[38.72448937398542,50.7900784374699],[39.07237511571901,50.63610850740167],[39.17456052063495,49.85589908495568],[40.08063398617247,49.57684499775296]]]},"properties":{"featurecla":"Admin-1 scale rank","scalerank":2,"adm1_code":"RUS-2377","diss_me":2377,"iso_3166_2":"RU-VOR","wikipedia":"","iso_a2":"RU","adm0_sr":1,"name":"Voronezh","name_alt":"Voronezhskaya Oblast","name_local":"Воронежская область","type":"Oblast","type_en":"Region","code_local":"","code_hasc":"RU.VR","note":"","hasc_maybe":"","region":"Central","region_cod":"","provnum_ne":20050,"gadm_level":1,"check_me":20,"datarank":2,"abbrev":"","postal":"VR","area_sqkm":0,"sameascity":6,"labelrank":6,"name_len":8,"mapcolor9":7,"mapcolor13":7,"fips":"RS86","fips_alt":"","woe_id":2346935,"woe_label":"Voronezhskaya Oblast, RU, Russia","woe_name":"Voronezh","latitude":50.7774,"longitude":40.5223,"sov_a3":"RUS","adm0_a3":"RUS","adm0_label":2,"admin":"Russia","geonunit":"Russia","gu_a3":"RUS","gn_id":472039,"gn_name":"Voronezhskaya Oblast'","gns_id":-3035179,"gns_name":"Voronezhskaya Oblast'","gn_level":1,"gn_region":"","gn_a1_code":"RU.86","region_sub":"Central Black Earth","sub_code":"","gns_level":1,"gns_lang":"fas","gns_adm1":"RS86","gns_region":"","min_label":5,"max_label":10.2,"min_zoom":4.7,"wikidataid":"Q3447","name_ar":"فورونيج أوبلاست","name_bn":"ভোরওনেঝ ওব্লাস্ট","name_de":"Woronesch","name_en":"Voronezh","name_es":"Vorónezh","name_fr":"Voronej","name_el":"Όμπλαστ του Βορόνεζ","name_hi":"वोरोनेज़ ओब्लास्ट","name_hu":"Voronyezsi terület","name_id":"Voronezh","name_it":"Voronež","name_ja":"ヴォロネジ州","name_ko":"보로네시","name_nl":"Voronezj","name_pl":"woroneski","name_pt":"Voronej","name_ru":"Воронежская область","name_sv":"Voronezj","name_tr":"Voronej Oblastı","name_vi":"Voronezh","name_zh":"沃罗涅日州","ne_id":1159313191,"name_he":"מחוז וורונז'","name_uk":"Воронезька область","name_ur":"ورونیش اوبلاست","name_fa":"استان ورونژ","name_zht":"沃罗涅日州","FCLASS_ISO":"","FCLASS_US":"","FCLASS_FR":"","FCLASS_RU":"","FCLASS_ES":"","FCLASS_CN":"","FCLASS_TW":"","FCLASS_IN":"","FCLASS_NP":"","FCLASS_PK":"","FCLASS_DE":"","FCLASS_GB":"","FCLASS_BR":"","FCLASS_IL":"","FCLASS_PS":"","FCLASS_SA":"","FCLASS_EG":"","FCLASS_MA":"","FCLASS_PT":"","FCLASS_AR":"","FCLASS_JP":"","FCLASS_KO":"","FCLASS_VN":"","FCLASS_TR":"","FCLASS_ID":"","FCLASS_PL":"","FCLASS_GR":"","FCLASS_IT":"","FCLASS_NL":"","FCLASS_SE":"","FCLASS_BD":"","FCLASS_UA":"","FCLASS_TLC":""}},{"type":"Feature","geometry":{"type":"Polygon","coordinates":[[[53.6316931503186,55.906691188847276],[54.1767761571939,55.707039293428636],[53.42188683520925,54.982173977347145],[53.47046268130765,54.045745347869456],[54.10835656060675,53.416558946538146],[54.801647577173924,53.27075389297778],[55.545581495589545,52.38494232782614],[56.36516971201257,52.52309926971549],[56.607635532253994,51.829498196584495],[57.20666873557366,51.57514679588792],[57.65263634639024,51.86332042080073],[58.57640424995617,51.793066311561006],[58.827965121792886,52.432717190046276],[58.906203241286505,53.8615705429462],[59.34400597469596,54.18506500884308],[59.69385542209005,54.12909943349206],[59.6137569524214,54.866728828272755],[59.22783735520977,54.61118887007029],[57.9713765813641,54.39280426730306],[57.16512088442124,54.818979804474395],[57.51796756355219,55.33403880544648],[58.03018436061973,55.27476593729813],[58.61950239382037,54.9496695009467],[58.87199344344265,55.323290107452465],[59.56487104706116,55.499610094230434],[59.026299269395736,56.169388333205006],[58.74652306498746,56.062754014885854],[57.80208458773353,56.150629788334015],[57.40841352696265,56.329120185448176],[56.86405398870062,56.108100084351406],[56.40248009617949,56.38741120076628],[55.8757938980699,56.43665884133242],[54.968355746620375,56.320438544103524],[54.35247602724684,56.35852407552562],[53.6316931503186,55.906691188847276]]]},"properties":{"featurecla":"Admin-1 scale rank","scalerank":2,"adm1_code":"RUS-2378","diss_me":2378,"iso_3166_2":"RU-BA","wikipedia":"","iso_a2":"RU","adm0_sr":1,"name":"Bashkortostan","name_alt":"Bashkir|Bashkiriya|Bashkirskaya A.S.S.R.|Republic of Bashkortostan|Respublika Bashkortostan","name_local":"Республика Башкортостан","type":"Respublika","type_en":"Republic","code_local":"","code_hasc":"RU.BK","note":"","hasc_maybe":"","region":"Volga","region_cod":"","provnum_ne":7,"gadm_level":1,"check_me":20,"datarank":2,"abbrev":"","postal":"BK","area_sqkm":0,"sameascity":-99,"labelrank":2,"name_len":13,"mapcolor9":7,"mapcolor13":7,"fips":"RS08","fips_alt":"","woe_id":2346866,"woe_label":"Bashkortostan, RU, Russia","woe_name":"Bashkortostan","latitude":54.2086,"longitude":56.5575,"sov_a3":"RUS","adm0_a3":"RUS","adm0_label":2,"admin":"Russia","geonunit":"Russia","gu_a3":"RUS","gn_id":578853,"gn_name":"Respublika Bashkortostan","gns_id":-2882700,"gns_name":"Bashkortostan, Respublika","gn_level":1,"gn_region":"","gn_a1_code":"RU.08","region_sub":"Urals","sub_code":"","gns_level":1,"gns_lang":"rus","gns_adm1":"RS08","gns_region":"","min_label":5,"max_label":10.2,"min_zoom":4.7,"wikidataid":"Q5710","name_ar":"باشقورستان","name_bn":"বাশকোরতোস্তান","name_de":"Baschkortostan","name_en":"Bashkortostan","name_es":"Bashkortostán","name_fr":"Bachkirie","name_el":"Δημοκρατία του Μπασκορτοστάν","name_hi":"बश्कोरतोस्तान","name_hu":"Baskíria","name_id":"Bashkortostan","name_it":"Baschiria","name_ja":"バシコルトスタン共和国","name_ko":"바시키르 공화국","name_nl":"Basjkirostan","name_pl":"Baszkortostan","name_pt":"Bascortostão","name_ru":"Республика Башкортостан","name_sv":"Basjkirien","name_tr":"Başkurdistan","name_vi":"Bashkortostan","name_zh":"巴什科尔托斯坦共和国","ne_id":1159313195,"name_he":"בשקורטוסטן","name_uk":"Башкортостан","name_ur":"باشکورتوستان","name_fa":"باشقیرستان","name_zht":"巴什科尔托斯坦共和国","FCLASS_ISO":"","FCLASS_US":"","FCLASS_FR":"","FCLASS_RU":"","FCLASS_ES":"","FCLASS_CN":"","FCLASS_TW":"","FCLASS_IN":"","FCLASS_NP":"","FCLASS_PK":"","FCLASS_DE":"","FCLASS_GB":"","FCLASS_BR":"","FCLASS_IL":"","FCLASS_PS":"","FCLASS_SA":"","FCLASS_EG":"","FCLASS_MA":"","FCLASS_PT":"","FCLASS_AR":"","FCLASS_JP":"","FCLASS_KO":"","FCLASS_VN":"","FCLASS_TR":"","FCLASS_ID":"","FCLASS_PL":"","FCLASS_GR":"","FCLASS_IT":"","FCLASS_NL":"","FCLASS_SE":"","FCLASS_BD":"","FCLASS_UA":"","FCLASS_TLC":""}},{"type":"Feature","geometry":{"type":"Polygon","coordinates":[[[63.31912844925662,54.173229665859225],[63.192143182361974,54.68642975512904],[62.14724572101318,54.64441681598322],[61.98911583832523,55.0352456728495],[62.515905389222326,55.563637193301815],[62.071798130379364,56.13352488896243],[61.3849149920332,56.366999010396],[61.15030398993713,56.2170340033166],[60.23955854658965,56.20917918607057],[59.19435102687834,56.35180613894215],[59.026299269395736,56.169388333205006],[59.56487104706116,55.499610094230434],[58.87199344344265,55.323290107452465],[58.61950239382037,54.9496695009467],[58.03018436061973,55.27476593729813],[57.51796756355219,55.33403880544648],[57.16512088442124,54.818979804474395],[57.9713765813641,54.39280426730306],[59.22783735520977,54.61118887007029],[59.6137569524214,54.866728828272755],[59.69385542209005,54.12909943349206],[59.34400597469596,54.18506500884308],[58.906203241286505,53.8615705429462],[58.827965121792886,52.432717190046276],[60.14860802613947,52.42052155212792],[60.06441524016092,51.975119183655885],[60.93760379419862,52.28058177347992],[60.802314894458505,52.744739488325536],[61.19918989446009,53.28713532166104],[61.113200311126405,53.753463446662906],[61.33370364771582,54.04925934510159],[61.92865441269217,53.94647492127305],[63.31912844925662,54.173229665859225]]]},"properties":{"featurecla":"Admin-1 scale rank","scalerank":2,"adm1_code":"RUS-2379","diss_me":2379,"iso_3166_2":"RU-CHE","wikipedia":"","iso_a2":"RU","adm0_sr":1,"name":"Chelyabinsk","name_alt":"Chelyabinskaya","name_local":"Челябинская область","type":"Oblast","type_en":"Region","code_local":"","code_hasc":"RU.CL","note":"","hasc_maybe":"","region":"Urals","region_cod":"","provnum_ne":20059,"gadm_level":1,"check_me":20,"datarank":2,"abbrev":"","postal":"CL","area_sqkm":0,"sameascity":6,"labelrank":6,"name_len":11,"mapcolor9":7,"mapcolor13":7,"fips":"RS13","fips_alt":"","woe_id":2346893,"woe_label":"Chelyabinskaya Oblast, RU, Russia","woe_name":"Chelyabinsk","latitude":54.1131,"longitude":60.2383,"sov_a3":"RUS","adm0_a3":"RUS","adm0_label":2,"admin":"Russia","geonunit":"Russia","gu_a3":"RUS","gn_id":1508290,"gn_name":"Chelyabinskaya Oblast'","gns_id":-2896750,"gns_name":"Chelyabinskaya Oblast'","gn_level":1,"gn_region":"","gn_a1_code":"RU.13","region_sub":"Urals","sub_code":"","gns_level":1,"gns_lang":"rus","gns_adm1":"RS13","gns_region":"","min_label":5,"max_label":10.2,"min_zoom":4.7,"wikidataid":"Q5714","name_ar":"أوبلاست تشيليابنسك","name_bn":"চেলিয়াবিনস্ক ওব্লাস্ট","name_de":"Tscheljabinsk","name_en":"Chelyabinsk","name_es":"Cheliábinsk","name_fr":"Tcheliabinsk","name_el":"Όμπλαστ του Τσελιάμπινσκ","name_hi":"चेल्याबिन्स्क ओब्लास्त","name_hu":"Cseljabinszki terület","name_id":"Chelyabinsk","name_it":"Čeljabinsk","name_ja":"チェリャビンスク州","name_ko":"첼랴빈스크","name_nl":"Tsjeljabinsk","name_pl":"czelabiński","name_pt":"Cheliabinsk","name_ru":"Челябинская область","name_sv":"Tjeljabinsk","name_tr":"Çelyabinsk Oblastı","name_vi":"Chelyabinsk","name_zh":"车里雅宾斯克州","ne_id":1159313221,"name_he":"מחוז צ'ליאבינסק","name_uk":"Челябінська область","name_ur":"چیلیابنسک اوبلاست","name_fa":"استان چلیابینسک","name_zht":"車里雅賓斯克州","FCLASS_ISO":"","FCLASS_US":"","FCLASS_FR":"","FCLASS_RU":"","FCLASS_ES":"","FCLASS_CN":"","FCLASS_TW":"","FCLASS_IN":"","FCLASS_NP":"","FCLASS_PK":"","FCLASS_DE":"","FCLASS_GB":"","FCLASS_BR":"","FCLASS_IL":"","FCLASS_PS":"","FCLASS_SA":"","FCLASS_EG":"","FCLASS_MA":"","FCLASS_PT":"","FCLASS_AR":"","FCLASS_JP":"","FCLASS_KO":"","FCLASS_VN":"","FCLASS_TR":"","FCLASS_ID":"","FCLASS_PL":"","FCLASS_GR":"","FCLASS_IT":"","FCLASS_NL":"","FCLASS_SE":"","FCLASS_BD":"","FCLASS_UA":"","FCLASS_TLC":""}},{"type":"Feature","geometry":{"type":"Polygon","coordinates":[[[68.77152827050527,55.330969053000025],[68.18946089130708,55.70016632811354],[67.44666385265464,55.73504791952581],[66.76050418472033,56.04546824836092],[66.02793908102376,55.990277818466495],[65.66713423006064,56.27351634440373],[65.11688357931371,56.325399482400144],[64.99544396316833,56.768266506893724],[64.33698286296874,56.752711900233976],[64.17327192615846,56.46838817047768],[63.44773481560924,56.609723212156496],[62.332970818648334,56.46916331593428],[62.071798130379364,56.13352488896243],[62.515905389222326,55.563637193301815],[61.98911583832523,55.0352456728495],[62.14724572101318,54.64441681598322],[63.192143182361974,54.68642975512904],[63.31912844925662,54.173229665859225],[64.46121300645231,54.38417430278521],[65.15775963731446,54.36440806743357],[65.47691328314906,54.62328115499972],[67.69341881701212,54.87241323507884],[68.77152827050527,55.330969053000025]]]},"properties":{"featurecla":"Admin-1 scale rank","scalerank":2,"adm1_code":"RUS-2380","diss_me":2380,"iso_3166_2":"RU-KGN","wikipedia":"","iso_a2":"RU","adm0_sr":1,"name":"Kurgan","name_alt":"Kurganskaya Oblast","name_local":"Курганская область","type":"Oblast","type_en":"Region","code_local":"","code_hasc":"RU.KU","note":"","hasc_maybe":"","region":"Urals","region_cod":"","provnum_ne":20058,"gadm_level":1,"check_me":20,"datarank":2,"abbrev":"","postal":"KU","area_sqkm":0,"sameascity":6,"labelrank":6,"name_len":6,"mapcolor9":7,"mapcolor13":7,"fips":"RS40","fips_alt":"","woe_id":2346904,"woe_label":"Kurganskaya Oblast, RU, Russia","woe_name":"Kurgan","latitude":55.4316,"longitude":65.3505,"sov_a3":"RUS","adm0_a3":"RUS","adm0_label":2,"admin":"Russia","geonunit":"Russia","gu_a3":"RUS","gn_id":1501312,"gn_name":"Kurganskaya Oblast'","gns_id":-2941319,"gns_name":"Kurganskaya Oblast'","gn_level":1,"gn_region":"","gn_a1_code":"RU.40","region_sub":"Urals","sub_code":"","gns_level":1,"gns_lang":"rus","gns_adm1":"RS40","gns_region":"","min_label":5,"max_label":10.2,"min_zoom":4.7,"wikidataid":"Q5741","name_ar":"أوبلاست كورغان","name_bn":"কুরগ্যান ওব্লাস্ট","name_de":"Kurgan","name_en":"Kurgan","name_es":"Kurgán","name_fr":"Kourgan","name_el":"Όμπλαστ του Κουργκάν","name_hi":"कुर्गन ओब्लास्ट","name_hu":"Kurgani terület","name_id":"Kurgan","name_it":"Kurgan","name_ja":"クルガン州","name_ko":"쿠르간","name_nl":"Koergan","name_pl":"kurgański","name_pt":"Kurgan","name_ru":"Курганская область","name_sv":"Kurgan","name_tr":"Kurgan Oblastı","name_vi":"Kurgan","name_zh":"库尔干州","ne_id":1159313223,"name_he":"מחוז קורגן","name_uk":"Курганська область","name_ur":"کورگان اوبلاست","name_fa":"استان کورگان","name_zht":"库尔干州","FCLASS_ISO":"","FCLASS_US":"","FCLASS_FR":"","FCLASS_RU":"","FCLASS_ES":"","FCLASS_CN":"","FCLASS_TW":"","FCLASS_IN":"","FCLASS_NP":"","FCLASS_PK":"","FCLASS_DE":"","FCLASS_GB":"","FCLASS_BR":"","FCLASS_IL":"","FCLASS_PS":"","FCLASS_SA":"","FCLASS_EG":"","FCLASS_MA":"","FCLASS_PT":"","FCLASS_AR":"","FCLASS_JP":"","FCLASS_KO":"","FCLASS_VN":"","FCLASS_TR":"","FCLASS_ID":"","FCLASS_PL":"","FCLASS_GR":"","FCLASS_IT":"","FCLASS_NL":"","FCLASS_SE":"","FCLASS_BD":"","FCLASS_UA":"","FCLASS_TLC":""}},{"type":"Feature","geometry":{"type":"MultiPolygon","coordinates":[[[[44.22083280185458,66.40718117314225],[47.11043745292608,65.82117645932613],[47.660791457359835,65.80807648384263],[48.156265090261684,66.13027903944607],[49.006032342218816,66.11911693030208],[51.510168897576534,66.78326243831083],[52.24552453013291,67.08913523999928],[53.7724597512165,66.99854645475506],[61.43173383984481,66.99968333631688],[62.821313103816635,67.38803172538377],[62.871232537951244,67.57964793640309],[64.74512332478156,68.40445547084329],[65.480478957338,68.43044871713454],[65.0362402510262,69.26873497135483],[63.361425781250006,69.67529296875],[61.01591796875002,69.85146484375],[60.276464843750006,69.65263671875],[60.66455078125,69.11025390625],[60.48916015625002,68.728955078125],[59.37050781250002,68.73837890625],[58.9189453125,69.00380859375],[58.17304687500001,68.88974609375],[57.12685546875002,68.55400390625],[56.04365234375001,68.648876953125],[55.418066406250006,68.567822265625],[54.56123046875001,68.273046875],[53.967871093750006,68.22734375],[53.80195312500001,68.9958984375],[52.68359375,68.731201171875],[52.322265625,68.339697265625],[51.994726562500006,68.53876953125],[50.8388671875,68.349951171875],[48.65380859375,67.695263671875],[47.87470703125001,67.5841796875],[47.709082031250006,67.04501953125],[46.69082031250002,66.825537109375],[45.98603515625001,66.853125],[44.939453125,67.47744140625],[45.52871093750002,67.757568359375],[46.6904296875,67.848828125],[45.89199218750002,68.4796875],[45.078125,68.578173828125],[44.04804687500001,68.548828125],[44.22539062500002,67.99560546875],[43.85634765625002,67.439306640625],[44.29179687500002,67.099658203125],[44.48867187500002,66.67177734375],[44.22083280185458,66.40718117314225]]],[[[49.225195312500006,69.51123046875],[48.63134765625,69.43603515625],[48.27880859375,69.04033203125],[48.6669921875,68.733154296875],[49.62626953125002,68.859716796875],[50.16728515625002,69.257080078125],[49.225195312500006,69.51123046875]]],[[[60.392578125,69.96240234375],[59.00527343750002,70.465185546875],[58.47304687500002,70.266845703125],[58.952734375000006,69.8927734375],[60.215917968750006,69.6876953125],[60.392578125,69.96240234375]]]]},"properties":{"featurecla":"Admin-1 scale rank","scalerank":2,"adm1_code":"RUS-2381","diss_me":2381,"iso_3166_2":"RU-NEN","wikipedia":"","iso_a2":"RU","adm0_sr":4,"name":"Nenets","name_alt":"Nenetskiy A.Okr.|Nenetskiy AOk","name_local":"Ненецкий АОк","type":"Avtonomnyy Okrug","type_en":"Autonomous Province","code_local":"","code_hasc":"RU.NN","note":"","hasc_maybe":"","region":"Northwestern","region_cod":"","provnum_ne":20016,"gadm_level":1,"check_me":20,"datarank":2,"abbrev":"","postal":"NN","area_sqkm":0,"sameascity":-99,"labelrank":2,"name_len":6,"mapcolor9":7,"mapcolor13":7,"fips":"RS50","fips_alt":"","woe_id":20070509,"woe_label":"","woe_name":"","latitude":67.8271,"longitude":56.2877,"sov_a3":"RUS","adm0_a3":"RUS","adm0_label":2,"admin":"Russia","geonunit":"Russia","gu_a3":"RUS","gn_id":522652,"gn_name":"Nenetskiy Avtonomnyy Okrug","gns_id":-2964004,"gns_name":"Nenetskiy Avtonomnyy Okrug","gn_level":1,"gn_region":"","gn_a1_code":"RU.50","region_sub":"Northern","sub_code":"","gns_level":1,"gns_lang":"rus","gns_adm1":"RS50","gns_region":"","min_label":5,"max_label":10.2,"min_zoom":4.7,"wikidataid":"Q2164","name_ar":"أوكروغ نينيتس الذاتية","name_bn":"নেনেটস স্বায়ত্তশাসিত অক্রুগ","name_de":"Autonomer Kreis der Nenzen","name_en":"Nenets Autonomous Okrug","name_es":"Nenetsia","name_fr":"Nénétsie","name_el":"Αυτόνομος θύλακας της Νενετσίας","name_hi":"नेनेट्स औटोनोमस ओक्रुग","name_hu":"Nyenyecföld","name_id":"Nenetsia","name_it":"Nenec","name_ja":"ネネツ自治管区","name_ko":"네네츠 자치구","name_nl":"Nenetsië","name_pl":"Nieniecki","name_pt":"Nenetsia","name_ru":"Ненецкий автономный округ","name_sv":"Nentsien","name_tr":"Nenets Özerk Okrugu","name_vi":"Nenetsia","name_zh":"涅涅茨自治区","ne_id":1159313117,"name_he":"הניינץ","name_uk":"Ненецький автономний округ","name_ur":"نینیتس خود مختار آکرگ","name_fa":"ننتسیا","name_zht":"涅涅茨自治区","FCLASS_ISO":"","FCLASS_US":"","FCLASS_FR":"","FCLASS_RU":"","FCLASS_ES":"","FCLASS_CN":"","FCLASS_TW":"","FCLASS_IN":"","FCLASS_NP":"","FCLASS_PK":"","FCLASS_DE":"","FCLASS_GB":"","FCLASS_BR":"","FCLASS_IL":"","FCLASS_PS":"","FCLASS_SA":"","FCLASS_EG":"","FCLASS_MA":"","FCLASS_PT":"","FCLASS_AR":"","FCLASS_JP":"","FCLASS_KO":"","FCLASS_VN":"","FCLASS_TR":"","FCLASS_ID":"","FCLASS_PL":"","FCLASS_GR":"","FCLASS_IT":"","FCLASS_NL":"","FCLASS_SE":"","FCLASS_BD":"","FCLASS_UA":"","FCLASS_TLC":""}},{"type":"Feature","geometry":{"type":"MultiPolygon","coordinates":[[[[65.0362402510262,69.26873497135483],[65.480478957338,68.43044871713454],[65.43655399027438,67.91996308083151],[66.08312951001886,67.93363149709586],[65.93719526614859,67.39322520587854],[65.19016075961133,67.14499746436144],[65.11616010890185,66.90831940381742],[63.96925337074646,66.64631989234914],[63.30572798036195,66.40023672094787],[62.83857303191985,65.86926137990872],[62.018468051559296,65.71712596339245],[62.816662224781794,65.29157054294615],[62.600448032350755,64.64504669914584],[63.21477745991183,64.52595836048994],[63.61144575421815,64.26848053684728],[65.39965701725748,64.57135610589955],[66.93630740756078,64.48704600676774],[66.81869184815025,64.22561493608043],[67.80932905469211,64.03200918187821],[69.01483686742745,64.47182729779155],[70.67210005067676,64.23680288454545],[70.91384240140565,63.692391669439985],[71.56909956159546,63.55141836206775],[71.60796024027286,63.18523916345657],[72.65502811105847,63.28016876937318],[73.10378624893622,63.436257432934156],[73.36805952262881,63.2069432641203],[74.50742150280007,63.04323232731002],[75.80274295442376,63.113977362964874],[77.02623416477485,62.97501943629794],[77.96653852693146,62.47799550978493],[78.79305138461365,62.615093085377566],[79.82006880113425,62.6037242697592],[79.91474002463241,62.79203318977983],[81.07466922390552,63.11743968449383],[81.34917443165466,62.82115285901722],[82.73265587756669,62.75722911183402],[83.31070844883578,62.45701487953306],[83.79822391080478,62.56026439068904],[84.43570437985323,62.17796214553658],[85.51832563741817,62.93256724758038],[85.33301395093304,63.70078908994452],[86.02806196488774,64.27979767472289],[85.6099996282802,64.82777456324544],[85.18439253099046,64.75077667900052],[84.47012088417142,64.8901996927616],[84.55021935384008,65.43342235036113],[84.03097456272587,65.79303864201967],[83.51813764803398,65.82249420804123],[83.5246488790425,66.1729637721603],[83.07806115060157,66.57888214769292],[83.16188032421758,66.81798900009227],[82.11729292213062,67.24380280205764],[82.05920861238752,67.94846263334381],[82.35355756972604,67.94350169504713],[82.70960818886681,68.41411896411887],[82.48068159368057,68.99514293140112],[81.61065718008479,69.28641714083835],[80.96687218560282,69.20910919913018],[79.85427859897811,69.35452667906293],[79.2084265478469,70.05283030897152],[80.56906700973468,70.46081574205283],[80.55005008334462,71.04444936834363],[79.24470340413876,71.31673248981252],[79.3826794779755,71.61495717982996],[79.86823123608264,71.60165049877145],[80.21797732889058,71.94248240803665],[78.69682986840365,72.18032318856427],[78.48261718750001,72.394970703125],[77.96816406250002,72.3287109375],[78.18691406250002,71.907080078125],[77.55078125,71.84208984375],[76.87138671874999,72.0330078125],[76.03242187500001,71.910400390625],[76.31210937500003,71.595458984375],[76.11044921875003,71.2185546875],[75.33203125,71.341748046875],[75.24746093750002,71.81337890625],[75.74140625000001,72.296240234375],[75.15244140625,72.852734375],[74.9921875,72.14482421875],[73.67177734375002,71.845068359375],[73.08623046875002,71.444921875],[73.57656250000002,71.21650390625],[74.31093750000002,70.65361328125],[73.56015625,69.7072265625],[73.97744140625002,69.1146484375],[74.81484375000002,69.090576171875],[76.0009765625,69.23505859375],[77.65068359374999,68.90302734375],[77.9951171875,68.25947265625],[77.17441406250003,67.778515625],[77.23847656250001,68.469580078125],[76.45917968750001,68.978271484375],[74.57958984375,68.751220703125],[74.39140625000002,68.42060546875],[74.76953125,67.766357421875],[74.07451171875002,67.414111328125],[73.51357421875002,66.861083984375],[72.41738281250002,66.560791015625],[71.9169921875,66.246728515625],[71.1455078125,66.366650390625],[70.339453125,66.3423828125],[69.1943359375,66.578662109375],[69.87714843750001,66.845458984375],[70.3828125,66.602490234375],[70.939453125,66.54814453125],[71.55117187500002,66.76044921875],[72.5943359375,67.586962890625],[73.15214843750002,67.8650390625],[73.13945312500002,68.18134765625],[73.54804687500001,68.57451171875],[72.81191406250002,68.815234375],[72.52734375,69.080517578125],[72.61562500000002,69.484033203125],[72.46943359375001,70.274951171875],[72.70000000000002,70.45732421875],[72.58134765625002,71.151123046875],[72.07929687500001,71.306689453125],[72.62441406250002,72.079443359375],[72.812109375,72.69140625],[71.50019531250001,72.913671875],[69.6451171875,72.89755859375],[69.0390625,72.669921875],[68.26923828125001,71.6828125],[66.917578125,71.282373046875],[66.70224609375,70.818505859375],[67.284765625,70.738720703125],[67.064453125,69.693701171875],[68.005859375,69.480029296875],[68.82949218750002,68.567431640625],[68.37119140625,68.3142578125],[67.00244140625,68.873583984375],[65.0362402510262,69.26873497135483]]],[[[71.444921875,73.34208984375],[70.94023437500002,73.514404296875],[69.99589843750002,73.359375],[70.38037109375,73.048095703125],[71.444921875,73.34208984375]]]]},"properties":{"featurecla":"Admin-1 scale rank","scalerank":2,"adm1_code":"RUS-2382","diss_me":2382,"iso_3166_2":"RU-YAN","wikipedia":"","iso_a2":"RU","adm0_sr":4,"name":"Yamal-Nenets","name_alt":"Yamalo-Nenetskiy A.Okr","name_local":"Ямало-Ненецкий АОк","type":"Avtonomnyy Okrug","type_en":"Autonomous Province","code_local":"","code_hasc":"RU.YN","note":"","hasc_maybe":"","region":"Urals","region_cod":"","provnum_ne":20017,"gadm_level":1,"check_me":20,"datarank":2,"abbrev":"","postal":"YN","area_sqkm":0,"sameascity":-99,"labelrank":2,"name_len":12,"mapcolor9":7,"mapcolor13":7,"fips":"RS87","fips_alt":"","woe_id":20070525,"woe_label":"Yamalo-Nenetskiy Avtonomnyy Okrug, RU, Russia","woe_name":"Yamal-Nenets","latitude":65.4117,"longitude":75.1874,"sov_a3":"RUS","adm0_a3":"RUS","adm0_label":2,"admin":"Russia","geonunit":"Russia","gu_a3":"RUS","gn_id":1486462,"gn_name":"Yamalo-Nenetskiy Avtonomnyy Okrug","gns_id":-3038630,"gns_name":"Yamalo-Nenetskiy Avtonomnyy Okrug","gn_level":1,"gn_region":"","gn_a1_code":"RU.87","region_sub":"West Siberian","sub_code":"","gns_level":1,"gns_lang":"fas","gns_adm1":"RS87","gns_region":"","min_label":5,"max_label":10.2,"min_zoom":4.7,"wikidataid":"Q6407","name_ar":"أوكروغ يامالو-نينيتس الذاتية","name_bn":"ইয়ামালো-নেনেটস স্বায়ত্তশাসিত ওক্রুগ","name_de":"Autonomer Kreis der Jamal-Nenzen","name_en":"Yamalo-Nenets Autonomous Okrug","name_es":"Yamalia-Nenetsia","name_fr":"Iamalie","name_el":"Αυτόνομος θύλακας των Γιαμάλων Νένετς","name_hi":"यामालो-नेनेट ऑटोनॉमस ऑक्रग","name_hu":"Jamali Nyenyecföld","name_id":"Yamalia","name_it":"Jamalo-Nenec","name_ja":"ヤマロ・ネネツ自治管区","name_ko":"야말로네네츠 자치구","name_nl":"Jamalië","name_pl":"Jamalsko-Nieniecki","name_pt":"Iamália","name_ru":"Ямало-Ненецкий автономный округ","name_sv":"Jamalo-Nenetien","name_tr":"Yamalo-Nenets Özerk Okrugu","name_vi":"Yamalo-Nenets","name_zh":"亚马尔-涅涅茨自治区","ne_id":1159313113,"name_he":"ימלו-ננץ","name_uk":"Ямало-Ненецький автономний округ","name_ur":"یامالو-نینیتس خود مختار آکرگ","name_fa":"یامالو-ننتس","name_zht":"亚马尔-涅涅茨自治区","FCLASS_ISO":"","FCLASS_US":"","FCLASS_FR":"","FCLASS_RU":"","FCLASS_ES":"","FCLASS_CN":"","FCLASS_TW":"","FCLASS_IN":"","FCLASS_NP":"","FCLASS_PK":"","FCLASS_DE":"","FCLASS_GB":"","FCLASS_BR":"","FCLASS_IL":"","FCLASS_PS":"","FCLASS_SA":"","FCLASS_EG":"","FCLASS_MA":"","FCLASS_PT":"","FCLASS_AR":"","FCLASS_JP":"","FCLASS_KO":"","FCLASS_VN":"","FCLASS_TR":"","FCLASS_ID":"","FCLASS_PL":"","FCLASS_GR":"","FCLASS_IT":"","FCLASS_NL":"","FCLASS_SE":"","FCLASS_BD":"","FCLASS_UA":"","FCLASS_TLC":""}},{"type":"Feature","geometry":{"type":"Polygon","coordinates":[[[59.3486568537308,61.6821784533729],[59.485392694117536,61.99327057577642],[59.643729282380434,62.51026744218865],[59.27806684770684,62.970239366053875],[59.584404738288015,63.938268134366865],[59.64755333821597,64.77242910372013],[60.147367791790145,65.06478852057376],[60.67653445769906,64.91231720637393],[62.018468051559296,65.71712596339245],[62.83857303191985,65.86926137990872],[63.30572798036195,66.40023672094787],[63.96925337074646,66.64631989234914],[65.11616010890185,66.90831940381742],[65.19016075961133,67.14499746436144],[65.93719526614859,67.39322520587854],[66.08312951001886,67.93363149709586],[65.43655399027438,67.91996308083151],[65.480478957338,68.43044871713454],[64.74512332478156,68.40445547084329],[62.871232537951244,67.57964793640309],[62.821313103816635,67.38803172538377],[61.43173383984481,66.99968333631688],[53.7724597512165,66.99854645475506],[52.24552453013291,67.08913523999928],[51.510168897576534,66.78326243831083],[49.006032342218816,66.11911693030208],[48.989392530840576,65.26852285424627],[49.56744510300905,65.29208730688367],[50.063022087799084,64.8901996927616],[49.62666629431402,64.59171662122503],[48.95001509002435,64.4906116810842],[48.408342726035926,64.22421967210016],[48.11575076698426,64.34811391942179],[45.82452111215957,64.28362173145769],[45.88363894977766,63.96431305570292],[46.819189081011245,63.74696198171006],[47.090903761699224,63.24647573546679],[47.55464806455649,63.148497219171304],[47.2376648287688,62.635660305378735],[47.413364698821795,62.192793280885155],[48.29083051941291,62.32162262628316],[48.36607140537103,62.729298001001894],[49.608992954161465,62.770225735429335],[49.05161095568104,61.690963447505055],[49.30224165243027,61.17616282805204],[48.50931847496764,61.04774689380406],[48.418988071242495,60.85380524371698],[48.50756147578147,59.71511505801351],[49.79492475827095,59.23307729827866],[49.83399214072466,59.638143012190255],[51.52133100761989,59.94621206353588],[52.06093631405963,60.31691294997262],[52.297821079279345,60.24159455054803],[51.774235466593495,60.605603338823016],[52.87649376817285,61.09384227210313],[54.97951785666373,60.863830471299195],[55.31562137162899,61.123039455706305],[56.25737267370988,61.20634186538473],[56.70241010943897,61.52477204019749],[58.69153934066799,61.50273204185021],[59.3486568537308,61.6821784533729]]]},"properties":{"featurecla":"Admin-1 scale rank","scalerank":2,"adm1_code":"RUS-2383","diss_me":2383,"iso_3166_2":"RU-KO","wikipedia":"","iso_a2":"RU","adm0_sr":1,"name":"Komi","name_alt":"Komi A.S.S.R.|Republic of Komi|Respublika Komi","name_local":"Республика Коми","type":"Respublika","type_en":"Republic","code_local":"","code_hasc":"RU.KO","note":"","hasc_maybe":"","region":"Northwestern","region_cod":"","provnum_ne":20069,"gadm_level":1,"check_me":20,"datarank":2,"abbrev":"","postal":"KO","area_sqkm":0,"sameascity":-99,"labelrank":2,"name_len":4,"mapcolor9":7,"mapcolor13":7,"fips":"RS34","fips_alt":"","woe_id":2346874,"woe_label":"Komi, RU, Russia","woe_name":"Komi","latitude":64.1194,"longitude":55.8183,"sov_a3":"RUS","adm0_a3":"RUS","adm0_label":2,"admin":"Russia","geonunit":"Russia","gu_a3":"RUS","gn_id":545854,"gn_name":"Respublika Komi","gns_id":-2931736,"gns_name":"Komi, Respublika","gn_level":1,"gn_region":"","gn_a1_code":"RU.34","region_sub":"Northern","sub_code":"","gns_level":1,"gns_lang":"rus","gns_adm1":"RS34","gns_region":"","min_label":5,"max_label":10.2,"min_zoom":4.7,"wikidataid":"Q2073","name_ar":"جمهورية كومي","name_bn":"কোমি রিপাবলিক","name_de":"Republik Komi","name_en":"Komi Republic","name_es":"Komi","name_fr":"république des Komis","name_el":"Δημοκρατία των Κόμι","name_hi":"कोमी गणराज्य","name_hu":"Komiföld","name_id":"Republik Komi","name_it":"Repubblica dei Komi","name_ja":"コミ共和国","name_ko":"코미 공화국","name_nl":"Komi","name_pl":"Republika Komi","name_pt":"República de Komi","name_ru":"Республика Коми","name_sv":"Komi","name_tr":"Komi Cumhuriyeti","name_vi":"Cộng hòa Komi","name_zh":"科米共和国","ne_id":1159313197,"name_he":"רפובליקת קומי","name_uk":"Республіка Комі","name_ur":"کومی جمہوریہ","name_fa":"کومی","name_zht":"科米共和国","FCLASS_ISO":"","FCLASS_US":"","FCLASS_FR":"","FCLASS_RU":"","FCLASS_ES":"","FCLASS_CN":"","FCLASS_TW":"","FCLASS_IN":"","FCLASS_NP":"","FCLASS_PK":"","FCLASS_DE":"","FCLASS_GB":"","FCLASS_BR":"","FCLASS_IL":"","FCLASS_PS":"","FCLASS_SA":"","FCLASS_EG":"","FCLASS_MA":"","FCLASS_PT":"","FCLASS_AR":"","FCLASS_JP":"","FCLASS_KO":"","FCLASS_VN":"","FCLASS_TR":"","FCLASS_ID":"","FCLASS_PL":"","FCLASS_GR":"","FCLASS_IT":"","FCLASS_NL":"","FCLASS_SE":"","FCLASS_BD":"","FCLASS_UA":"","FCLASS_TLC":""}},{"type":"Feature","geometry":{"type":"Polygon","coordinates":[[[51.43647830612889,56.144428615688014],[51.14533328610224,56.514690253452386],[51.60091271335102,57.45700999631424],[51.92389041531038,57.81685883196951],[51.97101932238377,58.46413198550272],[53.339514600618315,58.38858104118208],[53.78455203634735,58.43989573839758],[53.87653608557184,59.09280162199724],[53.205775994666396,59.36399953874769],[53.59210900302804,59.70850047511681],[53.60761193194509,60.14273753510912],[52.297821079279345,60.24159455054803],[52.06093631405963,60.31691294997262],[51.52133100761989,59.94621206353588],[49.83399214072466,59.638143012190255],[49.79492475827095,59.23307729827866],[48.50756147578147,59.71511505801351],[48.418988071242495,60.85380524371698],[47.24479617740167,61.056170151831],[47.042948032325796,60.85380524371698],[46.74952925007483,60.261128241774884],[47.11353803924908,59.61129710607656],[47.57087446478471,59.05985789692437],[46.42365766826674,58.34692983724216],[46.34128543457513,58.07464671487395],[47.70306277892411,57.958374741700936],[47.47103559831419,57.52853017832501],[46.7501493667998,57.51726471639353],[46.714906040181575,56.96634227207818],[47.50896609920608,56.893426826087136],[47.76993208190004,57.06013499643291],[48.822270949344784,57.16353953721983],[49.69984012182414,57.073415839069696],[50.07201378840557,56.62274567327415],[51.073089633679615,56.13052765632625],[51.43647830612889,56.144428615688014]]]},"properties":{"featurecla":"Admin-1 scale rank","scalerank":2,"adm1_code":"RUS-2384","diss_me":2384,"iso_3166_2":"RU-KIR","wikipedia":"","iso_a2":"RU","adm0_sr":1,"name":"Kirov","name_alt":"Vyatka|Vyatskaya G.|Kirovskaya Oblast","name_local":"Кировская область","type":"Oblast","type_en":"Region","code_local":"","code_hasc":"RU.KV","note":"","hasc_maybe":"","region":"Volga","region_cod":"","provnum_ne":20071,"gadm_level":1,"check_me":20,"datarank":2,"abbrev":"","postal":"KV","area_sqkm":0,"sameascity":6,"labelrank":6,"name_len":5,"mapcolor9":7,"mapcolor13":7,"fips":"RS33","fips_alt":"","woe_id":2346902,"woe_label":"Kirovskaya Oblast, RU, Russia","woe_name":"Kirov","latitude":58.1926,"longitude":50.1112,"sov_a3":"RUS","adm0_a3":"RUS","adm0_label":2,"admin":"Russia","geonunit":"Russia","gu_a3":"RUS","gn_id":548389,"gn_name":"Kirovskaya Oblast'","gns_id":-2928308,"gns_name":"Kirovskaya Oblast'","gn_level":1,"gn_region":"","gn_a1_code":"RU.33","region_sub":"Volga-Vyatka","sub_code":"","gns_level":1,"gns_lang":"rus","gns_adm1":"RS33","gns_region":"","min_label":5,"max_label":10.2,"min_zoom":4.7,"wikidataid":"Q5387","name_ar":"أوبلاست كيروف","name_bn":"কিরোভ ওব্লাস্ট","name_de":"Kirow","name_en":"Kirov","name_es":"Kírov","name_fr":"Kirov","name_el":"Όμπλαστ του Κίροφ","name_hi":"किरोव ओब्लास्ट","name_hu":"Kirovi terület","name_id":"Kirov","name_it":"Kirov","name_ja":"キーロフ州","name_ko":"키로프","name_nl":"Kirov","name_pl":"kirowski","name_pt":"Kirov","name_ru":"Кировская область","name_sv":"Kirov","name_tr":"Kirov Oblastı","name_vi":"Kirov","name_zh":"基洛夫州","ne_id":1159313199,"name_he":"מחוז קירוב","name_uk":"Кіровська область","name_ur":"کیروف اوبلاست","name_fa":"استان کیروف","name_zht":"基洛夫州","FCLASS_ISO":"","FCLASS_US":"","FCLASS_FR":"","FCLASS_RU":"","FCLASS_ES":"","FCLASS_CN":"","FCLASS_TW":"","FCLASS_IN":"","FCLASS_NP":"","FCLASS_PK":"","FCLASS_DE":"","FCLASS_GB":"","FCLASS_BR":"","FCLASS_IL":"","FCLASS_PS":"","FCLASS_SA":"","FCLASS_EG":"","FCLASS_MA":"","FCLASS_PT":"","FCLASS_AR":"","FCLASS_JP":"","FCLASS_KO":"","FCLASS_VN":"","FCLASS_TR":"","FCLASS_ID":"","FCLASS_PL":"","FCLASS_GR":"","FCLASS_IT":"","FCLASS_NL":"","FCLASS_SE":"","FCLASS_BD":"","FCLASS_UA":"","FCLASS_TLC":""}},{"type":"Feature","geometry":{"type":"Polygon","coordinates":[[[50.07201378840557,56.62274567327415],[49.69984012182414,57.073415839069696],[48.822270949344784,57.16353953721983],[47.76993208190004,57.06013499643291],[47.50896609920608,56.893426826087136],[46.714906040181575,56.96634227207818],[45.95856977737333,56.87208445883067],[45.87382042777051,56.25884023688741],[46.2139547059449,56.04980906813398],[47.055660435080995,56.28772736302733],[47.90511762867561,56.113836168104626],[48.41237348834579,55.829357407818065],[49.01574751233778,56.23269196186453],[50.07201378840557,56.62274567327415]]]},"properties":{"featurecla":"Admin-1 scale rank","scalerank":2,"adm1_code":"RUS-2385","diss_me":2385,"iso_3166_2":"RU-ME","wikipedia":"","iso_a2":"RU","adm0_sr":1,"name":"Mariy-El","name_alt":"Mari|Mari-El|Republic of Mari El|Mariyskaya A.S.S.R.|Respublika Mariy El","name_local":"Республика Марий Эл","type":"Respublika","type_en":"Republic","code_local":"","code_hasc":"RU.ME","note":"","hasc_maybe":"","region":"Volga","region_cod":"","provnum_ne":20072,"gadm_level":1,"check_me":20,"datarank":2,"abbrev":"","postal":"ME","area_sqkm":0,"sameascity":-99,"labelrank":2,"name_len":8,"mapcolor9":7,"mapcolor13":7,"fips":"RS45","fips_alt":"","woe_id":2346875,"woe_label":"Mariy-El, RU, Russia","woe_name":"Mariy-El","latitude":56.5407,"longitude":47.9131,"sov_a3":"RUS","adm0_a3":"RUS","adm0_label":2,"admin":"Russia","geonunit":"Russia","gu_a3":"RUS","gn_id":529352,"gn_name":"Respublika Mariy-El","gns_id":-2954338,"gns_name":"Mariy-El, Respublika","gn_level":1,"gn_region":"","gn_a1_code":"RU.45","region_sub":"Volga-Vyatka","sub_code":"","gns_level":1,"gns_lang":"rus","gns_adm1":"RS45","gns_region":"","min_label":5,"max_label":10.2,"min_zoom":4.7,"wikidataid":"Q5446","name_ar":"ماري إل","name_bn":"মারি এল প্রজাতন্ত্র","name_de":"Mari El","name_en":"Mari El Republic","name_es":"Mari-El","name_fr":"république des Maris","name_el":"Δημοκρατία της Μαρί Ελ","name_hi":"मरी ऍल","name_hu":"Mariföld","name_id":"Mari El","name_it":"Repubblica dei Mari","name_ja":"マリ・エル共和国","name_ko":"마리옐 공화국","name_nl":"Mari El","name_pl":"Mari El","name_pt":"Mari El","name_ru":"Марий Эл","name_sv":"Marij El","name_tr":"Mari El","name_vi":"Cộng hòa Mari El","name_zh":"马里埃尔共和国","ne_id":1159313201,"name_he":"מארי אל","name_uk":"Марій Ел","name_ur":"ماری ال","name_fa":"ماری ال","name_zht":"马里埃尔共和国","FCLASS_ISO":"","FCLASS_US":"","FCLASS_FR":"","FCLASS_RU":"","FCLASS_ES":"","FCLASS_CN":"","FCLASS_TW":"","FCLASS_IN":"","FCLASS_NP":"","FCLASS_PK":"","FCLASS_DE":"","FCLASS_GB":"","FCLASS_BR":"","FCLASS_IL":"","FCLASS_PS":"","FCLASS_SA":"","FCLASS_EG":"","FCLASS_MA":"","FCLASS_PT":"","FCLASS_AR":"","FCLASS_JP":"","FCLASS_KO":"","FCLASS_VN":"","FCLASS_TR":"","FCLASS_ID":"","FCLASS_PL":"","FCLASS_GR":"","FCLASS_IT":"","FCLASS_NL":"","FCLASS_SE":"","FCLASS_BD":"","FCLASS_UA":"","FCLASS_TLC":""}},{"type":"Feature","geometry":{"type":"Polygon","coordinates":[[[59.485392694117536,61.99327057577642],[59.3486568537308,61.6821784533729],[59.261013625178634,61.22218069108601],[59.46771935396498,60.80786489504885],[59.18845991439349,60.27787140594063],[58.40308149581438,59.5522826203466],[59.00345828627087,59.23064850552407],[59.082729933639484,58.769332994522074],[59.45604047998415,58.492760729224244],[58.67831017397532,58.10709951443101],[58.82982547376656,57.72624420830357],[58.26810265461381,57.66978770653742],[58.02987430225721,57.09935740851756],[57.32304406063486,56.91988515947253],[57.40841352696265,56.329120185448176],[57.80208458773353,56.150629788334015],[58.74652306498746,56.062754014885854],[59.026299269395736,56.169388333205006],[59.19435102687834,56.35180613894215],[60.23955854658965,56.20917918607057],[61.15030398993713,56.2170340033166],[61.3849149920332,56.366999010396],[62.071798130379364,56.13352488896243],[62.332970818648334,56.46916331593428],[63.44773481560924,56.609723212156496],[64.17327192615846,56.46838817047768],[64.33698286296874,56.752711900233976],[64.99544396316833,56.768266506893724],[64.83927778524156,57.64071971324415],[66.19661095613071,58.032504584518904],[65.93450809097561,58.614355374101194],[65.66899458203432,58.66329295540555],[65.00164513491501,59.337670397470845],[63.82507612516304,59.47704173438848],[63.58943159429259,60.154984849870914],[63.197310825334284,60.24200796169805],[62.419683872112955,61.305095527136814],[61.1651868021292,61.68274689415381],[60.05662397601566,61.72119415988254],[59.485392694117536,61.99327057577642]]]},"properties":{"featurecla":"Admin-1 scale rank","scalerank":2,"adm1_code":"RUS-2386","diss_me":2386,"iso_3166_2":"RU-SVE","wikipedia":"","iso_a2":"RU","adm0_sr":1,"name":"Sverdlovsk","name_alt":"Yekaterinburg|Sverdlovskaya Oblast","name_local":"Свердловская область","type":"Oblast","type_en":"Region","code_local":"","code_hasc":"RU.SV","note":"","hasc_maybe":"","region":"Urals","region_cod":"","provnum_ne":7,"gadm_level":1,"check_me":20,"datarank":2,"abbrev":"","postal":"SV","area_sqkm":0,"sameascity":6,"labelrank":6,"name_len":10,"mapcolor9":7,"mapcolor13":7,"fips":"RS71","fips_alt":"","woe_id":2346926,"woe_label":"Sverdlovskaya Oblast, RU, Russia","woe_name":"Sverdlovsk","latitude":58.8952,"longitude":61.7078,"sov_a3":"RUS","adm0_a3":"RUS","adm0_label":2,"admin":"Russia","geonunit":"Russia","gu_a3":"RUS","gn_id":1490542,"gn_name":"Sverdlovskaya Oblast'","gns_id":-3014006,"gns_name":"Sverdlovskaya Oblast'","gn_level":1,"gn_region":"","gn_a1_code":"RU.71","region_sub":"Urals","sub_code":"","gns_level":1,"gns_lang":"fas","gns_adm1":"RS71","gns_region":"","min_label":5,"max_label":10.2,"min_zoom":4.7,"wikidataid":"Q5462","name_ar":"أوبلاست سفردلوفسك","name_bn":"ভার্দলোভস্ক ওব্লাস্ট","name_de":"Swerdlowsk","name_en":"Sverdlovsk","name_es":"Sverdlovsk","name_fr":"Sverdlovsk","name_el":"Όμπλαστ του Σβερντλόφσκ","name_hi":"स्वर्दलोव्स्क ओब्लास्ट","name_hu":"Szverdlovszki terület","name_id":"Sverdlovsk","name_it":"Sverdlovsk","name_ja":"スヴェルドロフスク州","name_ko":"스베르들롭스크","name_nl":"Sverdlovsk","name_pl":"swierdłowski","name_pt":"Sverdlovsk","name_ru":"Свердловская область","name_sv":"Sverdlovsk","name_tr":"Sverdlovsk Oblastı","name_vi":"Sverdlovsk","name_zh":"斯维尔德洛夫斯克州","ne_id":1159313225,"name_he":"מחוז סברדלובסק","name_uk":"Свердловська область","name_ur":"سوردلووسک اوبلاست","name_fa":"استان سوردلوفسک","name_zht":"斯維爾德洛夫斯克州","FCLASS_ISO":"","FCLASS_US":"","FCLASS_FR":"","FCLASS_RU":"","FCLASS_ES":"","FCLASS_CN":"","FCLASS_TW":"","FCLASS_IN":"","FCLASS_NP":"","FCLASS_PK":"","FCLASS_DE":"","FCLASS_GB":"","FCLASS_BR":"","FCLASS_IL":"","FCLASS_PS":"","FCLASS_SA":"","FCLASS_EG":"","FCLASS_MA":"","FCLASS_PT":"","FCLASS_AR":"","FCLASS_JP":"","FCLASS_KO":"","FCLASS_VN":"","FCLASS_TR":"","FCLASS_ID":"","FCLASS_PL":"","FCLASS_GR":"","FCLASS_IT":"","FCLASS_NL":"","FCLASS_SE":"","FCLASS_BD":"","FCLASS_UA":"","FCLASS_TLC":""}},{"type":"Feature","geometry":{"type":"Polygon","coordinates":[[[53.6316931503186,55.906691188847276],[54.35247602724684,56.35852407552562],[54.098641392286424,56.96592886002884],[54.31433881988062,57.29050853154348],[54.08716922388055,57.994238185943516],[53.78455203634735,58.43989573839758],[53.339514600618315,58.38858104118208],[51.97101932238377,58.46413198550272],[51.92389041531038,57.81685883196951],[51.60091271335102,57.45700999631424],[51.14533328610224,56.514690253452386],[51.43647830612889,56.144428615688014],[52.064450310633276,55.89612335890587],[52.958245884240114,56.252225653990706],[53.6316931503186,55.906691188847276]]]},"properties":{"featurecla":"Admin-1 scale rank","scalerank":2,"adm1_code":"RUS-2387","diss_me":2387,"iso_3166_2":"RU-UD","wikipedia":"","iso_a2":"RU","adm0_sr":1,"name":"Udmurt","name_alt":"Udmurtiya|Udmurt Republic|Udmurtskaya A.S.S.R.|Udmurtskaya Respublika","name_local":"Удмуртская Республика","type":"Respublika","type_en":"Republic","code_local":"","code_hasc":"RU.UD","note":"","hasc_maybe":"","region":"Volga","region_cod":"","provnum_ne":20070,"gadm_level":1,"check_me":20,"datarank":2,"abbrev":"","postal":"UD","area_sqkm":0,"sameascity":-99,"labelrank":2,"name_len":6,"mapcolor9":7,"mapcolor13":7,"fips":"RS80","fips_alt":"","woe_id":2346880,"woe_label":"Udmurtiya, RU, Russia","woe_name":"Udmurt","latitude":57.3433,"longitude":52.7957,"sov_a3":"RUS","adm0_a3":"RUS","adm0_label":2,"admin":"Russia","geonunit":"Russia","gu_a3":"RUS","gn_id":479613,"gn_name":"Udmurtskaya Respublika","gns_id":-3023910,"gns_name":"Udmurtskaya Respublika","gn_level":1,"gn_region":"","gn_a1_code":"RU.80","region_sub":"Urals","sub_code":"","gns_level":1,"gns_lang":"fas","gns_adm1":"RS80","gns_region":"","min_label":5,"max_label":10.2,"min_zoom":4.7,"wikidataid":"Q5422","name_ar":"أودمورتيا","name_bn":"আডমুর্ত রিপাবলিক","name_de":"Udmurtien","name_en":"Udmurt Republic","name_es":"Udmurtia","name_fr":"Oudmourtie","name_el":"Δημοκρατία των Ουντμούρτ","name_hi":"उदमूर्तिया","name_hu":"Udmurtföld","name_id":"Udmurtia","name_it":"Udmurtia","name_ja":"ウドムルト共和国","name_ko":"우드무르트 공화국","name_nl":"Oedmoertië","name_pl":"Udmurcja","name_pt":"Udmúrtia","name_ru":"Удмуртия","name_sv":"Udmurtien","name_tr":"Udmurtya","name_vi":"Udmurtia","name_zh":"乌德穆尔特共和国","ne_id":1159313203,"name_he":"אודמורטיה","name_uk":"Удмуртія","name_ur":"ادمورتیا","name_fa":"اودمورتیا","name_zht":"乌德穆尔特共和国","FCLASS_ISO":"","FCLASS_US":"","FCLASS_FR":"","FCLASS_RU":"","FCLASS_ES":"","FCLASS_CN":"","FCLASS_TW":"","FCLASS_IN":"","FCLASS_NP":"","FCLASS_PK":"","FCLASS_DE":"","FCLASS_GB":"","FCLASS_BR":"","FCLASS_IL":"","FCLASS_PS":"","FCLASS_SA":"","FCLASS_EG":"","FCLASS_MA":"","FCLASS_PT":"","FCLASS_AR":"","FCLASS_JP":"","FCLASS_KO":"","FCLASS_VN":"","FCLASS_TR":"","FCLASS_ID":"","FCLASS_PL":"","FCLASS_GR":"","FCLASS_IT":"","FCLASS_NL":"","FCLASS_SE":"","FCLASS_BD":"","FCLASS_UA":"","FCLASS_TLC":""}},{"type":"Feature","geometry":{"type":"Polygon","coordinates":[[[48.41237348834579,55.829357407818065],[47.90511762867561,56.113836168104626],[47.055660435080995,56.28772736302733],[46.2139547059449,56.04980906813398],[45.92012251164459,55.68804820456097],[46.253538853235455,55.38540517770679],[46.05572146957013,55.042118639063915],[46.4413310084193,54.77216095576347],[47.24190229665362,54.67772227626199],[47.996274854700744,54.96824717956366],[48.02500695210915,55.63045482033368],[48.41237348834579,55.829357407818065]]]},"properties":{"featurecla":"Admin-1 scale rank","scalerank":2,"adm1_code":"RUS-2389","diss_me":2389,"iso_3166_2":"RU-CU","wikipedia":"","iso_a2":"RU","adm0_sr":1,"name":"Chuvash","name_alt":"Chuvashskaya A.S.S.R.|Chuvashskaya Respublika|Chuvashiya|Chuvash Republic","name_local":"Чувашская Республика","type":"Respublika","type_en":"Republic","code_local":"","code_hasc":"RU.CV","note":"","hasc_maybe":"","region":"Volga","region_cod":"","provnum_ne":20078,"gadm_level":1,"check_me":20,"datarank":2,"abbrev":"","postal":"CV","area_sqkm":0,"sameascity":-99,"labelrank":2,"name_len":7,"mapcolor9":7,"mapcolor13":7,"fips":"RS16","fips_alt":"","woe_id":2346869,"woe_label":"Chuvashiya, RU, Russia","woe_name":"Chuvash","latitude":55.4883,"longitude":47.1662,"sov_a3":"RUS","adm0_a3":"RUS","adm0_label":2,"admin":"Russia","geonunit":"Russia","gu_a3":"RUS","gn_id":567395,"gn_name":"Chuvashskaya Respublika","gns_id":-2900046,"gns_name":"Chuvashskaya Respublika","gn_level":1,"gn_region":"","gn_a1_code":"RU.16","region_sub":"Volga-Vyatka","sub_code":"","gns_level":1,"gns_lang":"rus","gns_adm1":"RS16","gns_region":"","min_label":5,"max_label":10.2,"min_zoom":4.7,"wikidataid":"Q5466","name_ar":"تشوفاشيا","name_bn":"চুভাশিয়া","name_de":"Tschuwaschien","name_en":"Chuvash Republic","name_es":"Chuvasia","name_fr":"Tchouvachie","name_el":"Τσουβασία","name_hi":"चुवैश गणतंत्र","name_hu":"Csuvasföld","name_id":"Chuvashia","name_it":"Ciuvascia","name_ja":"チュヴァシ共和国","name_ko":"추바시 공화국","name_nl":"Tsjoevasjië","name_pl":"Czuwaszja","name_pt":"Chuváchia","name_ru":"Чувашия","name_sv":"Tjuvasjien","name_tr":"Çuvaşistan","name_vi":"Chuvashia","name_zh":"楚瓦什共和国","ne_id":1159313205,"name_he":"צ'ובשיה","name_uk":"Чуваська Республіка","name_ur":"چوواشیا","name_fa":"چواشستان","name_zht":"楚瓦什共和国","FCLASS_ISO":"","FCLASS_US":"","FCLASS_FR":"","FCLASS_RU":"","FCLASS_ES":"","FCLASS_CN":"","FCLASS_TW":"","FCLASS_IN":"","FCLASS_NP":"","FCLASS_PK":"","FCLASS_DE":"","FCLASS_GB":"","FCLASS_BR":"","FCLASS_IL":"","FCLASS_PS":"","FCLASS_SA":"","FCLASS_EG":"","FCLASS_MA":"","FCLASS_PT":"","FCLASS_AR":"","FCLASS_JP":"","FCLASS_KO":"","FCLASS_VN":"","FCLASS_TR":"","FCLASS_ID":"","FCLASS_PL":"","FCLASS_GR":"","FCLASS_IT":"","FCLASS_NL":"","FCLASS_SE":"","FCLASS_BD":"","FCLASS_UA":"","FCLASS_TLC":""}},{"type":"Feature","geometry":{"type":"Polygon","coordinates":[[[48.43697146975751,52.78044790304824],[48.93606245291983,52.47516937876378],[49.34368615079518,52.468683987076304],[49.81228803916167,52.193093573709405],[50.73150841737953,51.91404083881366],[50.79393354676222,51.72919424092564],[51.415187615715865,52.10271149404019],[51.54520551861975,52.68138418203432],[52.06093631405963,52.999659329014776],[52.538529901233915,54.377249661542635],[51.16879438685146,54.63728546824973],[50.948032668173084,54.34758738904674],[50.07749148884113,54.51646596882938],[50.197380812274616,54.03814891214256],[49.62449588397783,53.814622503925364],[48.49112837087756,53.770516668809194],[48.03451541485447,53.31462718409722],[48.43697146975751,52.78044790304824]]]},"properties":{"featurecla":"Admin-1 scale rank","scalerank":2,"adm1_code":"RUS-2392","diss_me":2392,"iso_3166_2":"RU-SAM","wikipedia":"","iso_a2":"RU","adm0_sr":1,"name":"Samara","name_alt":"Kuybyshev|Kuybyshevskaya|Samarskaya Oblast","name_local":"Самарская область","type":"Oblast","type_en":"Region","code_local":"","code_hasc":"RU.SA","note":"","hasc_maybe":"","region":"Volga","region_cod":"","provnum_ne":20062,"gadm_level":1,"check_me":20,"datarank":2,"abbrev":"","postal":"SA","area_sqkm":0,"sameascity":6,"labelrank":6,"name_len":6,"mapcolor9":7,"mapcolor13":7,"fips":"RS65","fips_alt":"","woe_id":2346906,"woe_label":"Samarskaya Oblast, RU, Russia","woe_name":"Samara","latitude":53.1783,"longitude":50.4377,"sov_a3":"RUS","adm0_a3":"RUS","adm0_label":2,"admin":"Russia","geonunit":"Russia","gu_a3":"RUS","gn_id":499068,"gn_name":"Samarskaya Oblast'","gns_id":-2995975,"gns_name":"Samarskaya Oblast'","gn_level":1,"gn_region":"","gn_a1_code":"RU.65","region_sub":"Volga","sub_code":"","gns_level":1,"gns_lang":"fas","gns_adm1":"RS65","gns_region":"","min_label":5,"max_label":10.2,"min_zoom":4.7,"wikidataid":"Q1727","name_ar":"سمارا أوبلاست","name_bn":"সামারা ওব্লাস্ট","name_de":"Samara","name_en":"Samara","name_es":"Samara","name_fr":"Samara","name_el":"Όμπλαστ της Σαμάρα","name_hi":"समारा ओब्लास्त","name_hu":"Szamarai terület","name_id":"Samara","name_it":"Samara","name_ja":"サマラ州","name_ko":"사마라","name_nl":"Samara","name_pl":"samarski","name_pt":"Samara","name_ru":"Самарская область","name_sv":"Samara","name_tr":"Samara Oblastı","name_vi":"Samara","name_zh":"萨马拉州","ne_id":1159313209,"name_he":"מחוז סמרה","name_uk":"Самарська область","name_ur":"سمارا اوبلاست","name_fa":"استان سامارا","name_zht":"薩馬拉州","FCLASS_ISO":"","FCLASS_US":"","FCLASS_FR":"","FCLASS_RU":"","FCLASS_ES":"","FCLASS_CN":"","FCLASS_TW":"","FCLASS_IN":"","FCLASS_NP":"","FCLASS_PK":"","FCLASS_DE":"","FCLASS_GB":"","FCLASS_BR":"","FCLASS_IL":"","FCLASS_PS":"","FCLASS_SA":"","FCLASS_EG":"","FCLASS_MA":"","FCLASS_PT":"","FCLASS_AR":"","FCLASS_JP":"","FCLASS_KO":"","FCLASS_VN":"","FCLASS_TR":"","FCLASS_ID":"","FCLASS_PL":"","FCLASS_GR":"","FCLASS_IT":"","FCLASS_NL":"","FCLASS_SE":"","FCLASS_BD":"","FCLASS_UA":"","FCLASS_TLC":""}},{"type":"Feature","geometry":{"type":"Polygon","coordinates":[[[60.06441524016092,51.975119183655885],[60.14860802613947,52.42052155212792],[58.827965121792886,52.432717190046276],[58.57640424995617,51.793066311561006],[57.65263634639024,51.86332042080073],[57.20666873557366,51.57514679588792],[56.607635532253994,51.829498196584495],[56.36516971201257,52.52309926971549],[55.545581495589545,52.38494232782614],[54.801647577173924,53.27075389297778],[54.10835656060675,53.416558946538146],[53.47046268130765,54.045745347869456],[52.538529901233915,54.377249661542635],[52.06093631405963,52.999659329014776],[51.54520551861975,52.68138418203432],[51.415187615715865,52.10271149404019],[50.79393354676222,51.72919424092564],[51.60907758973423,51.4839895697007],[52.330997348851696,51.68129018819107],[52.57118940614433,51.48163829203142],[53.338119337788015,51.4823617620835],[54.0414872577127,51.1151748724336],[54.64165734235053,51.011563625688396],[55.542274204333296,50.60179535582998],[56.49146691267043,51.019521796261344],[57.01174523298499,51.06520376240735],[57.44220991397631,50.88888377542749],[57.83882653181644,51.09166209574079],[58.35915652856332,51.063834336951615],[58.88367231632583,50.694451198929315],[59.812401157475364,50.58202912047834],[59.95518313989783,50.799276841833375],[60.63798383977033,50.663729559931795],[61.38941084172646,50.86103017842217],[61.55472374862816,51.32459361429642],[60.46476443872797,51.6511628281649],[60.06441524016092,51.975119183655885]]]},"properties":{"featurecla":"Admin-1 scale rank","scalerank":2,"adm1_code":"RUS-2391","diss_me":2391,"iso_3166_2":"RU-ORE","wikipedia":"","iso_a2":"RU","adm0_sr":1,"name":"Orenburg","name_alt":"Chkalov|Orenburgskaya|Orenburgskaya Oblast","name_local":"Оренбургская область","type":"Oblast","type_en":"Region","code_local":"","code_hasc":"RU.OB","note":"","hasc_maybe":"","region":"Volga","region_cod":"","provnum_ne":20057,"gadm_level":1,"check_me":20,"datarank":2,"abbrev":"","postal":"OB","area_sqkm":0,"sameascity":6,"labelrank":6,"name_len":8,"mapcolor9":7,"mapcolor13":7,"fips":"RS55","fips_alt":"","woe_id":2346916,"woe_label":"Orenburgskaya Oblast, RU, Russia","woe_name":"Orenburg","latitude":51.5157,"longitude":56.2149,"sov_a3":"RUS","adm0_a3":"RUS","adm0_label":2,"admin":"Russia","geonunit":"Russia","gu_a3":"RUS","gn_id":515001,"gn_name":"Orenburgskaya Oblast'","gns_id":-2974930,"gns_name":"Orenburgskaya Oblast'","gn_level":1,"gn_region":"","gn_a1_code":"RU.55","region_sub":"Urals","sub_code":"","gns_level":1,"gns_lang":"fas","gns_adm1":"RS55","gns_region":"","min_label":5,"max_label":10.2,"min_zoom":4.7,"wikidataid":"Q5338","name_ar":"أورنبرغ أوبلاست","name_bn":"ওরেনবার্গ ওব্লাস্ট","name_de":"Orenburg","name_en":"Orenburg","name_es":"Oremburgo","name_fr":"d'Orenbourg","name_el":"Όμπλαστ του Ορενμπούργκ","name_hi":"ओरेनबूर्ग ओब्लास्त","name_hu":"Orenburgi terület","name_id":"Orenburg","name_it":"Orenburg","name_ja":"オレンブルク州","name_ko":"오렌부르크","name_nl":"Orenburg","name_pl":"orenburski","name_pt":"Oremburgo","name_ru":"Оренбургская область","name_sv":"Orenburg","name_tr":"Orenburg Oblastı","name_vi":"Orenburg","name_zh":"奥伦堡州","ne_id":1159313227,"name_he":"מחוז אורנבורג","name_uk":"Оренбурзька область","name_ur":"اورنبرگ اوبلاست","name_fa":"استان ارنبورگ","name_zht":"奧倫堡","FCLASS_ISO":"","FCLASS_US":"","FCLASS_FR":"","FCLASS_RU":"","FCLASS_ES":"","FCLASS_CN":"","FCLASS_TW":"","FCLASS_IN":"","FCLASS_NP":"","FCLASS_PK":"","FCLASS_DE":"","FCLASS_GB":"","FCLASS_BR":"","FCLASS_IL":"","FCLASS_PS":"","FCLASS_SA":"","FCLASS_EG":"","FCLASS_MA":"","FCLASS_PT":"","FCLASS_AR":"","FCLASS_JP":"","FCLASS_KO":"","FCLASS_VN":"","FCLASS_TR":"","FCLASS_ID":"","FCLASS_PL":"","FCLASS_GR":"","FCLASS_IT":"","FCLASS_NL":"","FCLASS_SE":"","FCLASS_BD":"","FCLASS_UA":"","FCLASS_TLC":""}},{"type":"Feature","geometry":{"type":"Polygon","coordinates":[[[50.79393354676222,51.72919424092564],[50.73150841737953,51.91404083881366],[49.81228803916167,52.193093573709405],[49.34368615079518,52.468683987076304],[48.93606245291983,52.47516937876378],[48.43697146975751,52.78044790304824],[47.73076134575945,52.58671295853617],[46.83066124941712,52.61627187824456],[46.28878217985368,52.671875719289005],[45.43147016811372,52.400496935385206],[44.50026085755252,52.52121308021947],[44.34667850111191,52.31613515941007],[43.07957238116046,52.40274485918786],[42.75153038901624,52.17376658805756],[42.48922081918545,51.60770294913175],[42.87286665237406,51.2313434924082],[43.329789666759666,51.01766144551925],[44.21025271998701,51.193516344303816],[45.04244998637773,51.126259466800946],[45.24109419144378,50.586266588532226],[46.46076134595933,50.546940822760746],[46.58344119555471,50.70072988477631],[47.446630581564115,50.36845608670582],[47.849668816932734,50.282305813185474],[48.43428429545068,49.828535061230525],[48.84325158060858,50.013123277377105],[48.808421665243856,50.6013044297232],[49.49799197774661,51.083600572303254],[50.24688683452044,51.28950531677023],[50.79393354676222,51.72919424092564]]]},"properties":{"featurecla":"Admin-1 scale rank","scalerank":2,"adm1_code":"RUS-2393","diss_me":2393,"iso_3166_2":"RU-SAR","wikipedia":"","iso_a2":"RU","adm0_sr":1,"name":"Saratov","name_alt":"Saratovskaya Oblast","name_local":"Саратовская область","type":"Oblast","type_en":"Region","code_local":"","code_hasc":"RU.SR","note":"","hasc_maybe":"","region":"Volga","region_cod":"","provnum_ne":20053,"gadm_level":1,"check_me":20,"datarank":2,"abbrev":"","postal":"SR","area_sqkm":0,"sameascity":6,"labelrank":6,"name_len":7,"mapcolor9":7,"mapcolor13":7,"fips":"RS67","fips_alt":"","woe_id":2346924,"woe_label":"Saratovskaya Oblast, RU, Russia","woe_name":"Saratov","latitude":51.6742,"longitude":46.6368,"sov_a3":"RUS","adm0_a3":"RUS","adm0_label":2,"admin":"Russia","geonunit":"Russia","gu_a3":"RUS","gn_id":498671,"gn_name":"Saratovskaya Oblast'","gns_id":-2996578,"gns_name":"Saratovskaya Oblast'","gn_level":1,"gn_region":"","gn_a1_code":"RU.67","region_sub":"Volga","sub_code":"","gns_level":1,"gns_lang":"fas","gns_adm1":"RS67","gns_region":"","min_label":5,"max_label":10.2,"min_zoom":4.7,"wikidataid":"Q5334","name_ar":"ساراتوف أوبلاست","name_bn":"সারাতোভ ওব্লাস্ট","name_de":"Saratow","name_en":"Saratov","name_es":"Sarátov","name_fr":"Saratov","name_el":"Όμπλαστ του Σαράτοφ","name_hi":"साराटोव ओब्लास्ट","name_hu":"Szaratovi terület","name_id":"Saratov","name_it":"Saratov","name_ja":"サラトフ州","name_ko":"사라토프","name_nl":"Saratov","name_pl":"saratowski","name_pt":"Saratov","name_ru":"Саратовская область","name_sv":"Saratov","name_tr":"Saratov Oblastı","name_vi":"Saratov","name_zh":"萨拉托夫州","ne_id":1159313213,"name_he":"מחוז סראטוב","name_uk":"Саратовська область","name_ur":"ساراتوو اوبلاست","name_fa":"استان ساراتوف","name_zht":"薩拉托夫州","FCLASS_ISO":"","FCLASS_US":"","FCLASS_FR":"","FCLASS_RU":"","FCLASS_ES":"","FCLASS_CN":"","FCLASS_TW":"","FCLASS_IN":"","FCLASS_NP":"","FCLASS_PK":"","FCLASS_DE":"","FCLASS_GB":"","FCLASS_BR":"","FCLASS_IL":"","FCLASS_PS":"","FCLASS_SA":"","FCLASS_EG":"","FCLASS_MA":"","FCLASS_PT":"","FCLASS_AR":"","FCLASS_JP":"","FCLASS_KO":"","FCLASS_VN":"","FCLASS_TR":"","FCLASS_ID":"","FCLASS_PL":"","FCLASS_GR":"","FCLASS_IT":"","FCLASS_NL":"","FCLASS_SE":"","FCLASS_BD":"","FCLASS_UA":"","FCLASS_TLC":""}},{"type":"Feature","geometry":{"type":"Polygon","coordinates":[[[50.07201378840557,56.62274567327415],[49.01574751233778,56.23269196186453],[48.41237348834579,55.829357407818065],[48.02500695210915,55.63045482033368],[47.996274854700744,54.96824717956366],[47.24190229665362,54.67772227626199],[48.0856750833384,54.76626984327862],[48.827541945104656,54.64782745976942],[49.29118289607379,54.88383372674508],[49.61550418516998,54.562044583190925],[50.07749148884113,54.51646596882938],[50.948032668173084,54.34758738904674],[51.16879438685146,54.63728546824973],[52.538529901233915,54.377249661542635],[53.47046268130765,54.045745347869456],[53.42188683520925,54.982173977347145],[54.1767761571939,55.707039293428636],[53.6316931503186,55.906691188847276],[52.958245884240114,56.252225653990706],[52.064450310633276,55.89612335890587],[51.43647830612889,56.144428615688014],[51.073089633679615,56.13052765632625],[50.07201378840557,56.62274567327415]]]},"properties":{"featurecla":"Admin-1 scale rank","scalerank":2,"adm1_code":"RUS-2394","diss_me":2394,"iso_3166_2":"RU-TA","wikipedia":"","iso_a2":"RU","adm0_sr":1,"name":"Tatarstan","name_alt":"Kazan|Kazanskaya G.|Tatar A.S.S.R.|Tatarskaya A.S.S.R.|Republic of Tatarstan|Respublika Tatars","name_local":"Республика Татарстан","type":"Respublika","type_en":"Republic","code_local":"","code_hasc":"RU.TT","note":"","hasc_maybe":"","region":"Volga","region_cod":"","provnum_ne":20098,"gadm_level":1,"check_me":20,"datarank":2,"abbrev":"","postal":"TT","area_sqkm":0,"sameascity":-99,"labelrank":2,"name_len":9,"mapcolor9":7,"mapcolor13":7,"fips":"RS73","fips_alt":"","woe_id":2346878,"woe_label":"Tatarstan, RU, Russia","woe_name":"Tatarstan","latitude":55.374,"longitude":50.7364,"sov_a3":"RUS","adm0_a3":"RUS","adm0_label":2,"admin":"Russia","geonunit":"Russia","gu_a3":"RUS","gn_id":484048,"gn_name":"Respublika Tatarstan","gns_id":-3016810,"gns_name":"Tatarstan, Respublika","gn_level":1,"gn_region":"","gn_a1_code":"RU.73","region_sub":"Volga","sub_code":"","gns_level":1,"gns_lang":"fas","gns_adm1":"RS73","gns_region":"","min_label":5,"max_label":10.2,"min_zoom":4.7,"wikidataid":"Q5481","name_ar":"تتارستان","name_bn":"তাতারস্তান","name_de":"Tatarstan","name_en":"Republic of Tatarstan","name_es":"Tartaristán","name_fr":"Tatarstan","name_el":"Δημοκρατία του Ταταρστάν","name_hi":"तातारस्तान","name_hu":"Tatárföld","name_id":"Tatarstan","name_it":"Tatarstan","name_ja":"タタールスタン共和国","name_ko":"타타르 공화국","name_nl":"Tatarije","name_pl":"Tatarstan","name_pt":"Tartaristão","name_ru":"Татарстан","name_sv":"Tatarstan","name_tr":"Tataristan","name_vi":"Tatarstan","name_zh":"鞑靼斯坦共和国","ne_id":1159313215,"name_he":"טטרסטן","name_uk":"Татарстан","name_ur":"تاتارستان","name_fa":"تاتارستان","name_zht":"鞑靼斯坦共和国","FCLASS_ISO":"","FCLASS_US":"","FCLASS_FR":"","FCLASS_RU":"","FCLASS_ES":"","FCLASS_CN":"","FCLASS_TW":"","FCLASS_IN":"","FCLASS_NP":"","FCLASS_PK":"","FCLASS_DE":"","FCLASS_GB":"","FCLASS_BR":"","FCLASS_IL":"","FCLASS_PS":"","FCLASS_SA":"","FCLASS_EG":"","FCLASS_MA":"","FCLASS_PT":"","FCLASS_AR":"","FCLASS_JP":"","FCLASS_KO":"","FCLASS_VN":"","FCLASS_TR":"","FCLASS_ID":"","FCLASS_PL":"","FCLASS_GR":"","FCLASS_IT":"","FCLASS_NL":"","FCLASS_SE":"","FCLASS_BD":"","FCLASS_UA":"","FCLASS_TLC":""}},{"type":"Feature","geometry":{"type":"Polygon","coordinates":[[[50.07749148884113,54.51646596882938],[49.61550418516998,54.562044583190925],[49.29118289607379,54.88383372674508],[48.827541945104656,54.64782745976942],[48.0856750833384,54.76626984327862],[47.24190229665362,54.67772227626199],[46.4413310084193,54.77216095576347],[46.54313357875162,54.406343492358246],[45.791551547765664,54.00388743835458],[45.95722619023644,54.00538605422298],[46.9059021335766,53.33532359530767],[46.83066124941712,52.61627187824456],[47.73076134575945,52.58671295853617],[48.43697146975751,52.78044790304824],[48.03451541485447,53.31462718409722],[48.49112837087756,53.770516668809194],[49.62449588397783,53.814622503925364],[50.197380812274616,54.03814891214256],[50.07749148884113,54.51646596882938]]]},"properties":{"featurecla":"Admin-1 scale rank","scalerank":2,"adm1_code":"RUS-2395","diss_me":2395,"iso_3166_2":"RU-ULY","wikipedia":"","iso_a2":"RU","adm0_sr":1,"name":"Ul'yanovsk","name_alt":"Simbirsk|Simbirskaya G.|Ul'yanovskaya Oblast","name_local":"Ульяновская область","type":"Oblast","type_en":"Region","code_local":"","code_hasc":"RU.UL","note":"","hasc_maybe":"","region":"Volga","region_cod":"","provnum_ne":20095,"gadm_level":1,"check_me":20,"datarank":2,"abbrev":"","postal":"UL","area_sqkm":0,"sameascity":7,"labelrank":7,"name_len":10,"mapcolor9":7,"mapcolor13":7,"fips":"RS81","fips_alt":"","woe_id":2346931,"woe_label":"Ulryanovskaya Oblast, RU, Russia","woe_name":"Ul'yanovsk","latitude":53.9248,"longitude":47.3773,"sov_a3":"RUS","adm0_a3":"RUS","adm0_label":2,"admin":"Russia","geonunit":"Russia","gu_a3":"RUS","gn_id":479119,"gn_name":"Ul'yanovskaya Oblast'","gns_id":-3025029,"gns_name":"Ul'yanovskaya Oblast'","gn_level":1,"gn_region":"","gn_a1_code":"RU.81","region_sub":"Volga","sub_code":"","gns_level":1,"gns_lang":"fas","gns_adm1":"RS81","gns_region":"","min_label":5,"max_label":10.2,"min_zoom":4.7,"wikidataid":"Q5634","name_ar":"أوليانوفسك أوبلاست","name_bn":"উলিয়ানভস্ক ওব্লাস্ট","name_de":"Uljanowsk","name_en":"Ulyanovsk","name_es":"Uliánovsk","name_fr":"d'Oulianovsk","name_el":"Όμπλαστ του Ουλιάνοφσκ","name_hi":"उल्यानोव्स्क ओब्लास्ट","name_hu":"Uljanovszki terület","name_id":"Ulyanovsk","name_it":"Ul'janovsk","name_ja":"ウリヤノフスク州","name_ko":"울리야놉스크","name_nl":"Oeljanovsk","name_pl":"uljanowski","name_pt":"Ulianovsk","name_ru":"Ульяновская область","name_sv":"Uljanovsk","name_tr":"Ulyanovsk Oblastı","name_vi":"Ulyanovsk","name_zh":"乌里扬诺夫斯克州","ne_id":1159313217,"name_he":"מחוז אולייאנובסק","name_uk":"Ульяновська область","name_ur":"اولیانووسک اوبلاست","name_fa":"استان اولیانوفسک","name_zht":"乌里扬诺夫斯克州","FCLASS_ISO":"","FCLASS_US":"","FCLASS_FR":"","FCLASS_RU":"","FCLASS_ES":"","FCLASS_CN":"","FCLASS_TW":"","FCLASS_IN":"","FCLASS_NP":"","FCLASS_PK":"","FCLASS_DE":"","FCLASS_GB":"","FCLASS_BR":"","FCLASS_IL":"","FCLASS_PS":"","FCLASS_SA":"","FCLASS_EG":"","FCLASS_MA":"","FCLASS_PT":"","FCLASS_AR":"","FCLASS_JP":"","FCLASS_KO":"","FCLASS_VN":"","FCLASS_TR":"","FCLASS_ID":"","FCLASS_PL":"","FCLASS_GR":"","FCLASS_IT":"","FCLASS_NL":"","FCLASS_SE":"","FCLASS_BD":"","FCLASS_UA":"","FCLASS_TLC":""}},{"type":"Feature","geometry":{"type":"Polygon","coordinates":[[[84.25959109865022,60.85551056605976],[85.67118452344698,61.28923086211455],[85.72193077988157,61.57474315027616],[84.68106408084265,61.815296943499106],[84.43570437985323,62.17796214553658],[83.79822391080478,62.56026439068904],[83.31070844883578,62.45701487953306],[82.73265587756669,62.75722911183402],[81.34917443165466,62.82115285901722],[81.07466922390552,63.11743968449383],[79.91474002463241,62.79203318977983],[79.82006880113425,62.6037242697592],[78.79305138461365,62.615093085377566],[77.96653852693146,62.47799550978493],[77.02623416477485,62.97501943629794],[75.80274295442376,63.113977362964874],[74.50742150280007,63.04323232731002],[73.36805952262881,63.2069432641203],[73.10378624893622,63.436257432934156],[72.65502811105847,63.28016876937318],[71.60796024027286,63.18523916345657],[71.56909956159546,63.55141836206775],[70.91384240140565,63.692391669439985],[70.67210005067676,64.23680288454545],[69.01483686742745,64.47182729779155],[67.80932905469211,64.03200918187821],[66.81869184815025,64.22561493608043],[66.93630740756078,64.48704600676774],[65.39965701725748,64.57135610589955],[63.61144575421815,64.26848053684728],[63.21477745991183,64.52595836048994],[62.600448032350755,64.64504669914584],[62.816662224781794,65.29157054294615],[62.018468051559296,65.71712596339245],[60.67653445769906,64.91231720637393],[60.147367791790145,65.06478852057376],[59.64755333821597,64.77242910372013],[59.584404738288015,63.938268134366865],[59.27806684770684,62.970239366053875],[59.643729282380434,62.51026744218865],[59.485392694117536,61.99327057577642],[60.05662397601566,61.72119415988254],[61.1651868021292,61.68274689415381],[62.419683872112955,61.305095527136814],[63.197310825334284,60.24200796169805],[63.58943159429259,60.154984849870914],[63.82507612516304,59.47704173438848],[65.00164513491501,59.337670397470845],[65.66899458203432,58.66329295540555],[65.93450809097561,58.614355374101194],[66.74066043513096,58.66959747993974],[67.74214969335361,59.21194163749652],[68.35813276641403,59.282919217148105],[68.54344445199985,59.55086151794467],[69.61562706903396,59.90487091705916],[71.29645470582,59.79908926036103],[71.99977094907001,59.56582184540184],[73.03205936135043,58.8631257188768],[75.1594747247787,58.650218818343774],[75.64161583909964,58.98239492468599],[75.62838667240698,59.23777985325762],[76.17171268099537,59.54277415580265],[76.64548221233417,59.585097154210246],[77.13609825972685,60.85613068278474],[80.16537072138163,60.663584295778605],[80.72347619027391,60.79662527153903],[81.14050499900645,60.63666087529913],[82.13899702279434,60.53196442331944],[83.14420698406502,61.028213203476525],[84.25959109865022,60.85551056605976]]]},"properties":{"featurecla":"Admin-1 scale rank","scalerank":2,"adm1_code":"RUS-2396","diss_me":2396,"iso_3166_2":"RU-KHM","wikipedia":"","iso_a2":"RU","adm0_sr":1,"name":"Khanty-Mansiy","name_alt":"Khanty-Mansiysk|Khanty-Mansiyskiy A.Okr.|Khanty-Mansiyskiy A.Okr.-Yugra|Khanty-Mansiyskiy AOk","name_local":"Ханты-Мансийский АОк","type":"Avtonomnyy Okrug","type_en":"Autonomous Province","code_local":"","code_hasc":"RU.KM","note":"","hasc_maybe":"","region":"Urals","region_cod":"","provnum_ne":7,"gadm_level":1,"check_me":20,"datarank":2,"abbrev":"","postal":"KM","area_sqkm":0,"sameascity":-99,"labelrank":2,"name_len":13,"mapcolor9":7,"mapcolor13":7,"fips":"RS32","fips_alt":"","woe_id":20070526,"woe_label":"Khanty-Mansiyskiy Avtonomnyy Okrug, RU, Russia","woe_name":"Khanty-Mansiy","latitude":61.4315,"longitude":71.3806,"sov_a3":"RUS","adm0_a3":"RUS","adm0_label":2,"admin":"Russia","geonunit":"Russia","gu_a3":"RUS","gn_id":1503773,"gn_name":"Khanty-Mansiyskiy Avtonomnyy Okrug","gns_id":-2924568,"gns_name":"Khanty-Mansiyskiy Avtonomnyy Okrug","gn_level":1,"gn_region":"","gn_a1_code":"RU.32","region_sub":"West Siberian","sub_code":"","gns_level":1,"gns_lang":"rus","gns_adm1":"RS32","gns_region":"","min_label":5,"max_label":10.2,"min_zoom":4.7,"wikidataid":"Q6320","name_ar":"أوكروغ خانتي-مانسي ذاتية الحكم","name_bn":"কান্তি-মান্সি স্বায়ত্তশাসিত ওব্লাস্ট","name_de":"Autonomer Kreis der Chanten und Mansen/Jugra","name_en":"Khanty-Mansi Autonomous Okrug","name_es":"Janti-Mansi","name_fr":"Khantys-Mansis","name_el":"Αυτόνομος θύλακας της Χαντίας - Μανσίας","name_hi":"खांति-मानसी स्वायत्त ऑक्रग","name_hu":"Hanti- és Manysiföld","name_id":"Khantia-Mansia","name_it":"degli Chanty-Mansi-Jugra","name_ja":"ハンティ・マンシ自治管区・ユグラ","name_ko":"한티만시 자치구","name_nl":"Chanto-Mansië","name_pl":"Chanty-Mansyjski – Jugra","name_pt":"Khantia-Mansia","name_ru":"Ханты-Мансийский автономный округ — Югра","name_sv":"Chantien-Mansien","name_tr":"Hantı-Mansi Özerk Okrugu","name_vi":"Khantia-Mansia","name_zh":"汉特-曼西自治区","ne_id":1159313235,"name_he":"חנטי ומנסי","name_uk":"Ханти-Мансійський автономний округ — Югра","name_ur":"خانتی-مانسی خود مختار آکرگ","name_fa":"خانتی-مانسی","name_zht":"汉特-曼西自治区","FCLASS_ISO":"","FCLASS_US":"","FCLASS_FR":"","FCLASS_RU":"","FCLASS_ES":"","FCLASS_CN":"","FCLASS_TW":"","FCLASS_IN":"","FCLASS_NP":"","FCLASS_PK":"","FCLASS_DE":"","FCLASS_GB":"","FCLASS_BR":"","FCLASS_IL":"","FCLASS_PS":"","FCLASS_SA":"","FCLASS_EG":"","FCLASS_MA":"","FCLASS_PT":"","FCLASS_AR":"","FCLASS_JP":"","FCLASS_KO":"","FCLASS_VN":"","FCLASS_TR":"","FCLASS_ID":"","FCLASS_PL":"","FCLASS_GR":"","FCLASS_IT":"","FCLASS_NL":"","FCLASS_SE":"","FCLASS_BD":"","FCLASS_UA":"","FCLASS_TLC":""}},{"type":"Feature","geometry":{"type":"Polygon","coordinates":[[[75.69120438840771,54.11437723880899],[75.76563927583186,54.70591177041183],[75.09746300641257,55.38178782834558],[75.31760460836597,55.89578746212163],[76.10825402180564,56.32839671503632],[76.2841605983329,56.72620189090452],[76.10866743385498,57.25025259158383],[75.09291548016523,58.11014842391063],[75.10521447087109,58.581024075400705],[74.20625125519126,58.133557847816405],[73.08735314313304,58.14632192651567],[72.86121707500797,58.0105162621158],[71.98891889828849,58.12270579703488],[71.2691695492353,58.076352037216736],[70.86464643678357,58.534618638739175],[70.43614546144386,57.93382843713266],[70.67520063699976,57.51132192616592],[71.65229861758712,56.92262400969025],[71.16891727071544,56.675714015989],[70.58580040926142,55.83788402043115],[70.472376839112,55.27649061476168],[70.738142531217,55.30515167909098],[71.33645226429232,54.15834829366973],[72.26916019072831,54.27211395936028],[72.9140303892986,54.10734365499765],[73.85893395375552,53.61972483989153],[74.20997195831421,53.57647166606323],[75.69120438840771,54.11437723880899]]]},"properties":{"featurecla":"Admin-1 scale rank","scalerank":2,"adm1_code":"RUS-2397","diss_me":2397,"iso_3166_2":"RU-OMS","wikipedia":"","iso_a2":"RU","adm0_sr":1,"name":"Omsk","name_alt":"Omskaya Oblast","name_local":"Омская область","type":"Oblast","type_en":"Region","code_local":"","code_hasc":"RU.OM","note":"","hasc_maybe":"","region":"Siberian","region_cod":"","provnum_ne":20063,"gadm_level":1,"check_me":20,"datarank":2,"abbrev":"","postal":"OM","area_sqkm":0,"sameascity":6,"labelrank":6,"name_len":4,"mapcolor9":7,"mapcolor13":7,"fips":"RS54","fips_alt":"","woe_id":2346915,"woe_label":"Omskaya Oblast, RU, Russia","woe_name":"Omsk","latitude":56.0471,"longitude":73.3995,"sov_a3":"RUS","adm0_a3":"RUS","adm0_label":2,"admin":"Russia","geonunit":"Russia","gu_a3":"RUS","gn_id":1496152,"gn_name":"Omskaya Oblast'","gns_id":-2974463,"gns_name":"Omskaya Oblast'","gn_level":1,"gn_region":"","gn_a1_code":"RU.54","region_sub":"West Siberian","sub_code":"","gns_level":1,"gns_lang":"fas","gns_adm1":"RS54","gns_region":"","min_label":5,"max_label":10.2,"min_zoom":4.7,"wikidataid":"Q5835","name_ar":"أوبلاست أومسك","name_bn":"ওমস্ক ওব্লাস্ট","name_de":"Omsk","name_en":"Omsk","name_es":"Omsk","name_fr":"d'Omsk","name_el":"Όμπλαστ του Ομσκ","name_hi":"ओम्स्क ओब्लास्ट","name_hu":"Omszki terület","name_id":"Omsk","name_it":"Omsk","name_ja":"オムスク州","name_ko":"옴스크","name_nl":"Omsk","name_pl":"omski","name_pt":"Omsk","name_ru":"Омская область","name_sv":"Omsk","name_tr":"Omsk Oblastı","name_vi":"Omsk","name_zh":"鄂木斯克州","ne_id":1159313237,"name_he":"מחוז אומסק","name_uk":"Омська область","name_ur":"اومسک اوبلاست","name_fa":"استان اومسک","name_zht":"鄂木斯克州","FCLASS_ISO":"","FCLASS_US":"","FCLASS_FR":"","FCLASS_RU":"","FCLASS_ES":"","FCLASS_CN":"","FCLASS_TW":"","FCLASS_IN":"","FCLASS_NP":"","FCLASS_PK":"","FCLASS_DE":"","FCLASS_GB":"","FCLASS_BR":"","FCLASS_IL":"","FCLASS_PS":"","FCLASS_SA":"","FCLASS_EG":"","FCLASS_MA":"","FCLASS_PT":"","FCLASS_AR":"","FCLASS_JP":"","FCLASS_KO":"","FCLASS_VN":"","FCLASS_TR":"","FCLASS_ID":"","FCLASS_PL":"","FCLASS_GR":"","FCLASS_IT":"","FCLASS_NL":"","FCLASS_SE":"","FCLASS_BD":"","FCLASS_UA":"","FCLASS_TLC":""}},{"type":"Feature","geometry":{"type":"Polygon","coordinates":[[[70.472376839112,55.27649061476168],[70.58580040926142,55.83788402043115],[71.16891727071544,56.675714015989],[71.65229861758712,56.92262400969025],[70.67520063699976,57.51132192616592],[70.43614546144386,57.93382843713266],[70.86464643678357,58.534618638739175],[71.2691695492353,58.076352037216736],[71.98891889828849,58.12270579703488],[72.86121707500797,58.0105162621158],[73.08735314313304,58.14632192651567],[74.20625125519126,58.133557847816405],[75.10521447087109,58.581024075400705],[75.1594747247787,58.650218818343774],[73.03205936135043,58.8631257188768],[71.99977094907001,59.56582184540184],[71.29645470582,59.79908926036103],[69.61562706903396,59.90487091705916],[68.54344445199985,59.55086151794467],[68.35813276641403,59.282919217148105],[67.74214969335361,59.21194163749652],[66.74066043513096,58.66959747993974],[65.93450809097561,58.614355374101194],[66.19661095613071,58.032504584518904],[64.83927778524156,57.64071971324415],[64.99544396316833,56.768266506893724],[65.11688357931371,56.325399482400144],[65.66713423006064,56.27351634440373],[66.02793908102376,55.990277818466495],[66.76050418472033,56.04546824836092],[67.44666385265464,55.73504791952581],[68.18946089130708,55.70016632811354],[68.77152827050527,55.330969053000025],[69.49325727730576,55.356879787815146],[70.18246585478249,55.16247304953312],[70.472376839112,55.27649061476168]]]},"properties":{"featurecla":"Admin-1 scale rank","scalerank":2,"adm1_code":"RUS-2398","diss_me":2398,"iso_3166_2":"RU-TYU","wikipedia":"","iso_a2":"RU","adm0_sr":1,"name":"Tyumen'","name_alt":"Tobol'sk|Tobol'skaya G.|Tyumenskaya Oblast","name_local":"Тюменская область","type":"Oblast","type_en":"Region","code_local":"","code_hasc":"RU.TY","note":"","hasc_maybe":"","region":"Urals","region_cod":"","provnum_ne":20066,"gadm_level":1,"check_me":20,"datarank":2,"abbrev":"","postal":"TY","area_sqkm":0,"sameascity":6,"labelrank":6,"name_len":7,"mapcolor9":7,"mapcolor13":7,"fips":"RS78","fips_alt":"","woe_id":20070528,"woe_label":"Tyumenskaya Oblast, RU, Russia","woe_name":"Tyumen'","latitude":57.2639,"longitude":68.5186,"sov_a3":"RUS","adm0_a3":"RUS","adm0_label":2,"admin":"Russia","geonunit":"Russia","gu_a3":"RUS","gn_id":1488747,"gn_name":"Tyumenskaya Oblast'","gns_id":-3023512,"gns_name":"Tyumenskaya Oblast'","gn_level":1,"gn_region":"","gn_a1_code":"RU.78","region_sub":"West Siberian","sub_code":"","gns_level":1,"gns_lang":"fas","gns_adm1":"RS78","gns_region":"","min_label":5,"max_label":10.2,"min_zoom":4.7,"wikidataid":"Q5824","name_ar":"تيومين أوبلاست","name_bn":"তিউমেন ওব্লাস্ট","name_de":"Tjumen","name_en":"Tyumen","name_es":"Tiumén","name_fr":"Tioumen","name_el":"Όμπλαστ του Τιουμέν","name_hi":"ट्युमेन ओब्लास्ट","name_hu":"Tyumenyi terület","name_id":"Tyumen","name_it":"Tjumen'","name_ja":"チュメニ州","name_ko":"튜멘","name_nl":"Tjoemen","name_pl":"tiumeński","name_pt":"Tiumen","name_ru":"Тюменская область","name_sv":"Tiumen","name_tr":"Tümen Oblastı","name_vi":"Tyumen","name_zh":"秋明州","ne_id":1159313231,"name_he":"מחוז טיומן","name_uk":"Тюменська область","name_ur":"تیومن اوبلاست","name_fa":"استان تیومن","name_zht":"秋明州","FCLASS_ISO":"","FCLASS_US":"","FCLASS_FR":"","FCLASS_RU":"","FCLASS_ES":"","FCLASS_CN":"","FCLASS_TW":"","FCLASS_IN":"","FCLASS_NP":"","FCLASS_PK":"","FCLASS_DE":"","FCLASS_GB":"","FCLASS_BR":"","FCLASS_IL":"","FCLASS_PS":"","FCLASS_SA":"","FCLASS_EG":"","FCLASS_MA":"","FCLASS_PT":"","FCLASS_AR":"","FCLASS_JP":"","FCLASS_KO":"","FCLASS_VN":"","FCLASS_TR":"","FCLASS_ID":"","FCLASS_PL":"","FCLASS_GR":"","FCLASS_IT":"","FCLASS_NL":"","FCLASS_SE":"","FCLASS_BD":"","FCLASS_UA":"","FCLASS_TLC":""}},{"type":"Feature","geometry":{"type":"Polygon","coordinates":[[[84.06673987868467,50.628959004926394],[84.5416410661822,50.691066393299366],[84.39415652870082,51.26601837824552],[85.23906619694742,51.47076040317006],[85.93959191313627,52.074987087883756],[86.43992312974859,52.02292308183473],[86.84072553915229,52.648311265752284],[87.17321170385702,52.61162099920972],[86.94449181514511,52.86240672469057],[86.98345584481137,53.40743805652107],[86.45480594283993,53.614040432519914],[86.11746219262608,54.00021841125067],[85.07938602064831,54.46938874039802],[84.53192589696255,54.16971710955693],[83.18317101373128,54.06217845277337],[82.48553917829042,53.46862295168785],[81.84568159423014,53.709848538479264],[81.85456994025049,53.96864411083703],[80.65536665204934,54.204340318550805],[80.12847374926406,54.07514923794696],[79.57150516103434,53.732741197548194],[78.62685997910472,53.5293944357046],[77.92530073414156,53.56484446879716],[77.78444660661168,53.32711727649289],[78.47549970898231,52.63844106710114],[79.46882409049672,51.49311046000021],[79.98620853060294,50.77457550719785],[80.87731692904401,51.2814437933327],[81.46591149284845,50.73984894469771],[82.49396243686297,50.72760163024455],[83.3573205911633,50.99456207946436],[84.06673987868467,50.628959004926394]]]},"properties":{"featurecla":"Admin-1 scale rank","scalerank":2,"adm1_code":"RUS-2399","diss_me":2399,"iso_3166_2":"RU-ALT","wikipedia":"","iso_a2":"RU","adm0_sr":1,"name":"Altay","name_alt":"Altayskiy Kray","name_local":"Алтайский край","type":"Kray","type_en":"Territory","code_local":"","code_hasc":"RU.AL","note":"","hasc_maybe":"RU.KE|RUS-ALT","region":"Siberian","region_cod":"","provnum_ne":20061,"gadm_level":1,"check_me":20,"datarank":2,"abbrev":"","postal":"AL","area_sqkm":0,"sameascity":-99,"labelrank":2,"name_len":5,"mapcolor9":7,"mapcolor13":7,"fips":"RS04","fips_alt":"RS29","woe_id":20070529,"woe_label":"Altayskiy Kray, RU, Russia","woe_name":"Altay","latitude":52.4268,"longitude":82.8667,"sov_a3":"RUS","adm0_a3":"RUS","adm0_label":2,"admin":"Russia","geonunit":"Russia","gu_a3":"RUS","gn_id":1511732,"gn_name":"Altayskiy Kray","gns_id":-2876983,"gns_name":"Altayskiy Kray","gn_level":1,"gn_region":"","gn_a1_code":"RU.04","region_sub":"West Siberian","sub_code":"","gns_level":1,"gns_lang":"rus","gns_adm1":"RS04","gns_region":"","min_label":5,"max_label":10.2,"min_zoom":4.7,"wikidataid":"Q5971","name_ar":"جمهورية ألطاي","name_bn":"আলতাই প্রজাতন্ত্র","name_de":"Republik Altai","name_en":"Altai Republic","name_es":"Altái","name_fr":"république de l'Altaï","name_el":"Δημοκρατία των Αλτάι","name_hi":"अल्ताई गणराज्य","name_hu":"Altaj köztársaság","name_id":"Republik Altai","name_it":"Repubblica dell'Altaj","name_ja":"アルタイ共和国","name_ko":"알타이 공화국","name_nl":"Altaj","name_pl":"Republika Ałtaju","name_pt":"Altai","name_ru":"Республика Алтай","name_sv":"Altajrepubliken","name_tr":"Altay Cumhuriyeti","name_vi":"Cộng hòa Altai","name_zh":"阿尔泰共和国","ne_id":1159313239,"name_he":"אלטאי","name_uk":"Республіка Алтай","name_ur":"التائی جمہوریہ","name_fa":"جمهوری آلتایی","name_zht":"阿尔泰共和国","FCLASS_ISO":"","FCLASS_US":"","FCLASS_FR":"","FCLASS_RU":"","FCLASS_ES":"","FCLASS_CN":"","FCLASS_TW":"","FCLASS_IN":"","FCLASS_NP":"","FCLASS_PK":"","FCLASS_DE":"","FCLASS_GB":"","FCLASS_BR":"","FCLASS_IL":"","FCLASS_PS":"","FCLASS_SA":"","FCLASS_EG":"","FCLASS_MA":"","FCLASS_PT":"","FCLASS_AR":"","FCLASS_JP":"","FCLASS_KO":"","FCLASS_VN":"","FCLASS_TR":"","FCLASS_ID":"","FCLASS_PL":"","FCLASS_GR":"","FCLASS_IT":"","FCLASS_NL":"","FCLASS_SE":"","FCLASS_BD":"","FCLASS_UA":"","FCLASS_TLC":""}},{"type":"Feature","geometry":{"type":"Polygon","coordinates":[[[89.64386193233429,49.90305247659542],[89.84364302020919,50.429919542552796],[89.05237348824585,51.064583645219045],[88.73570031082068,51.55938548455242],[88.50770389162125,51.31635122353009],[87.86154178302684,51.54936025697026],[87.83911421105194,51.81063629802668],[88.36476688038721,52.16800466588262],[87.92376020696793,52.54759389923902],[87.17321170385702,52.61162099920972],[86.84072553915229,52.648311265752284],[86.43992312974859,52.02292308183473],[85.93959191313627,52.074987087883756],[85.23906619694742,51.47076040317006],[84.39415652870082,51.26601837824552],[84.5416410661822,50.691066393299366],[84.06673987868467,50.628959004926394],[84.32325646356301,50.239155992221754],[84.98946902866984,50.061414903353864],[85.37161624546823,49.623948065787005],[86.18086917515899,49.49933034931516],[86.61422773635863,49.6097112086906],[87.3228149759448,49.085789699899436],[87.81432759289595,49.162354019902615],[88.19258100784933,49.45171051695819],[88.83166344600292,49.44845490172381],[89.65409386592808,49.71745657001915],[89.64386193233429,49.90305247659542]]]},"properties":{"featurecla":"Admin-1 scale rank","scalerank":2,"adm1_code":"RUS-2400","diss_me":2400,"iso_3166_2":"RU-AL","wikipedia":"","iso_a2":"RU","adm0_sr":1,"name":"Gorno-Altay","name_alt":"Gorno-Altayskaya A.Obl.|Respublika Altay|Oirot|Republic of Altai","name_local":"Республика Алтай","type":"Respublika","type_en":"Republic","code_local":"","code_hasc":"RU.GA","note":"","hasc_maybe":"","region":"Siberian","region_cod":"","provnum_ne":20055,"gadm_level":1,"check_me":20,"datarank":2,"abbrev":"","postal":"GA","area_sqkm":0,"sameascity":7,"labelrank":7,"name_len":11,"mapcolor9":7,"mapcolor13":7,"fips":"RS03","fips_alt":"","woe_id":20070530,"woe_label":"Altay, RU, Russia","woe_name":"Gorno-Altay","latitude":50.9782,"longitude":86.937,"sov_a3":"RUS","adm0_a3":"RUS","adm0_label":2,"admin":"Russia","geonunit":"Russia","gu_a3":"RUS","gn_id":1506272,"gn_name":"Respublika Altay","gns_id":-2911003,"gns_name":"Altay, Respublika","gn_level":1,"gn_region":"","gn_a1_code":"RU.03","region_sub":"West Siberian","sub_code":"","gns_level":1,"gns_lang":"rus","gns_adm1":"RS03","gns_region":"","min_label":5,"max_label":10.2,"min_zoom":4.7,"wikidataid":"Q5971","name_ar":"جمهورية ألطاي","name_bn":"আলতাই প্রজাতন্ত্র","name_de":"Republik Altai","name_en":"Altai Republic","name_es":"Altái","name_fr":"république de l'Altaï","name_el":"Δημοκρατία των Αλτάι","name_hi":"अल्ताई गणराज्य","name_hu":"Altaj köztársaság","name_id":"Republik Altai","name_it":"Repubblica dell'Altaj","name_ja":"アルタイ共和国","name_ko":"알타이 공화국","name_nl":"Altaj","name_pl":"Republika Ałtaju","name_pt":"Altai","name_ru":"Республика Алтай","name_sv":"Altajrepubliken","name_tr":"Altay Cumhuriyeti","name_vi":"Cộng hòa Altai","name_zh":"阿尔泰共和国","ne_id":1159313241,"name_he":"אלטאי","name_uk":"Республіка Алтай","name_ur":"التائی جمہوریہ","name_fa":"جمهوری آلتایی","name_zht":"阿尔泰共和国","FCLASS_ISO":"","FCLASS_US":"","FCLASS_FR":"","FCLASS_RU":"","FCLASS_ES":"","FCLASS_CN":"","FCLASS_TW":"","FCLASS_IN":"","FCLASS_NP":"","FCLASS_PK":"","FCLASS_DE":"","FCLASS_GB":"","FCLASS_BR":"","FCLASS_IL":"","FCLASS_PS":"","FCLASS_SA":"","FCLASS_EG":"","FCLASS_MA":"","FCLASS_PT":"","FCLASS_AR":"","FCLASS_JP":"","FCLASS_KO":"","FCLASS_VN":"","FCLASS_TR":"","FCLASS_ID":"","FCLASS_PL":"","FCLASS_GR":"","FCLASS_IT":"","FCLASS_NL":"","FCLASS_SE":"","FCLASS_BD":"","FCLASS_UA":"","FCLASS_TLC":""}},{"type":"Feature","geometry":{"type":"Polygon","coordinates":[[[84.41038292802966,56.044072984380705],[85.0760787287503,54.868279120085276],[85.07938602064831,54.46938874039802],[86.11746219262608,54.00021841125067],[86.45480594283993,53.614040432519914],[86.98345584481137,53.40743805652107],[86.94449181514511,52.86240672469057],[87.17321170385702,52.61162099920972],[87.92376020696793,52.54759389923902],[88.36476688038721,52.16800466588262],[89.11510867702378,52.62640045771491],[88.89507042785795,52.98736033830892],[88.83388553269117,53.58461070402075],[89.26042280506834,53.83480215119829],[89.12916466691581,54.35048126889541],[88.39649621043174,55.27900340428363],[88.60877351988199,55.44558963285522],[89.36284549392434,55.77253917084602],[89.19872114506478,56.13455841683742],[88.59245324122406,56.44363515943502],[88.62397586479426,56.83296540043284],[87.77916955023454,56.54796987620881],[86.70667687393853,56.631892401712946],[84.41038292802966,56.044072984380705]]]},"properties":{"featurecla":"Admin-1 scale rank","scalerank":2,"adm1_code":"RUS-2401","diss_me":2401,"iso_3166_2":"RU-KEM","wikipedia":"","iso_a2":"RU","adm0_sr":1,"name":"Kemerovo","name_alt":"Kemerovskaya Oblast","name_local":"Кемеровская область","type":"Oblast","type_en":"Region","code_local":"","code_hasc":"RU.KE","note":"","hasc_maybe":"","region":"Siberian","region_cod":"","provnum_ne":20094,"gadm_level":1,"check_me":20,"datarank":2,"abbrev":"","postal":"KE","area_sqkm":0,"sameascity":6,"labelrank":6,"name_len":8,"mapcolor9":7,"mapcolor13":7,"fips":"RS29","fips_alt":"","woe_id":2346901,"woe_label":"Kemerovskaya Oblast, RU, Russia","woe_name":"Kemerovo","latitude":54.6462,"longitude":87.1676,"sov_a3":"RUS","adm0_a3":"RUS","adm0_label":2,"admin":"Russia","geonunit":"Russia","gu_a3":"RUS","gn_id":1503900,"gn_name":"Kemerovskaya Oblast'","gns_id":-2923679,"gns_name":"Kemerovskaya Oblast'","gn_level":1,"gn_region":"","gn_a1_code":"RU.29","region_sub":"West Siberian","sub_code":"","gns_level":1,"gns_lang":"rus","gns_adm1":"RS29","gns_region":"","min_label":5,"max_label":10.2,"min_zoom":4.7,"wikidataid":"Q6076","name_ar":"أوبلاست كيمروفسكايا","name_bn":"কেমেরোভো ওব্লাস্ট","name_de":"Kemerowo","name_en":"Kemerovo","name_es":"Kémerovo","name_fr":"Kemerovo","name_el":"Όμπλαστ του Κεμέροβο","name_hi":"केमेरोवो ओब्लास्ट","name_hu":"Kemerovói terület","name_id":"Kemerovo","name_it":"Kemerovo","name_ja":"ケメロヴォ州","name_ko":"케메로보","name_nl":"Kemerovo","name_pl":"kemerowski","name_pt":"Kemerovo","name_ru":"Кемеровская область","name_sv":"Kemerovo","name_tr":"Kemerovo Oblastı","name_vi":"Kemerovo","name_zh":"科麦罗沃州","ne_id":1159313243,"name_he":"מחוז קמרובו","name_uk":"Кемеровська область","name_ur":"کیمیروو اوبلاست","name_fa":"استان کمروو","name_zht":"科麦罗沃州","FCLASS_ISO":"","FCLASS_US":"","FCLASS_FR":"","FCLASS_RU":"","FCLASS_ES":"","FCLASS_CN":"","FCLASS_TW":"","FCLASS_IN":"","FCLASS_NP":"","FCLASS_PK":"","FCLASS_DE":"","FCLASS_GB":"","FCLASS_BR":"","FCLASS_IL":"","FCLASS_PS":"","FCLASS_SA":"","FCLASS_EG":"","FCLASS_MA":"","FCLASS_PT":"","FCLASS_AR":"","FCLASS_JP":"","FCLASS_KO":"","FCLASS_VN":"","FCLASS_TR":"","FCLASS_ID":"","FCLASS_PL":"","FCLASS_GR":"","FCLASS_IT":"","FCLASS_NL":"","FCLASS_SE":"","FCLASS_BD":"","FCLASS_UA":"","FCLASS_TLC":""}},{"type":"Feature","geometry":{"type":"Polygon","coordinates":[[[88.36476688038721,52.16800466588262],[87.83911421105194,51.81063629802668],[87.86154178302684,51.54936025697026],[88.50770389162125,51.31635122353009],[88.73570031082068,51.55938548455242],[89.58060997906722,51.55302928317485],[90.12372928297998,52.128601385745355],[90.47658916056128,52.18340084257483],[91.39631310426631,52.8679877788129],[91.4639058776541,54.056545721807595],[90.91530887240651,54.79107453116467],[90.12920698431486,55.10521556304775],[89.20078820171409,54.99039052979907],[88.60877351988199,55.44558963285522],[88.39649621043174,55.27900340428363],[89.12916466691581,54.35048126889541],[89.26042280506834,53.83480215119829],[88.83388553269117,53.58461070402075],[88.89507042785795,52.98736033830892],[89.11510867702378,52.62640045771491],[88.36476688038721,52.16800466588262]]]},"properties":{"featurecla":"Admin-1 scale rank","scalerank":2,"adm1_code":"RUS-2402","diss_me":2402,"iso_3166_2":"RU-KK","wikipedia":"","iso_a2":"RU","adm0_sr":1,"name":"Khakass","name_alt":"Khakassiya|Republic of Khakasia|Khakasskaya A.Obl.|Respublika Khakasiya|Republic of Khakasia","name_local":"Республика Хакасия","type":"Respublika","type_en":"Republic","code_local":"","code_hasc":"RU.KK","note":"","hasc_maybe":"","region":"Siberian","region_cod":"","provnum_ne":20004,"gadm_level":1,"check_me":20,"datarank":2,"abbrev":"","postal":"KK","area_sqkm":0,"sameascity":-99,"labelrank":2,"name_len":7,"mapcolor9":7,"mapcolor13":7,"fips":"RS31","fips_alt":"","woe_id":20070519,"woe_label":"Khakasiya, RU, Russia","woe_name":"Khakass","latitude":53.3643,"longitude":89.8405,"sov_a3":"RUS","adm0_a3":"RUS","adm0_label":2,"admin":"Russia","geonunit":"Russia","gu_a3":"RUS","gn_id":1503834,"gn_name":"Respublika Khakasiya","gns_id":-2924241,"gns_name":"Khakasiya, Respublika","gn_level":1,"gn_region":"","gn_a1_code":"RU.31","region_sub":"East Siberian","sub_code":"","gns_level":1,"gns_lang":"rus","gns_adm1":"RS31","gns_region":"","min_label":5,"max_label":10.2,"min_zoom":4.7,"wikidataid":"Q6543","name_ar":"خقاسيا","name_bn":"রিপাাবলিক অফ খাকসিয়া","name_de":"Chakassien","name_en":"Republic of Khakassia","name_es":"Jakasia","name_fr":"Khakassie","name_el":"Δημοκρατία της Χακασίας","name_hi":"ख़कासिया","name_hu":"Hakaszföld","name_id":"Khakassia","name_it":"Chakassia","name_ja":"ハカス共和国","name_ko":"하카스 공화국","name_nl":"Chakassië","name_pl":"Chakasja","name_pt":"Cacássia","name_ru":"Хакасия","name_sv":"Chakassien","name_tr":"Hakasya","name_vi":"Khakassia","name_zh":"哈卡斯共和国","ne_id":1159313245,"name_he":"חקסיה","name_uk":"Хакасія","name_ur":"خاکاسیا","name_fa":"خاکاسیا","name_zht":"哈卡斯共和国","FCLASS_ISO":"","FCLASS_US":"","FCLASS_FR":"","FCLASS_RU":"","FCLASS_ES":"","FCLASS_CN":"","FCLASS_TW":"","FCLASS_IN":"","FCLASS_NP":"","FCLASS_PK":"","FCLASS_DE":"","FCLASS_GB":"","FCLASS_BR":"","FCLASS_IL":"","FCLASS_PS":"","FCLASS_SA":"","FCLASS_EG":"","FCLASS_MA":"","FCLASS_PT":"","FCLASS_AR":"","FCLASS_JP":"","FCLASS_KO":"","FCLASS_VN":"","FCLASS_TR":"","FCLASS_ID":"","FCLASS_PL":"","FCLASS_GR":"","FCLASS_IT":"","FCLASS_NL":"","FCLASS_SE":"","FCLASS_BD":"","FCLASS_UA":"","FCLASS_TLC":""}},{"type":"Feature","geometry":{"type":"Polygon","coordinates":[[[77.78444660661168,53.32711727649289],[77.92530073414156,53.56484446879716],[78.62685997910472,53.5293944357046],[79.57150516103434,53.732741197548194],[80.12847374926406,54.07514923794696],[80.65536665204934,54.204340318550805],[81.85456994025049,53.96864411083703],[81.84568159423014,53.709848538479264],[82.48553917829042,53.46862295168785],[83.18317101373128,54.06217845277337],[84.53192589696255,54.16971710955693],[85.07938602064831,54.46938874039802],[85.0760787287503,54.868279120085276],[84.41038292802966,56.044072984380705],[83.95108279773291,56.004902249139434],[83.5681604349561,55.69269908269649],[82.82846398262666,56.44053457311202],[81.55743045405217,56.2582717961065],[81.12231489491643,56.532621975124016],[80.31027143827623,56.43862254519428],[79.58979861791187,56.92856679991786],[78.44433881968075,57.16131745093958],[76.10866743385498,57.25025259158383],[76.2841605983329,56.72620189090452],[76.10825402180564,56.32839671503632],[75.31760460836597,55.89578746212163],[75.09746300641257,55.38178782834558],[75.76563927583186,54.70591177041183],[75.69120438840771,54.11437723880899],[76.75937706900149,54.43688426372293],[76.57571902863617,53.94252167420272],[77.78444660661168,53.32711727649289]]]},"properties":{"featurecla":"Admin-1 scale rank","scalerank":2,"adm1_code":"RUS-2403","diss_me":2403,"iso_3166_2":"RU-NVS","wikipedia":"","iso_a2":"RU","adm0_sr":1,"name":"Novosibirsk","name_alt":"Novosibirskaya Oblast","name_local":"Новосибирская область","type":"Oblast","type_en":"Region","code_local":"","code_hasc":"RU.NS","note":"","hasc_maybe":"","region":"Siberian","region_cod":"","provnum_ne":20064,"gadm_level":1,"check_me":20,"datarank":2,"abbrev":"","postal":"NS","area_sqkm":0,"sameascity":6,"labelrank":6,"name_len":11,"mapcolor9":7,"mapcolor13":7,"fips":"RS53","fips_alt":"","woe_id":2346914,"woe_label":"Novosibirskaya Oblast, RU, Russia","woe_name":"Novosibirsk","latitude":55.3139,"longitude":80.0832,"sov_a3":"RUS","adm0_a3":"RUS","adm0_label":2,"admin":"Russia","geonunit":"Russia","gu_a3":"RUS","gn_id":1496745,"gn_name":"Novosibirskaya Oblast'","gns_id":-2970530,"gns_name":"Novosibirskaya Oblast'","gn_level":1,"gn_region":"","gn_a1_code":"RU.53","region_sub":"West Siberian","sub_code":"","gns_level":1,"gns_lang":"fas","gns_adm1":"RS53","gns_region":"","min_label":5,"max_label":10.2,"min_zoom":4.7,"wikidataid":"Q5851","name_ar":"نوفوسيبيرسك أوبلاست","name_bn":"নভোসিবিরস্ক ওব্লাস্ট","name_de":"Nowosibirsk","name_en":"Novosibirsk","name_es":"Novosibirsk","name_fr":"Novossibirsk","name_el":"Όμπλαστ του Νοβοσιμπίρσκ","name_hi":"नोवोसिबिर्स्क ओब्लास्ट","name_hu":"Novoszibirszki terület","name_id":"Novosibirsk","name_it":"Novosibirsk","name_ja":"ノヴォシビルスク州","name_ko":"노보시비르스크","name_nl":"Novosibirsk","name_pl":"nowosybirski","name_pt":"Novosibirsk","name_ru":"Новосибирская область","name_sv":"Novosibirsk","name_tr":"Novosibirsk Oblastı","name_vi":"Novosibirsk","name_zh":"新西伯利亚州","ne_id":1159313249,"name_he":"מחוז נובוסיבירסק","name_uk":"Новосибірська область","name_ur":"نووسیبرسک اوبلاست","name_fa":"استان نووسیبیرسک","name_zht":"新西伯利亚州","FCLASS_ISO":"","FCLASS_US":"","FCLASS_FR":"","FCLASS_RU":"","FCLASS_ES":"","FCLASS_CN":"","FCLASS_TW":"","FCLASS_IN":"","FCLASS_NP":"","FCLASS_PK":"","FCLASS_DE":"","FCLASS_GB":"","FCLASS_BR":"","FCLASS_IL":"","FCLASS_PS":"","FCLASS_SA":"","FCLASS_EG":"","FCLASS_MA":"","FCLASS_PT":"","FCLASS_AR":"","FCLASS_JP":"","FCLASS_KO":"","FCLASS_VN":"","FCLASS_TR":"","FCLASS_ID":"","FCLASS_PL":"","FCLASS_GR":"","FCLASS_IT":"","FCLASS_NL":"","FCLASS_SE":"","FCLASS_BD":"","FCLASS_UA":"","FCLASS_TLC":""}},{"type":"Feature","geometry":{"type":"Polygon","coordinates":[[[96.68405236192694,53.638535061144125],[96.87494510343373,53.7290721713436],[97.97151899630461,53.3516275090023],[98.3031783387093,53.10373566337012],[99.05569054568207,53.10378734021356],[99.2497872254001,52.953822333134156],[100.26047488800566,53.37483022733312],[100.60639692587739,52.94359039997693],[102.04568891840881,52.212188015364575],[102.54209272729747,52.227613429915834],[103.22163781143581,51.788260402895276],[103.33501590386084,51.434199326937346],[104.60935672433334,51.268292141369216],[104.64987104671138,51.62243073169287],[105.75150923066644,52.03098460645441],[106.19830366378301,52.44018443546332],[108.04098188720428,53.192722479958434],[109.00733117069694,54.42494700849761],[108.67091759557053,54.5468775501588],[108.62223839668462,55.455891831842564],[108.99120812415555,56.03968048776426],[108.71856326658144,56.49944570605447],[109.98897667933022,56.96902944635184],[111.13371300714954,56.814749457021776],[111.46247846880624,57.10245799394124],[114.01022993376444,56.545334377879215],[114.79529829308171,56.709717109157225],[115.08592654827157,57.1185810413819],[115.71079796825154,56.96350006817357],[116.8150199727935,56.72620189090452],[117.57083947166427,56.851207180466986],[117.14037479066405,57.66841828097887],[117.47089725060755,58.30398672121021],[118.1420707535624,58.38589386690842],[118.6304130387307,58.175157375812205],[119.10810997869248,58.22269969313629],[119.13239790264106,58.472348537954645],[118.70720421830003,59.0638369823908],[118.73386925726038,59.419784246945426],[118.33596072770536,59.59563914752863],[117.35235151610948,59.49735057197131],[116.95433963376706,60.16857575087016],[116.58237267455922,60.35993358037041],[115.68630333872807,60.52622833956622],[115.1121781760819,60.39455679026361],[113.46473351394047,59.26630524419164],[112.55440148264222,59.03339956353898],[112.21788455562773,59.50039948235019],[111.93252729709701,59.27188629831397],[110.7134802593065,59.2589155140397],[110.47091108627757,59.033554593169924],[109.63644005676315,59.06595571588355],[109.26943403495272,59.44908478513469],[109.7638741390802,60.02698232677295],[109.91683637879578,60.45057404245807],[110.48134972500975,61.15921295831134],[109.79239953001428,61.325197659144635],[109.59778608635878,61.870435696550146],[109.91817996593267,62.406320299042534],[109.61442589683764,62.873733629003766],[108.4675191586822,64.28170970353995],[108.02651248616229,64.22352204011003],[107.55026248612478,63.85700694381535],[106.79340945758037,63.84238251404179],[106.51683719318186,63.48299876637992],[106.43487837064026,62.846706854837464],[106.71393110643538,62.48755565027301],[105.94136844339891,61.685382392483405],[104.95724246606693,61.39831981071069],[104.4597017756164,60.838767401894074],[104.67622602730927,60.399879461967544],[105.4757637876686,60.25386770283217],[105.2253397973937,59.42929271148944],[105.35349734922323,59.1079169790853],[104.78671023988562,58.66626435051933],[103.94872521379756,58.77388051987009],[102.99880903520875,59.31539785422757],[102.454862908996,59.15313385734163],[102.51966515532263,58.72788849615716],[101.29762088399656,58.219289049350095],[100.80142378068291,57.67301748317027],[100.41870812438037,57.54175934501774],[100.0172855982517,58.08146800424498],[99.41091434072422,57.795542304034086],[97.93400190566337,57.811303616268845],[97.3549158056199,57.06054840848225],[97.76533003055641,56.787955226852205],[97.84067427020136,56.39314728541888],[97.12526574092118,56.10174388297378],[96.75278201687655,55.650711981972336],[96.71185428334843,54.9265701363027],[96.4950199732931,54.51052318040041],[96.03882042841997,54.558168850512004],[95.91903445777399,54.15566111876558],[96.68405236192694,53.638535061144125]]]},"properties":{"featurecla":"Admin-1 scale rank","scalerank":2,"adm1_code":"RUS-2602","diss_me":2602,"iso_3166_2":"RU-IRK","wikipedia":"","iso_a2":"RU","adm0_sr":1,"name":"Irkutsk","name_alt":"Irkutskaya Oblast","name_local":"Иркутская область","type":"Oblast","type_en":"Region","code_local":"","code_hasc":"RU.IK","note":"","hasc_maybe":"","region":"Siberian","region_cod":"","provnum_ne":20006,"gadm_level":1,"check_me":20,"datarank":2,"abbrev":"","postal":"IR","area_sqkm":0,"sameascity":6,"labelrank":6,"name_len":7,"mapcolor9":7,"mapcolor13":7,"fips":"RS20","fips_alt":"","woe_id":2346896,"woe_label":"Irkutskaya Oblast, RU, Russia","woe_name":"Irkutsk","latitude":56.8255,"longitude":105.966,"sov_a3":"RUS","adm0_a3":"RUS","adm0_label":2,"admin":"Russia","geonunit":"Russia","gu_a3":"RUS","gn_id":2023468,"gn_name":"Irkutskaya Oblast'","gns_id":-2916146,"gns_name":"Irkutskaya Oblast'","gn_level":1,"gn_region":"","gn_a1_code":"RU.20","region_sub":"East Siberian","sub_code":"","gns_level":1,"gns_lang":"rus","gns_adm1":"RS20","gns_region":"","min_label":5,"max_label":10.2,"min_zoom":4.7,"wikidataid":"Q6585","name_ar":"إركوتسك أوبلاست","name_bn":"ইরকুটস্ক ওব্লাস্ট","name_de":"Irkutsk","name_en":"Irkutsk","name_es":"Irkutsk","name_fr":"d'Irkoutsk","name_el":"Όμπλαστ του Ιρκούτσκ","name_hi":"इरकुत्स्क ओब्लास्त","name_hu":"Irkutszki terület","name_id":"Irkutsk","name_it":"Irkutsk","name_ja":"イルクーツク州","name_ko":"이르쿠츠크","name_nl":"Irkoetsk","name_pl":"irkucki","name_pt":"Irkutsk","name_ru":"Иркутская область","name_sv":"Irkutsk","name_tr":"İrkutsk Oblastı","name_vi":"Irkutsk","name_zh":"伊爾庫茨克州","ne_id":1159313609,"name_he":"מחוז אירקוטסק","name_uk":"Іркутська область","name_ur":"ارکتسک اوبلاست","name_fa":"استان ایرکوتسک","name_zht":"伊爾庫茨克州","FCLASS_ISO":"","FCLASS_US":"","FCLASS_FR":"","FCLASS_RU":"","FCLASS_ES":"","FCLASS_CN":"","FCLASS_TW":"","FCLASS_IN":"","FCLASS_NP":"","FCLASS_PK":"","FCLASS_DE":"","FCLASS_GB":"","FCLASS_BR":"","FCLASS_IL":"","FCLASS_PS":"","FCLASS_SA":"","FCLASS_EG":"","FCLASS_MA":"","FCLASS_PT":"","FCLASS_AR":"","FCLASS_JP":"","FCLASS_KO":"","FCLASS_VN":"","FCLASS_TR":"","FCLASS_ID":"","FCLASS_PL":"","FCLASS_GR":"","FCLASS_IT":"","FCLASS_NL":"","FCLASS_SE":"","FCLASS_BD":"","FCLASS_UA":"","FCLASS_TLC":""}},{"type":"Feature","geometry":{"type":"MultiPolygon","coordinates":[[[[78.48261718750001,72.394970703125],[78.69682986840365,72.18032318856427],[80.21797732889058,71.94248240803665],[79.86823123608264,71.60165049877145],[79.3826794779755,71.61495717982996],[79.24470340413876,71.31673248981252],[80.55005008334462,71.04444936834363],[80.56906700973468,70.46081574205283],[79.2084265478469,70.05283030897152],[79.85427859897811,69.35452667906293],[80.96687218560282,69.20910919913018],[81.61065718008479,69.28641714083835],[82.48068159368057,68.99514293140112],[82.70960818886681,68.41411896411887],[82.35355756972604,67.94350169504713],[82.05920861238752,67.94846263334381],[82.11729292213062,67.24380280205764],[83.16188032421758,66.81798900009227],[83.07806115060157,66.57888214769292],[83.5246488790425,66.1729637721603],[83.51813764803398,65.82249420804123],[84.03097456272587,65.79303864201967],[84.55021935384008,65.43342235036113],[84.47012088417142,64.8901996927616],[85.18439253099046,64.75077667900052],[85.6099996282802,64.82777456324544],[86.02806196488774,64.27979767472289],[85.33301395093304,63.70078908994452],[85.51832563741817,62.93256724758038],[84.43570437985323,62.17796214553658],[84.68106408084265,61.815296943499106],[85.72193077988157,61.57474315027616],[85.67118452344698,61.28923086211455],[84.25959109865022,60.85551056605976],[84.78121300657494,60.35595449490398],[84.69191613162411,59.904819241115035],[85.96822065595848,59.955875555912144],[87.08412153538052,59.88275340434609],[88.38264692611472,58.90891103791404],[87.9322351418383,58.5261437038688],[88.15568403479034,58.10653107454942],[89.32842898960615,57.95000316051744],[89.38041548128939,57.63715403892775],[88.861480746739,57.431688544490726],[88.62397586479426,56.83296540043284],[88.59245324122406,56.44363515943502],[89.19872114506478,56.13455841683742],[89.36284549392434,55.77253917084602],[88.60877351988199,55.44558963285522],[89.20078820171409,54.99039052979907],[90.12920698431486,55.10521556304775],[90.91530887240651,54.79107453116467],[91.4639058776541,54.056545721807595],[91.39631310426631,52.8679877788129],[90.47658916056128,52.18340084257483],[90.83944786972336,51.9124388701577],[91.98666466714064,51.793608913920195],[92.84428673724307,51.83244375327655],[93.67803429634569,52.22384105092374],[94.59446414570374,53.31566071197227],[96.68405236192694,53.638535061144125],[95.91903445777399,54.15566111876558],[96.03882042841997,54.558168850512004],[96.4950199732931,54.51052318040041],[96.71185428334843,54.9265701363027],[96.75278201687655,55.650711981972336],[97.12526574092118,56.10174388297378],[97.84067427020136,56.39314728541888],[97.76533003055641,56.787955226852205],[97.3549158056199,57.06054840848225],[97.93400190566337,57.811303616268845],[99.41091434072422,57.795542304034086],[100.0172855982517,58.08146800424498],[100.41870812438037,57.54175934501774],[100.80142378068291,57.67301748317027],[101.29762088399656,58.219289049350095],[102.51966515532263,58.72788849615716],[102.454862908996,59.15313385734163],[102.99880903520875,59.31539785422757],[103.94872521379756,58.77388051987009],[104.78671023988562,58.66626435051933],[105.35349734922323,59.1079169790853],[105.2253397973937,59.42929271148944],[105.4757637876686,60.25386770283217],[104.67622602730927,60.399879461967544],[104.4597017756164,60.838767401894074],[104.95724246606693,61.39831981071069],[105.94136844339891,61.685382392483405],[106.71393110643538,62.48755565027301],[106.43487837064026,62.846706854837464],[106.51683719318186,63.48299876637992],[106.79340945758037,63.84238251404179],[107.55026248612478,63.85700694381535],[108.02651248616229,64.22352204011003],[105.80287560382601,64.53011831310965],[105.9727877141816,65.01179433943719],[106.45368859325396,65.23296946926558],[106.47125857971963,66.00739248337635],[106.04368777856808,66.9007746449339],[106.05474653492462,67.16716665301857],[106.80240115818685,67.3482408725182],[106.885496861391,68.86546092438215],[106.15293175679511,69.39113943123971],[108.0072888532979,69.70499624318205],[108.2905790551792,69.85676992539169],[109.23698123629498,69.77589630846785],[109.60150678940676,70.37818512594276],[110.53943403475284,70.80063996006606],[112.27669233578263,71.01272003919843],[111.99691613227367,71.41357412454619],[111.9960893090743,72.13272919439675],[111.08524051293927,72.3695881211948],[110.70169803343742,72.65044953122083],[110.82749765876048,73.71289254583492],[109.85527343749999,73.4724609375],[108.35146484375002,73.310205078125],[107.75039062500002,73.17314453125],[106.47792968750002,73.139404296875],[107.27109375000003,73.621044921875],[108.19951171874999,73.694091796875],[109.84033203125,74.32197265625],[112.92490234375003,75.0150390625],[113.61357421874999,75.29296875],[113.56386718750002,75.891650390625],[113.27265625000001,76.25166015625],[112.81894531250003,76.05859375],[112.61953125000002,76.383544921875],[111.11484375000003,76.723046875],[110.47148437499999,76.7583984375],[108.02792968750003,76.71845703125],[107.62421875000001,76.510107421875],[107.42978515625003,76.9265625],[106.94160156250001,77.034375],[105.71201171875003,77.00146484375],[105.71025390624999,77.525244140625],[104.01455078125002,77.730419921875],[103.13144531250003,77.62646484375],[101.51767578125003,77.198095703125],[100.98994140625001,76.990478515625],[100.84375,76.5251953125],[98.86943359374999,76.5095703125],[98.66201171875002,76.24267578125],[96.4970703125,75.8912109375],[95.919921875,76.113134765625],[94.57558593750002,76.1517578125],[93.6484375,76.054150390625],[93.5498046875,75.8541015625],[90.18496093750002,75.591064453125],[87.67138671875,75.12958984375],[86.65146484375003,74.682421875],[86.20126953125003,74.8162109375],[86.17783203125003,74.27939453125],[86.59140625000003,73.894287109375],[83.54472656249999,73.66650390625],[81.81699218750003,73.658837890625],[80.58320312500001,73.56845703125],[80.39804687500003,73.3568359375],[80.82705078125002,72.48828125],[82.18359375,72.237548828125],[82.64541015625002,71.925244140625],[83.20029296875003,71.87470703125],[83.5712890625,71.594384765625],[83.15126953125002,71.10361328125],[83.73593750000003,70.546484375],[83.4970703125,70.345263671875],[83.03017578125002,70.580517578125],[82.869140625,70.954833984375],[82.98613281249999,71.748681640625],[81.51123046875,71.746142578125],[80.76249999999999,72.08916015625],[79.42207031250001,72.38076171875],[78.48261718750001,72.394970703125]]],[[[99.51728515625001,79.13017578125],[99.94658203124999,79.848974609375],[98.59648437499999,80.052197265625],[98.27324218749999,79.87412109375],[97.58681640625002,80.16826171875],[94.9873046875,80.096826171875],[94.25712890624999,79.829736328125],[94.21875,79.40234375],[94.791015625,79.08662109375],[96.80781250000001,78.9849609375],[97.55546874999999,78.8265625],[99.43955078125003,78.834228515625],[99.51728515625001,79.13017578125]]],[[[105.14599609375,78.81884765625],[104.63320312500002,78.83515625],[103.6728515625,79.15],[102.95039062500001,79.05576171875],[102.78984374999999,79.392138671875],[102.28242187500001,79.430078125],[101.19609374999999,79.204443359375],[100.28398437499999,78.67919921875],[100.08222656250001,77.975],[101.2041015625,78.191943359375],[103.71933593750003,78.258251953125],[104.83261718750003,78.352734375],[105.14599609375,78.81884765625]]],[[[97.86992187499999,80.76328125],[96.75498046875003,80.957861328125],[95.80068359375002,81.28046875],[94.61162109374999,81.1146484375],[93.06513671875001,80.9884765625],[92.7646484375,80.89306640625],[92.20156250000002,80.179296875],[93.87236328124999,80.010107421875],[94.56503906250003,80.12607421875],[97.17519531250002,80.241015625],[97.22138671875001,80.65244140625],[97.86992187499999,80.76328125]]]]},"properties":{"featurecla":"Admin-1 scale rank","scalerank":2,"adm1_code":"RUS-2603","diss_me":2603,"iso_3166_2":"RU-KYA","wikipedia":"","iso_a2":"RU","adm0_sr":1,"name":"Krasnoyarsk","name_alt":"Krasnoyarskiy Kray|Yeniseisk|Yeniseyskaya G.","name_local":"Красноярский край","type":"Kray","type_en":"Territory","code_local":"","code_hasc":"RU.KX","note":"expected merging of Taymyr, Evenk with Krasnoyarsk - 20070101","hasc_maybe":"RU.KX|RUS-KRA","region":"Siberian","region_cod":"","provnum_ne":20003,"gadm_level":1,"check_me":20,"datarank":2,"abbrev":"","postal":"KY","area_sqkm":0,"sameascity":6,"labelrank":6,"name_len":11,"mapcolor9":7,"mapcolor13":7,"fips":"RS91","fips_alt":"","woe_id":20070524,"woe_label":"","woe_name":"","latitude":65.5602,"longitude":95.2029,"sov_a3":"RUS","adm0_a3":"RUS","adm0_label":2,"admin":"Russia","geonunit":"Russia","gu_a3":"RUS","gn_id":1502020,"gn_name":"Krasnoyarskiy Kray","gns_id":-2936683,"gns_name":"Krasnoyarskiy Kray","gn_level":1,"gn_region":"","gn_a1_code":"RU.91","region_sub":"East Siberian","sub_code":"","gns_level":1,"gns_lang":"rus","gns_adm1":"RS91","gns_region":"","min_label":5,"max_label":10.2,"min_zoom":4.7,"wikidataid":"Q6563","name_ar":"كراسنويارسك كراي","name_bn":"ক্রাসনোয়ারস্ক ক্রাই","name_de":"Krasnojarsk","name_en":"Krasnoyarsk Krai","name_es":"Krasnoyarsk","name_fr":"Krasnoïarsk","name_el":"Κράι Κρασνογιάρσκ","name_hi":"क्रस्नोयार्स्क क्राय","name_hu":"Krasznojarszki határterület","name_id":"Krai Krasnoyarsk","name_it":"Territorio di Krasnojarsk","name_ja":"クラスノヤルスク地方","name_ko":"크라스노야르스크 지방","name_nl":"Kraj Krasnojarsk","name_pl":"Kraj Krasnojarski","name_pt":"Krai de Krasnoiarsk","name_ru":"Красноярский край","name_sv":"Krasnojarsk kraj","name_tr":"Krasnoyarsk Krayı","name_vi":"Krasnoyarsk","name_zh":"克拉斯诺亚尔斯克边疆区","ne_id":1159313611,"name_he":"מחוז קרסנויארסק","name_uk":"Красноярський край","name_ur":"کراسنویارسک کرائی","name_fa":"سرزمین کراسنویارسک","name_zht":"克拉斯諾亞爾斯克邊疆區","FCLASS_ISO":"","FCLASS_US":"","FCLASS_FR":"","FCLASS_RU":"","FCLASS_ES":"","FCLASS_CN":"","FCLASS_TW":"","FCLASS_IN":"","FCLASS_NP":"","FCLASS_PK":"","FCLASS_DE":"","FCLASS_GB":"","FCLASS_BR":"","FCLASS_IL":"","FCLASS_PS":"","FCLASS_SA":"","FCLASS_EG":"","FCLASS_MA":"","FCLASS_PT":"","FCLASS_AR":"","FCLASS_JP":"","FCLASS_KO":"","FCLASS_VN":"","FCLASS_TR":"","FCLASS_ID":"","FCLASS_PL":"","FCLASS_GR":"","FCLASS_IT":"","FCLASS_NL":"","FCLASS_SE":"","FCLASS_BD":"","FCLASS_UA":"","FCLASS_TLC":""}},{"type":"Feature","geometry":{"type":"Polygon","coordinates":[[[98.93956250483713,52.10617117067495],[98.63442426996403,52.41277008677008],[99.2497872254001,52.953822333134156],[99.05569054568207,53.10378734021356],[98.3031783387093,53.10373566337012],[97.97151899630461,53.3516275090023],[96.87494510343373,53.7290721713436],[96.68405236192694,53.638535061144125],[94.59446414570374,53.31566071197227],[93.67803429634569,52.22384105092374],[92.84428673724307,51.83244375327655],[91.98666466714064,51.793608913920195],[90.83944786972336,51.9124388701577],[90.47658916056128,52.18340084257483],[90.12372928297998,52.128601385745355],[89.58060997906722,51.55302928317485],[88.73570031082068,51.55938548455242],[89.05237348824585,51.064583645219045],[89.84364302020919,50.429919542552796],[89.64386193233429,49.90305247659542],[91.80424686072834,50.69359853779649],[94.25107425331626,50.556397610061566],[94.61472130735419,50.02371694599694],[96.98573937376992,49.882795315137],[97.20856814981246,49.730789089550456],[98.10339725137854,50.077822170606524],[98.27945885619695,50.533246568394816],[97.8252746927837,50.98526032165182],[97.94692101439875,51.34841644958297],[98.93956250483713,52.10617117067495]]]},"properties":{"featurecla":"Admin-1 scale rank","scalerank":2,"adm1_code":"RUS-2605","diss_me":2605,"iso_3166_2":"RU-TY","wikipedia":"","iso_a2":"RU","adm0_sr":1,"name":"Tuva","name_alt":"Respublika Tyva|Republic of Tuva|Tyva|Tuvinskaya A.S.S.R.|Republic of Tyva","name_local":"Республика Тыва","type":"Respublika","type_en":"Republic","code_local":"","code_hasc":"RU.TU","note":"","hasc_maybe":"","region":"Siberian","region_cod":"","provnum_ne":20068,"gadm_level":1,"check_me":20,"datarank":2,"abbrev":"","postal":"TU","area_sqkm":0,"sameascity":-99,"labelrank":2,"name_len":4,"mapcolor9":7,"mapcolor13":7,"fips":"RS79","fips_alt":"","woe_id":2346879,"woe_label":"Tyva, RU, Russia","woe_name":"Tuva","latitude":51.6051,"longitude":93.9927,"sov_a3":"RUS","adm0_a3":"RUS","adm0_label":2,"admin":"Russia","geonunit":"Russia","gu_a3":"RUS","gn_id":1488873,"gn_name":"Respublika Tyva","gns_id":-3022957,"gns_name":"Tyva, Respublika","gn_level":1,"gn_region":"","gn_a1_code":"RU.79","region_sub":"East Siberian","sub_code":"","gns_level":1,"gns_lang":"fas","gns_adm1":"RS79","gns_region":"","min_label":5,"max_label":10.2,"min_zoom":4.7,"wikidataid":"Q960","name_ar":"توفا","name_bn":"তুভা","name_de":"Tuwa","name_en":"Tuva Republic","name_es":"Tuvá","name_fr":"Touva","name_el":"Δημοκρατία της Τιβά","name_hi":"तूवा","name_hu":"Tuva","name_id":"Tuva","name_it":"Tuva","name_ja":"トゥヴァ共和国","name_ko":"투바 공화국","name_nl":"Toeva","name_pl":"Tuwa","name_pt":"Tuva","name_ru":"Тыва","name_sv":"Tuva","name_tr":"Tuva Cumhuriyeti","name_vi":"Tuva","name_zh":"图瓦共和国","ne_id":1159313613,"name_he":"טובה","name_uk":"Тива","name_ur":"تووا","name_fa":"تووا","name_zht":"图瓦共和国","FCLASS_ISO":"","FCLASS_US":"","FCLASS_FR":"","FCLASS_RU":"","FCLASS_ES":"","FCLASS_CN":"","FCLASS_TW":"","FCLASS_IN":"","FCLASS_NP":"","FCLASS_PK":"","FCLASS_DE":"","FCLASS_GB":"","FCLASS_BR":"","FCLASS_IL":"","FCLASS_PS":"","FCLASS_SA":"","FCLASS_EG":"","FCLASS_MA":"","FCLASS_PT":"","FCLASS_AR":"","FCLASS_JP":"","FCLASS_KO":"","FCLASS_VN":"","FCLASS_TR":"","FCLASS_ID":"","FCLASS_PL":"","FCLASS_GR":"","FCLASS_IT":"","FCLASS_NL":"","FCLASS_SE":"","FCLASS_BD":"","FCLASS_UA":"","FCLASS_TLC":""}},{"type":"Feature","geometry":{"type":"Polygon","coordinates":[[[107.74444554160112,49.966282752493136],[108.6491101421193,51.50062938124091],[109.24721316855283,51.365960598402864],[110.0492313994095,51.61607453121462],[110.67699669833894,51.50445343707645],[112.0618217313878,52.27722280478861],[113.57253055224317,52.453491116521775],[114.08784793473433,52.694613348727046],[114.32514611200338,53.06771719039597],[113.84248823464429,53.38180654633504],[113.98346154201647,53.743748277061286],[114.86010053940834,53.98052969039287],[115.62935590964742,54.44228445096661],[116.67321984312116,54.54783356456733],[116.77388553279104,55.14800364854949],[115.89517947785055,55.52539663404741],[115.8892883653657,55.96516307221799],[115.57127159990432,56.731886297814356],[115.71079796825154,56.96350006817357],[115.08592654827157,57.1185810413819],[114.79529829308171,56.709717109157225],[114.01022993376444,56.545334377879215],[111.46247846880624,57.10245799394124],[111.13371300714954,56.814749457021776],[109.98897667933022,56.96902944635184],[108.71856326658144,56.49944570605447],[108.99120812415555,56.03968048776426],[108.62223839668462,55.455891831842564],[108.67091759557053,54.5468775501588],[109.00733117069694,54.42494700849761],[108.04098188720428,53.192722479958434],[106.19830366378301,52.44018443546332],[105.75150923066644,52.03098460645441],[104.64987104671138,51.62243073169287],[104.60935672433334,51.268292141369216],[103.33501590386084,51.434199326937346],[103.22163781143581,51.788260402895276],[102.54209272729747,52.227613429915834],[102.04568891840881,52.212188015364575],[100.60639692587739,52.94359039997693],[100.26047488800566,53.37483022733312],[99.2497872254001,52.953822333134156],[98.63442426996403,52.41277008677008],[98.93956250483713,52.10617117067495],[99.92163252156811,51.75552338317834],[100.53622033081535,51.713458767292764],[101.38123335165207,51.45262197529952],[102.11152469280083,51.353454901731425],[102.28841312053592,50.585129706415856],[103.63287885947358,50.138593654981776],[105.38357303265767,50.47371531839457],[106.7110889018036,50.31258820250851],[107.23327925011299,49.98940379495514],[107.74444554160112,49.966282752493136]]]},"properties":{"featurecla":"Admin-1 scale rank","scalerank":2,"adm1_code":"RUS-2606","diss_me":2606,"iso_3166_2":"RU-BU","wikipedia":"","iso_a2":"RU","adm0_sr":1,"name":"Buryat","name_alt":"Buryatiya|Buryat-Mongol A.S.S.R.|Republic of Buryatia|Buryatskaya A.S.S.R.","name_local":"Республика Бурятия","type":"Respublika","type_en":"Republic","code_local":"","code_hasc":"RU.BU","note":"","hasc_maybe":"","region":"Siberian","region_cod":"","provnum_ne":20051,"gadm_level":1,"check_me":20,"datarank":2,"abbrev":"","postal":"BU","area_sqkm":0,"sameascity":-99,"labelrank":2,"name_len":6,"mapcolor9":7,"mapcolor13":7,"fips":"RS11","fips_alt":"","woe_id":2346867,"woe_label":"Buryatiya, RU, Russia","woe_name":"Buryat","latitude":52.9061,"longitude":109.341,"sov_a3":"RUS","adm0_a3":"RUS","adm0_label":2,"admin":"Russia","geonunit":"Russia","gu_a3":"RUS","gn_id":2050915,"gn_name":"Respublika Buryatiya","gns_id":205709,"gns_name":"Buryatiya, Respublika","gn_level":1,"gn_region":"","gn_a1_code":"RU.11","region_sub":"East Siberian","sub_code":"","gns_level":1,"gns_lang":"khm","gns_adm1":"RS11","gns_region":"","min_label":5,"max_label":10.2,"min_zoom":4.7,"wikidataid":"Q6809","name_ar":"بورياتيا","name_bn":"বুরিয়াত রিপাবলিক","name_de":"Burjatien","name_en":"Republic of Buryatia","name_es":"Buriatia","name_fr":"Bouriatie","name_el":"Δημοκρατία της Μπουργιατίας","name_hi":"बुर्यातिया","name_hu":"Burjátföld","name_id":"Buryatia","name_it":"Buriazia","name_ja":"ブリヤート共和国","name_ko":"부랴트 공화국","name_nl":"Boerjatië","name_pl":"Buriacja","name_pt":"Buriácia","name_ru":"Бурятия","name_sv":"Burjatien","name_tr":"Buryatya","name_vi":"Buryatia","name_zh":"布里亚特共和国","ne_id":1159313615,"name_he":"בוריאטיה","name_uk":"Бурятія","name_ur":"بوریاتیا","name_fa":"بوریاتیا","name_zht":"布里亞特共和國","FCLASS_ISO":"","FCLASS_US":"","FCLASS_FR":"","FCLASS_RU":"","FCLASS_ES":"","FCLASS_CN":"","FCLASS_TW":"","FCLASS_IN":"","FCLASS_NP":"","FCLASS_PK":"","FCLASS_DE":"","FCLASS_GB":"","FCLASS_BR":"","FCLASS_IL":"","FCLASS_PS":"","FCLASS_SA":"","FCLASS_EG":"","FCLASS_MA":"","FCLASS_PT":"","FCLASS_AR":"","FCLASS_JP":"","FCLASS_KO":"","FCLASS_VN":"","FCLASS_TR":"","FCLASS_ID":"","FCLASS_PL":"","FCLASS_GR":"","FCLASS_IT":"","FCLASS_NL":"","FCLASS_SE":"","FCLASS_BD":"","FCLASS_UA":"","FCLASS_TLC":""}},{"type":"Feature","geometry":{"type":"Polygon","coordinates":[[[130.55314782116983,48.86120392515896],[131.3957320496943,49.24360952426014],[131.44151736873152,50.186187649540386],[130.64508019379582,50.65729584412787],[131.06489952958952,51.245709539763425],[131.48843956933058,51.344566555202334],[131.72780480414838,51.68108348221688],[132.42347293482806,51.85993561543626],[132.58976769402386,52.08152415641467],[133.32171268099535,52.19826121758109],[133.36935835200632,52.68303782843299],[134.60566531790005,52.41757599543581],[134.92378543524956,53.41658478495981],[134.5552291198279,53.62086172099163],[134.01055952410275,53.43317291949461],[133.5732735537315,53.54603424708279],[132.89331505844314,53.234632066316806],[131.5322611836067,53.31943309186369],[131.4208467959428,53.75134471278824],[130.92113569605544,53.76777781769209],[130.50689741438407,54.11984935226576],[131.1140954942116,54.323273627575816],[131.19946495964007,54.6127908387262],[132.3668355650093,55.05643301047502],[132.73260135336966,55.348714912063485],[132.53840132086418,55.67562002174657],[130.9229960471298,55.678565579338],[129.65299604732968,55.744995632742246],[128.97489790311568,55.466330471474066],[128.29018517510565,55.64797313085529],[127.48692671079903,55.55500722880055],[127.18761681516389,55.690812893200416],[126.43417443220426,55.55500722880055],[125.7576265807021,55.79643952116692],[124.44804243361136,55.90459829377619],[123.91536177022942,56.37733429634068],[122.5892411636487,56.48957550720388],[122.1596033058479,56.73837169040115],[121.60831912632659,56.74118805588404],[121.40688439330006,56.97551483803932],[120.30276574064635,57.00414358176084],[119.89844933466907,56.88939606377727],[120.06164350844108,56.13820160641899],[120.25966759678215,55.91643219738796],[121.21692182778008,56.013222154378866],[121.36337283738646,55.507361558688956],[121.98359337833165,55.47643321432133],[121.78288211481765,53.972519843515954],[122.02434582093515,53.43878477686878],[123.60778364470974,53.546525173550094],[124.88212446502735,53.12972890889999],[125.64905439667103,53.04226654724599],[126.31283816946012,52.39974762634499],[126.92484215709283,51.10013703063666],[127.59027957571527,50.208976955763305],[127.50242964081906,49.87341604267603],[127.99960859589919,49.568602606802415],[128.70401004446973,49.60012523050045],[129.49817345593124,49.388820298858974],[130.1960119976007,48.89164134377887],[130.55314782116983,48.86120392515896]]]},"properties":{"featurecla":"Admin-1 scale rank","scalerank":2,"adm1_code":"RUS-2609","diss_me":2609,"iso_3166_2":"RU-AMU","wikipedia":"","iso_a2":"RU","adm0_sr":1,"name":"Amur","name_alt":"Amurskaya Oblast","name_local":"Амурская область","type":"Oblast","type_en":"Region","code_local":"","code_hasc":"RU.AM","note":"","hasc_maybe":"","region":"Far Eastern","region_cod":"","provnum_ne":20056,"gadm_level":1,"check_me":20,"datarank":2,"abbrev":"","postal":"AM","area_sqkm":0,"sameascity":-99,"labelrank":2,"name_len":4,"mapcolor9":7,"mapcolor13":7,"fips":"RS05","fips_alt":"","woe_id":2346888,"woe_label":"Amurskaya Oblast, RU, Russia","woe_name":"Amur","latitude":52.9236,"longitude":128.354,"sov_a3":"RUS","adm0_a3":"RUS","adm0_label":2,"admin":"Russia","geonunit":"Russia","gu_a3":"RUS","gn_id":2027748,"gn_name":"Amurskaya Oblast'","gns_id":-2877323,"gns_name":"Amurskaya Oblast'","gn_level":1,"gn_region":"","gn_a1_code":"RU.05","region_sub":"Far Eastern","sub_code":"","gns_level":1,"gns_lang":"rus","gns_adm1":"RS05","gns_region":"","min_label":5,"max_label":10.2,"min_zoom":4.7,"wikidataid":"Q6886","name_ar":"أوبلاست أمور","name_bn":"আমুর ওব্লাস্ট","name_de":"Amur","name_en":"Amur","name_es":"Amur","name_fr":"l'Amour","name_el":"Όμπλαστ του Αμούρ","name_hi":"आमुर ओब्लास्ट","name_hu":"Amuri terület","name_id":"Amur","name_it":"Amur","name_ja":"アムール州","name_ko":"아무르","name_nl":"Amoer","name_pl":"amurski","name_pt":"Amur","name_ru":"Амурская область","name_sv":"Amur","name_tr":"Amur Oblastı","name_vi":"Amur","name_zh":"阿穆尔州","ne_id":1159313603,"name_he":"מחוז אמור","name_uk":"Амурська область","name_ur":"آمور اوبلاست","name_fa":"استان آمور","name_zht":"阿穆尔州","FCLASS_ISO":"","FCLASS_US":"","FCLASS_FR":"","FCLASS_RU":"","FCLASS_ES":"","FCLASS_CN":"","FCLASS_TW":"","FCLASS_IN":"","FCLASS_NP":"","FCLASS_PK":"","FCLASS_DE":"","FCLASS_GB":"","FCLASS_BR":"","FCLASS_IL":"","FCLASS_PS":"","FCLASS_SA":"","FCLASS_EG":"","FCLASS_MA":"","FCLASS_PT":"","FCLASS_AR":"","FCLASS_JP":"","FCLASS_KO":"","FCLASS_VN":"","FCLASS_TR":"","FCLASS_ID":"","FCLASS_PL":"","FCLASS_GR":"","FCLASS_IT":"","FCLASS_NL":"","FCLASS_SE":"","FCLASS_BD":"","FCLASS_UA":"","FCLASS_TLC":""}},{"type":"Feature","geometry":{"type":"MultiPolygon","coordinates":[[[[111.30284235691886,73.8829771018417],[110.79921875000002,73.759765625],[110.82749765876048,73.71289254583492],[110.70169803343742,72.65044953122083],[111.08524051293927,72.3695881211948],[111.9960893090743,72.13272919439675],[111.99691613227367,71.41357412454619],[112.27669233578263,71.01272003919843],[110.53943403475284,70.80063996006606],[109.60150678940676,70.37818512594276],[109.23698123629498,69.77589630846785],[108.2905790551792,69.85676992539169],[108.0072888532979,69.70499624318205],[106.15293175679511,69.39113943123971],[106.885496861391,68.86546092438215],[106.80240115818685,67.3482408725182],[106.05474653492462,67.16716665301857],[106.04368777856808,66.9007746449339],[106.47125857971963,66.00739248337635],[106.45368859325396,65.23296946926558],[105.9727877141816,65.01179433943719],[105.80287560382601,64.53011831310965],[108.02651248616229,64.22352204011003],[108.4675191586822,64.28170970353995],[109.61442589683764,62.873733629003766],[109.91817996593267,62.406320299042534],[109.59778608635878,61.870435696550146],[109.79239953001428,61.325197659144635],[110.48134972500975,61.15921295831134],[109.91683637879578,60.45057404245807],[109.7638741390802,60.02698232677295],[109.26943403495272,59.44908478513469],[109.63644005676315,59.06595571588355],[110.47091108627757,59.033554593169924],[110.7134802593065,59.2589155140397],[111.93252729709701,59.27188629831397],[112.21788455562773,59.50039948235019],[112.55440148264222,59.03339956353898],[113.46473351394047,59.26630524419164],[115.1121781760819,60.39455679026361],[115.68630333872807,60.52622833956622],[116.58237267455922,60.35993358037041],[116.95433963376706,60.16857575087016],[117.35235151610948,59.49735057197131],[118.33596072770536,59.59563914752863],[118.73386925726038,59.419784246945426],[118.70720421830003,59.0638369823908],[119.13239790264106,58.472348537954645],[119.10810997869248,58.22269969313629],[119.04702843631321,57.727639472283784],[119.89844933466907,56.88939606377727],[120.30276574064635,57.00414358176084],[121.40688439330006,56.97551483803932],[121.60831912632659,56.74118805588404],[122.1596033058479,56.73837169040115],[122.5892411636487,56.48957550720388],[123.91536177022942,56.37733429634068],[124.44804243361136,55.90459829377619],[125.7576265807021,55.79643952116692],[126.43417443220426,55.55500722880055],[127.18761681516389,55.690812893200416],[127.48692671079903,55.55500722880055],[128.29018517510565,55.64797313085529],[128.97489790311568,55.466330471474066],[129.65299604732968,55.744995632742246],[130.9229960471298,55.678565579338],[131.18437544187304,56.46794892000662],[131.6698238471928,56.549571844864715],[131.50859337818179,57.251079412984495],[131.6930782405683,57.56051788988867],[131.7047571154485,58.17391714146288],[132.56423953662522,58.63993520834316],[132.59927615766844,58.89103099218653],[133.12575565020302,59.20439687771369],[135.20914269378022,59.12233470328391],[135.79101932178423,59.53429922093227],[136.75871219331304,59.354646104733945],[138.26259972479738,59.93830556944647],[138.38331587143023,61.099526679013024],[139.12011844301173,61.44942780235118],[139.5482060081007,61.481673896333234],[140.25637983596062,62.03828074845774],[140.7047245626884,62.572718411025846],[141.30210411960934,62.431176662872645],[141.83757531095182,62.04122630514985],[142.4375386902583,61.86971222613829],[143.12648888615308,62.101067613179794],[144.00199100198313,61.7265168324858],[144.74509809809865,62.046884874537284],[145.32614790290336,62.754412747250456],[145.25214725219382,63.1795547547481],[145.5723344261928,63.836103827929264],[146.49868615124478,64.2088200950713],[147.95513471909192,63.94428843896026],[148.63054568903226,64.41865224950169],[149.81641645685397,64.56727366854494],[150.2243502139911,64.21313507822123],[152.33130171110497,64.51006785794527],[152.68817915344516,65.23343455725899],[153.400900506653,65.50427073790422],[153.69752322801446,65.88559113202507],[154.24963423073507,65.82998729098068],[154.39525841714214,66.20458974941738],[155.75217817598195,66.17689118078334],[156.36030643089703,66.06682038025633],[156.65920291628152,66.19306590416812],[157.12439415906317,65.91515005173346],[158.12412641809965,66.15580719684465],[158.52895958891384,66.3593865017856],[158.90516401600644,66.8027444526943],[158.7025924014181,67.0552355014172],[157.95845177562887,67.25814301189047],[157.6920080907007,67.5454898145033],[158.27657189387776,68.07600006844837],[159.8501192571979,68.2774348014749],[160.9970259953534,68.30099925411224],[161.4061999859406,68.41184520099517],[162.4176111189579,68.30906077693328],[162.8469389183963,68.86928498021763],[162.5541402528703,68.99129303714392],[162.40844708932673,69.65101243142897],[161.53691406250005,69.379541015625],[161.565625,68.90517578125],[161.03554687500002,69.098193359375],[160.91074218750003,69.60634765625],[159.83251953125,69.7849609375],[160.00644531250003,70.30966796875],[159.35068359375003,70.79072265625],[158.03701171875002,71.0392578125],[155.89521484375,71.0955078125],[153.794140625,70.87998046875],[152.5087890625,70.83447265625],[151.58242187500002,71.286962890625],[150.5998046875,71.5201171875],[150.06083984375005,71.51083984375],[149.50156250000003,72.164306640625],[148.40205078125,72.311962890625],[147.12705078125003,72.292041015625],[145.80478515625003,71.746484375],[145.79941406250003,72.221875],[145.48574218750002,72.54208984375],[143.5158203125,72.6982421875],[142.06142578125002,72.72080078125],[141.309765625,72.85771484375],[140.705078125,72.5189453125],[139.60117187500003,72.49609375],[139.84707031250002,72.148583984375],[139.69511718750005,71.700439453125],[139.20937500000002,71.444775390625],[138.67001953125003,71.634814453125],[138.11845703125005,71.566162109375],[137.6505859375,71.208154296875],[137.3154296875,71.359423828125],[135.884765625,71.63056640625],[134.70273437500003,71.38681640625],[133.42617187500002,71.490966796875],[132.56230468750005,71.8953125],[131.56201171875,70.901025390625],[131.157421875,70.7421875],[129.7619140625,71.11953125],[128.35878906250002,72.088330078125],[129.28349609375005,72.092041015625],[129.25039062500002,72.70517578125],[128.888671875,73.190234375],[127.74033203125003,73.48154296875],[127.03134765625003,73.5474609375],[126.55253906249999,73.334912109375],[126.25449218750003,73.548193359375],[125.61708984375002,73.52060546875],[124.38808593750002,73.754833984375],[123.30507812500002,73.53291015625],[123.46162109375001,73.144189453125],[122.53750000000002,72.877783203125],[121.88603515624999,72.960888671875],[119.75039062500002,72.9791015625],[118.43027343750003,73.246533203125],[118.4501953125,73.589794921875],[115.33769531249999,73.702587890625],[114.060546875,73.58466796875],[112.79541015625,73.74609375],[112.14726562499999,73.708935546875],[111.30284235691886,73.8829771018417]]],[[[150.69033203125002,75.155322265625],[148.47500000000002,75.272412109375],[148.43242187500005,75.413525390625],[146.79521484375005,75.370751953125],[146.4384765625,75.558203125],[146.14853515625003,75.198291015625],[148.09238281250003,74.82568359375],[149.596875,74.772607421875],[150.64628906250005,74.944580078125],[150.69033203125002,75.155322265625]]],[[[143.68583984375005,75.863671875],[142.46035156250002,75.90361328125],[141.48544921875003,76.137158203125],[141.03261718750002,75.98896484375],[140.81591796875,75.630712890625],[138.91953125000003,76.196728515625],[137.62539062500002,75.98818359375],[137.26884765625005,75.7494140625],[137.21796875,75.12373046875],[138.09228515625,74.7974609375],[139.09912109375,74.65654296875],[139.60585937500002,74.94560546875],[140.26787109375005,74.846923828125],[141.9873046875,74.991259765625],[142.47275390625003,74.82041015625],[142.61679687500003,75.133251953125],[142.15107421875,75.457568359375],[142.55156250000005,75.7208984375],[142.7294921875,75.337646484375],[143.17031250000002,75.11689453125],[144.40781250000003,75.102294921875],[145.25527343750002,75.585595703125],[143.68583984375005,75.863671875]]],[[[143.34375,73.56875],[141.9318359375,73.91494140625],[141.08476562500005,73.865869140625],[140.66279296875,73.452001953125],[141.5966796875,73.31083984375],[143.19326171875002,73.220751953125],[143.34375,73.56875]]],[[[112.08447265625,74.548974609375],[112.19580078125,74.146240234375],[112.78242187500001,74.095068359375],[113.28623046875003,74.441015625],[112.08447265625,74.548974609375]]]]},"properties":{"featurecla":"Admin-1 scale rank","scalerank":2,"adm1_code":"RUS-2612","diss_me":2612,"iso_3166_2":"RU-SA","wikipedia":"","iso_a2":"RU","adm0_sr":5,"name":"Sakha (Yakutia)","name_alt":"Chukotka|Chukotskiy AOk","name_local":"Чукотский АОк","type":"Avtonomnyy Okrug","type_en":"Autonomous Province","code_local":"","code_hasc":"RU.CK","note":"","hasc_maybe":"RU.SK|RUS-YAK","region":"Far Eastern","region_cod":"","provnum_ne":20019,"gadm_level":1,"check_me":20,"datarank":2,"abbrev":"","postal":"CK","area_sqkm":0,"sameascity":-99,"labelrank":2,"name_len":15,"mapcolor9":7,"mapcolor13":7,"fips":"RS15","fips_alt":"","woe_id":2346881,"woe_label":"Sakha, RU, Russia","woe_name":"Chukot","latitude":65.5964,"longitude":130.989,"sov_a3":"RUS","adm0_a3":"RUS","adm0_label":2,"admin":"Russia","geonunit":"Russia","gu_a3":"RUS","gn_id":2013162,"gn_name":"Respublika Sakha (Yakutiya)","gns_id":-3038508,"gns_name":"Sakha (Yakutiya), Respublika","gn_level":1,"gn_region":"","gn_a1_code":"RU.63","region_sub":"Far Eastern","sub_code":"","gns_level":1,"gns_lang":"fas","gns_adm1":"RS63","gns_region":"","min_label":5,"max_label":10.2,"min_zoom":4.7,"wikidataid":"Q6605","name_ar":"ياقوتيا","name_bn":"সাখা","name_de":"Sacha","name_en":"Sakha Republic","name_es":"Sajá","name_fr":"république Sakha","name_el":"Δημοκρατία των Σαχά","name_hi":"साख़ा गणतंत्र","name_hu":"Jakutföld","name_id":"Sakha","name_it":"Sacha-Jacuzia","name_ja":"サハ共和国","name_ko":"사하 공화국","name_nl":"Jakoetië","name_pl":"Jakucja","name_pt":"Iacútia","name_ru":"Якутия","name_sv":"Sacha","name_tr":"Yakutistan","name_vi":"Cộng hòa Sakha","name_zh":"萨哈共和国","ne_id":1159313601,"name_he":"רפובליקת סאחה-יקוטיה","name_uk":"Республіка Саха","name_ur":"سخا جمہوریہ","name_fa":"یاقوتستان","name_zht":"萨哈共和国","FCLASS_ISO":"","FCLASS_US":"","FCLASS_FR":"","FCLASS_RU":"","FCLASS_ES":"","FCLASS_CN":"","FCLASS_TW":"","FCLASS_IN":"","FCLASS_NP":"","FCLASS_PK":"","FCLASS_DE":"","FCLASS_GB":"","FCLASS_BR":"","FCLASS_IL":"","FCLASS_PS":"","FCLASS_SA":"","FCLASS_EG":"","FCLASS_MA":"","FCLASS_PT":"","FCLASS_AR":"","FCLASS_JP":"","FCLASS_KO":"","FCLASS_VN":"","FCLASS_TR":"","FCLASS_ID":"","FCLASS_PL":"","FCLASS_GR":"","FCLASS_IT":"","FCLASS_NL":"","FCLASS_SE":"","FCLASS_BD":"","FCLASS_UA":"","FCLASS_TLC":""}},{"type":"Feature","geometry":{"type":"Polygon","coordinates":[[[134.32315073237677,48.3701350777262],[134.1050240420259,48.63274241822802],[133.3086902198777,48.82601227474663],[133.2012032408369,49.14077342425412],[132.1198222194198,49.48550690372059],[131.3957320496943,49.24360952426014],[130.55314782116983,48.86120392515896],[131.00278445854138,47.6914562038001],[132.4762862489119,47.71496898049291],[132.707176548392,47.947254543644874],[134.32315073237677,48.3701350777262]]]},"properties":{"featurecla":"Admin-1 scale rank","scalerank":2,"adm1_code":"RUS-2613","diss_me":2613,"iso_3166_2":"RU-YEV","wikipedia":"","iso_a2":"RU","adm0_sr":1,"name":"Yevrey","name_alt":"Den jødiske autonome oblasten|Evrey|Jewish A.Obl.|Yahudi|Yevreyskaya A.Obl.|Evreyskaya AOb","name_local":"Eврейская АОб","type":"Avtonomnaya Oblast","type_en":"Autonomous Region","code_local":"","code_hasc":"RU.YV","note":"","hasc_maybe":"","region":"Far Eastern","region_cod":"","provnum_ne":20052,"gadm_level":1,"check_me":20,"datarank":2,"abbrev":"","postal":"YV","area_sqkm":0,"sameascity":-99,"labelrank":2,"name_len":6,"mapcolor9":7,"mapcolor13":7,"fips":"RS89","fips_alt":"","woe_id":20070516,"woe_label":"Yevreyskaya Avtonomnaya Oblast, RU, Russia","woe_name":"Yevrey","latitude":48.64,"longitude":132.758,"sov_a3":"RUS","adm0_a3":"RUS","adm0_label":2,"admin":"Russia","geonunit":"Russia","gu_a3":"RUS","gn_id":2026639,"gn_name":"Yevreyskaya Avtonomnaya Oblast'","gns_id":-2886566,"gns_name":"Yevreyskaya Avtonomnaya Oblast'","gn_level":1,"gn_region":"","gn_a1_code":"RU.89","region_sub":"Far Eastern","sub_code":"","gns_level":1,"gns_lang":"rus","gns_adm1":"RS89","gns_region":"","min_label":5,"max_label":10.2,"min_zoom":4.7,"wikidataid":"Q7730","name_ar":"الأوبلاست اليهودية الذاتية","name_bn":"ইহুদি স্বশাসিত ওব্লাস্ট","name_de":"Jüdische","name_en":"Jewish","name_es":"Óblast Autónomo Hebreo","name_fr":"autonome juif","name_el":"Εβραϊκή Αυτόνομη Περιφέρεια","name_hi":"ज्यूइश ऑटोनौमस ओब्लास्ट","name_hu":"Zsidó autonóm terület","name_id":"Otonom Yahudi","name_it":"' autonoma ebraica","name_ja":"ユダヤ自治州","name_ko":"유대인 자치","name_nl":"Joodse","name_pl":"Żydowski","name_pt":"Judaico","name_ru":"Еврейская автономная область","name_sv":"Judiska autonoma länet","name_tr":"Yahudi Özerk Oblastı","name_vi":"Tỉnh tự trị Do Thái","name_zh":"犹太自治州","ne_id":1159313605,"name_he":"המחוז היהודי האוטונומי","name_uk":"Єврейська автономна область","name_ur":"یہودی خود مختار اوبلاست","name_fa":"استان خودگردان یهودی","name_zht":"犹太自治州","FCLASS_ISO":"","FCLASS_US":"","FCLASS_FR":"","FCLASS_RU":"","FCLASS_ES":"","FCLASS_CN":"","FCLASS_TW":"","FCLASS_IN":"","FCLASS_NP":"","FCLASS_PK":"","FCLASS_DE":"","FCLASS_GB":"","FCLASS_BR":"","FCLASS_IL":"","FCLASS_PS":"","FCLASS_SA":"","FCLASS_EG":"","FCLASS_MA":"","FCLASS_PT":"","FCLASS_AR":"","FCLASS_JP":"","FCLASS_KO":"","FCLASS_VN":"","FCLASS_TR":"","FCLASS_ID":"","FCLASS_PL":"","FCLASS_GR":"","FCLASS_IT":"","FCLASS_NL":"","FCLASS_SE":"","FCLASS_BD":"","FCLASS_UA":"","FCLASS_TLC":""}},{"type":"Feature","geometry":{"type":"Polygon","coordinates":[[[133.97239344711238,46.63682280232893],[134.44288455617732,46.942457993741414],[135.2051119332691,47.152961940840896],[135.85013716030164,46.810889798125686],[136.72791303925533,46.841482244809754],[137.09367882671643,47.29659658496439],[137.45241662013086,47.19835968714983],[138.08679650285626,47.516608994809246],[137.6005212752366,47.78421539972089],[137.4489026226579,48.20158010523767],[138.4888391457099,48.401748766392416],[138.62867557241964,47.451419175754324],[139.01021130124556,47.396733821938966],[139.37265625000003,47.887353515624994],[140.17060546875,48.523681640625],[140.51718750000003,49.596142578125],[140.47636718750005,50.54599609375],[140.9326171875,51.619921874999996],[141.36689453125,51.920654296875],[141.16982421875002,52.368408203125],[141.40205078125,53.183984375],[139.70742187500002,54.277148437499996],[138.69570312500002,54.32001953125],[138.66074218750003,53.744775390625],[137.73818359375002,53.560302734375],[137.15537109375003,53.8216796875],[136.71884765625003,53.8041015625],[136.79726562500002,54.62099609375],[135.8515625,54.583935546875],[135.26250000000005,54.943310546875],[137.69150390625003,56.13935546875],[138.662109375,56.96552734375],[140.00234375000002,57.6875],[140.44687500000003,57.813671875],[140.68496093750002,58.212158203125],[142.5802734375,59.240136718749994],[143.19218750000005,59.3701171875],[145.55458984375002,59.413525390625],[145.931640625,59.198388671874994],[146.53720703125003,59.456982421875],[146.90719914274237,59.36978470338308],[146.786833937736,59.90104686122362],[146.37424930156396,60.27120514620049],[145.79299279208362,60.198160509000274],[145.6201868018793,60.55733755198639],[146.4643729997141,60.70874949809081],[146.74724979134476,61.222878323076145],[146.58343549994834,61.63551463519224],[145.74317671073652,62.05822785083461],[144.74509809809865,62.046884874537284],[144.00199100198313,61.7265168324858],[143.12648888615308,62.101067613179794],[142.4375386902583,61.86971222613829],[141.83757531095182,62.04122630514985],[141.30210411960934,62.431176662872645],[140.7047245626884,62.572718411025846],[140.25637983596062,62.03828074845774],[139.5482060081007,61.481673896333234],[139.12011844301173,61.44942780235118],[138.38331587143023,61.099526679013024],[138.26259972479738,59.93830556944647],[136.75871219331304,59.354646104733945],[135.79101932178423,59.53429922093227],[135.20914269378022,59.12233470328391],[133.12575565020302,59.20439687771369],[132.59927615766844,58.89103099218653],[132.56423953662522,58.63993520834316],[131.7047571154485,58.17391714146288],[131.6930782405683,57.56051788988867],[131.50859337818179,57.251079412984495],[131.6698238471928,56.549571844864715],[131.18437544187304,56.46794892000662],[130.9229960471298,55.678565579338],[132.53840132086418,55.67562002174657],[132.73260135336966,55.348714912063485],[132.3668355650093,55.05643301047502],[131.19946495964007,54.6127908387262],[131.1140954942116,54.323273627575816],[130.50689741438407,54.11984935226576],[130.92113569605544,53.76777781769209],[131.4208467959428,53.75134471278824],[131.5322611836067,53.31943309186369],[132.89331505844314,53.234632066316806],[133.5732735537315,53.54603424708279],[134.01055952410275,53.43317291949461],[134.5552291198279,53.62086172099163],[134.92378543524956,53.41658478495981],[134.60566531790005,52.41757599543581],[133.36935835200632,52.68303782843299],[133.32171268099535,52.19826121758109],[132.58976769402386,52.08152415641467],[132.42347293482806,51.85993561543626],[131.72780480414838,51.68108348221688],[131.48843956933058,51.344566555202334],[131.06489952958952,51.245709539763425],[130.64508019379582,50.65729584412787],[131.44151736873152,50.186187649540386],[131.3957320496943,49.24360952426014],[132.1198222194198,49.48550690372059],[133.2012032408369,49.14077342425412],[133.3086902198777,48.82601227474663],[134.1050240420259,48.63274241822802],[134.32315073237677,48.3701350777262],[134.75232303277517,47.715408230167384],[134.20212405816358,47.12805390073795],[133.97239344711238,46.63682280232893]]]},"properties":{"featurecla":"Admin-1 scale rank","scalerank":2,"adm1_code":"RUS-2614","diss_me":2614,"iso_3166_2":"RU-KHA","wikipedia":"","iso_a2":"RU","adm0_sr":5,"name":"Khabarovsk","name_alt":"Khabarovskiy Kray","name_local":"Хабаровский край","type":"Kray","type_en":"Territory","code_local":"","code_hasc":"RU.KH","note":"","hasc_maybe":"","region":"Far Eastern","region_cod":"","provnum_ne":20023,"gadm_level":1,"check_me":20,"datarank":2,"abbrev":"","postal":"KH","area_sqkm":0,"sameascity":6,"labelrank":6,"name_len":10,"mapcolor9":7,"mapcolor13":7,"fips":"RS30","fips_alt":"","woe_id":2346883,"woe_label":"Khabarovskiy Kray, RU, Russia","woe_name":"Khabarovsk","latitude":57.0232,"longitude":135.443,"sov_a3":"RUS","adm0_a3":"RUS","adm0_label":2,"admin":"Russia","geonunit":"Russia","gu_a3":"RUS","gn_id":2022888,"gn_name":"Khabarovskiy Kray","gns_id":-2924121,"gns_name":"Khabarovskiy Kray","gn_level":1,"gn_region":"","gn_a1_code":"RU.30","region_sub":"Far Eastern","sub_code":"","gns_level":1,"gns_lang":"rus","gns_adm1":"RS30","gns_region":"","min_label":5,"max_label":10.2,"min_zoom":4.7,"wikidataid":"Q7788","name_ar":"خاباروفسك كراي","name_bn":"খাবারোভস্ক ক্রাই","name_de":"Chabarowsk","name_en":"Khabarovsk Krai","name_es":"Jabárovsk","name_fr":"Khabarovsk","name_el":"Κράι Χαμπάροφσκ","name_hi":"ख़ाबारोव्स्क क्राय","name_hu":"Habarovszki határterület","name_id":"Krai Khabarovsk","name_it":"Territorio di Chabarovsk","name_ja":"ハバロフスク地方","name_ko":"하바롭스크 지방","name_nl":"Kraj Chabarovsk","name_pl":"Kraj Chabarowski","name_pt":"Krai de Khabarovsk","name_ru":"Хабаровский край","name_sv":"Chabarovsk kraj","name_tr":"Habarovsk Krayı","name_vi":"Khabarovsk","name_zh":"哈巴罗夫斯克边疆区","ne_id":1159313583,"name_he":"מחוז חברובסק","name_uk":"Хабаровський край","name_ur":"خابارووسک کرائی","name_fa":"سرزمین خاباروفسک","name_zht":"哈巴羅夫斯克邊疆區","FCLASS_ISO":"","FCLASS_US":"","FCLASS_FR":"","FCLASS_RU":"","FCLASS_ES":"","FCLASS_CN":"","FCLASS_TW":"","FCLASS_IN":"","FCLASS_NP":"","FCLASS_PK":"","FCLASS_DE":"","FCLASS_GB":"","FCLASS_BR":"","FCLASS_IL":"","FCLASS_PS":"","FCLASS_SA":"","FCLASS_EG":"","FCLASS_MA":"","FCLASS_PT":"","FCLASS_AR":"","FCLASS_JP":"","FCLASS_KO":"","FCLASS_VN":"","FCLASS_TR":"","FCLASS_ID":"","FCLASS_PL":"","FCLASS_GR":"","FCLASS_IT":"","FCLASS_NL":"","FCLASS_SE":"","FCLASS_BD":"","FCLASS_UA":"","FCLASS_TLC":""}},{"type":"Feature","geometry":{"type":"Polygon","coordinates":[[[162.50186828858983,61.669795304171835],[162.7678739766027,62.50311025693276],[162.37988732274164,63.11893830036223],[162.9792305853232,63.62097484021666],[163.16660932755838,64.19013906546547],[163.13694705596185,64.77020701833919],[162.99690392457637,64.6486640494063],[161.78447146968256,64.83808401076845],[161.281143020434,65.14067536077926],[160.5365889825954,65.16196605119228],[159.99708702984253,65.52333934203699],[158.9217004736978,65.74301585599693],[159.1664400579623,66.23404531543895],[158.52895958891384,66.3593865017856],[158.12412641809965,66.15580719684465],[157.12439415906317,65.91515005173346],[156.65920291628152,66.19306590416812],[156.36030643089703,66.06682038025633],[155.75217817598195,66.17689118078334],[154.39525841714214,66.20458974941738],[154.24963423073507,65.82998729098068],[153.69752322801446,65.88559113202507],[153.400900506653,65.50427073790422],[152.68817915344516,65.23343455725899],[152.33130171110497,64.51006785794527],[150.2243502139911,64.21313507822123],[149.81641645685397,64.56727366854494],[148.63054568903226,64.41865224950169],[147.95513471909192,63.94428843896026],[146.49868615124478,64.2088200950713],[145.5723344261928,63.836103827929264],[145.25214725219382,63.1795547547481],[145.32614790290336,62.754412747250456],[144.74509809809865,62.046884874537284],[145.74317671073652,62.05822785083461],[146.58343549994834,61.63551463519224],[146.74724979134476,61.222878323076145],[146.4643729997141,60.70874949809081],[145.6201868018793,60.55733755198639],[145.79299279208362,60.198160509000274],[146.37424930156396,60.27120514620049],[146.786833937736,59.90104686122362],[146.90719914274237,59.36978470338308],[147.51445312500005,59.2685546875],[148.25742187500003,59.414208984374994],[148.9140625,59.28271484375],[149.06523437500005,59.630517578124994],[149.642578125,59.770410156249994],[150.7294921875,59.469140624999994],[151.48574218750002,59.52412109375],[151.32675781250003,58.87509765625],[152.40068359375005,59.026416015625],[152.88222656250002,58.9390625],[153.36113281250005,59.214794921875],[154.0109375,59.075537109375],[154.4580078125,59.216552734375],[154.29306640625003,59.833349609375],[154.97080078125003,60.37666015625],[155.85332031250005,60.7771484375],[156.62968750000005,61.2724609375],[156.68027343750003,61.480615234374994],[157.46933593750003,61.79892578125],[158.07011718750005,61.75361328125],[159.07666015625,61.922265624999994],[159.55234375000003,61.719482421875],[160.18251953125002,61.90283203125],[159.88310546875005,61.291796875],[160.17363281250005,60.638427734375],[161.037109375,60.962890625],[162.50186828858983,61.669795304171835]]]},"properties":{"featurecla":"Admin-1 scale rank","scalerank":2,"adm1_code":"RUS-2615","diss_me":2615,"iso_3166_2":"RU-MAG","wikipedia":"","iso_a2":"RU","adm0_sr":5,"name":"Maga Buryatdan","name_alt":"Magadanskaya Oblast","name_local":"Магаданская область","type":"Oblast","type_en":"Region","code_local":"","code_hasc":"RU.MG","note":"","hasc_maybe":"","region":"Far Eastern","region_cod":"","provnum_ne":20022,"gadm_level":1,"check_me":20,"datarank":2,"abbrev":"","postal":"MG","area_sqkm":0,"sameascity":-99,"labelrank":2,"name_len":14,"mapcolor9":7,"mapcolor13":7,"fips":"RS44","fips_alt":"","woe_id":20070512,"woe_label":"Magadanskaya Oblast, RU, Russia","woe_name":"Maga Buryatdan","latitude":62.6257,"longitude":153.797,"sov_a3":"RUS","adm0_a3":"RUS","adm0_label":2,"admin":"Russia","geonunit":"Russia","gu_a3":"RUS","gn_id":2123627,"gn_name":"Magadanskaya Oblast'","gns_id":-2950072,"gns_name":"Magadanskaya Oblast'","gn_level":1,"gn_region":"","gn_a1_code":"RU.44","region_sub":"Far Eastern","sub_code":"","gns_level":1,"gns_lang":"rus","gns_adm1":"RS44","gns_region":"","min_label":5,"max_label":10.2,"min_zoom":4.7,"wikidataid":"Q7971","name_ar":"ماغادان أوبلاست","name_bn":"মাগাদান ওব্লাস্ট","name_de":"Magadan","name_en":"Magadan","name_es":"Magadán","name_fr":"Magadan","name_el":"Όμπλαστ του Μαγκαντάν","name_hi":"मागादान ओब्लास्त","name_hu":"Magadani terület","name_id":"Magadan","name_it":"Magadan","name_ja":"マガダン州","name_ko":"마가단","name_nl":"Magadan","name_pl":"magadański","name_pt":"Magadan","name_ru":"Магаданская область","name_sv":"Magadan","name_tr":"Magadan Oblastı","name_vi":"Magadan","name_zh":"马加丹州","ne_id":1159313599,"name_he":"מחוז מגדן","name_uk":"Магаданська область","name_ur":"ماگادان اوبلاست","name_fa":"استان ماگادان","name_zht":"馬加丹州","FCLASS_ISO":"","FCLASS_US":"","FCLASS_FR":"","FCLASS_RU":"","FCLASS_ES":"","FCLASS_CN":"","FCLASS_TW":"","FCLASS_IN":"","FCLASS_NP":"","FCLASS_PK":"","FCLASS_DE":"","FCLASS_GB":"","FCLASS_BR":"","FCLASS_IL":"","FCLASS_PS":"","FCLASS_SA":"","FCLASS_EG":"","FCLASS_MA":"","FCLASS_PT":"","FCLASS_AR":"","FCLASS_JP":"","FCLASS_KO":"","FCLASS_VN":"","FCLASS_TR":"","FCLASS_ID":"","FCLASS_PL":"","FCLASS_GR":"","FCLASS_IT":"","FCLASS_NL":"","FCLASS_SE":"","FCLASS_BD":"","FCLASS_UA":"","FCLASS_TLC":""}},{"type":"Feature","geometry":{"type":"Polygon","coordinates":[[[142.3349609375,54.280712890625],[142.67021484375005,53.968408203125],[142.52617187500005,53.4474609375],[141.82353515625005,53.339501953125],[141.66083984375,52.27294921875],[141.77187500000002,51.690185546875],[142.20791015625002,50.998486328125],[142.07109375000005,50.514990234375],[142.14228515625,49.569140624999996],[141.86630859375003,48.75009765625],[142.18173828125003,48.01337890625],[141.9640625,47.587451171874996],[142.03867187500003,47.140283203124994],[141.83037109375005,46.451074218749994],[142.20859375000003,46.0888671875],[142.57802734375002,46.70078125],[143.28232421875003,46.558984374999994],[143.00556640625,47.222705078124996],[142.55693359375005,47.737890625],[142.57421875,48.072167968749994],[143.10498046875,49.198828125],[144.27207031250003,49.311328124999996],[143.81601562500003,50.282617187499994],[143.45546875000002,51.471484374999996],[143.15556640625005,52.083740234375],[143.32363281250002,52.613574218749996],[143.2236328125,53.296044921875],[142.91796875,53.794238281249996],[142.76103515625005,54.3939453125],[142.3349609375,54.280712890625]]]},"properties":{"featurecla":"Admin-1 scale rank","scalerank":2,"adm1_code":"RUS-2616","diss_me":2616,"iso_3166_2":"RU-SAK","wikipedia":"","iso_a2":"RU","adm0_sr":3,"name":"Sakhalin","name_alt":"Sakhalinskaya Oblast","name_local":"Сахалинская область","type":"Oblast","type_en":"Region","code_local":"","code_hasc":"RU.SL","note":"","hasc_maybe":"","region":"Far Eastern","region_cod":"","provnum_ne":20012,"gadm_level":1,"check_me":20,"datarank":2,"abbrev":"","postal":"SL","area_sqkm":0,"sameascity":-99,"labelrank":2,"name_len":8,"mapcolor9":7,"mapcolor13":7,"fips":"RS64","fips_alt":"","woe_id":2346937,"woe_label":"Sakhalinskaya Oblast, RU, Russia","woe_name":"Sakhalin","latitude":47.3479,"longitude":152.467,"sov_a3":"RUS","adm0_a3":"RUS","adm0_label":2,"admin":"Russia","geonunit":"Russia","gu_a3":"RUS","gn_id":2121529,"gn_name":"Sakhalinskaya Oblast'","gns_id":-2995497,"gns_name":"Sakhalinskaya Oblast'","gn_level":1,"gn_region":"","gn_a1_code":"RU.64","region_sub":"Far Eastern","sub_code":"","gns_level":1,"gns_lang":"fas","gns_adm1":"RS64","gns_region":"","min_label":5,"max_label":10.2,"min_zoom":4.7,"wikidataid":"Q7797","name_ar":"ساخالين أوبلاست","name_bn":"শাখালিন ওব্লাস্ট","name_de":"Sachalin","name_en":"Sakhalin","name_es":"Sajalín","name_fr":"Sakhaline","name_el":"Όμπλαστ της Σαχαλίνης","name_hi":"सखलिन ओब्लास्ट","name_hu":"Szahalini terület","name_id":"Sakhalin","name_it":"Sachalin","name_ja":"サハリン州","name_ko":"사할린","name_nl":"Sachalin","name_pl":"sachaliński","name_pt":"Sacalina","name_ru":"Сахалинская область","name_sv":"Sachalin","name_tr":"Sahalin Oblastı","name_vi":"Sakhalin","name_zh":"萨哈林州","ne_id":1159313257,"name_he":"מחוז סחלין","name_uk":"Сахалінська область","name_ur":"سخالن اوبلاست","name_fa":"استان ساخالین","name_zht":"薩哈林州","FCLASS_ISO":"","FCLASS_US":"","FCLASS_FR":"","FCLASS_RU":"","FCLASS_ES":"","FCLASS_CN":"","FCLASS_TW":"","FCLASS_IN":"","FCLASS_NP":"","FCLASS_PK":"","FCLASS_DE":"","FCLASS_GB":"","FCLASS_BR":"","FCLASS_IL":"","FCLASS_PS":"","FCLASS_SA":"","FCLASS_EG":"","FCLASS_MA":"","FCLASS_PT":"","FCLASS_AR":"","FCLASS_JP":"","FCLASS_KO":"","FCLASS_VN":"","FCLASS_TR":"","FCLASS_ID":"","FCLASS_PL":"","FCLASS_GR":"","FCLASS_IT":"","FCLASS_NL":"","FCLASS_SE":"","FCLASS_BD":"","FCLASS_UA":"","FCLASS_TLC":""}},{"type":"Feature","geometry":{"type":"Polygon","coordinates":[[[54.35247602724684,56.35852407552562],[54.968355746620375,56.320438544103524],[55.8757938980699,56.43665884133242],[56.40248009617949,56.38741120076628],[56.86405398870062,56.108100084351406],[57.40841352696265,56.329120185448176],[57.32304406063486,56.91988515947253],[58.02987430225721,57.09935740851756],[58.26810265461381,57.66978770653742],[58.82982547376656,57.72624420830357],[58.67831017397532,58.10709951443101],[59.45604047998415,58.492760729224244],[59.082729933639484,58.769332994522074],[59.00345828627087,59.23064850552407],[58.40308149581438,59.5522826203466],[59.18845991439349,60.27787140594063],[59.46771935396498,60.80786489504885],[59.261013625178634,61.22218069108601],[59.3486568537308,61.6821784533729],[58.69153934066799,61.50273204185021],[56.70241010943897,61.52477204019749],[56.25737267370988,61.20634186538473],[55.31562137162899,61.123039455706305],[54.97951785666373,60.863830471299195],[52.87649376817285,61.09384227210313],[51.774235466593495,60.605603338823016],[52.297821079279345,60.24159455054803],[53.60761193194509,60.14273753510912],[53.59210900302804,59.70850047511681],[53.205775994666396,59.36399953874769],[53.87653608557184,59.09280162199724],[53.78455203634735,58.43989573839758],[54.08716922388055,57.994238185943516],[54.31433881988062,57.29050853154348],[54.098641392286424,56.96592886002884],[54.35247602724684,56.35852407552562]]]},"properties":{"featurecla":"Admin-1 scale rank","scalerank":2,"adm1_code":"RUS-3200","diss_me":3200,"iso_3166_2":"RU-PER","wikipedia":"","iso_a2":"RU","adm0_sr":1,"name":"Perm'","name_alt":"Molotov|Permskaya Oblast","name_local":"Пермская область","type":"Kray","type_en":"Territory","code_local":"","code_hasc":"RU.PE","note":"","hasc_maybe":"","region":"Volga","region_cod":"","provnum_ne":20007,"gadm_level":1,"check_me":20,"datarank":2,"abbrev":"","postal":"PE","area_sqkm":0,"sameascity":6,"labelrank":6,"name_len":5,"mapcolor9":7,"mapcolor13":7,"fips":"RS90","fips_alt":"","woe_id":20070511,"woe_label":"Permskiy Kray, RU, Russia","woe_name":"Perm'","latitude":58.8735,"longitude":56.5878,"sov_a3":"RUS","adm0_a3":"RUS","adm0_label":2,"admin":"Russia","geonunit":"Russia","gu_a3":"RUS","gn_id":511180,"gn_name":"Perm Krai","gns_id":9262371,"gns_name":"Permskiy Kray","gn_level":1,"gn_region":"","gn_a1_code":"RU.90","region_sub":"Urals","sub_code":"","gns_level":1,"gns_lang":"dan","gns_adm1":"RS90","gns_region":"","min_label":5,"max_label":10.2,"min_zoom":4.7,"wikidataid":"Q5400","name_ar":"بيرم كراي","name_bn":"পার্ম ক্রাই","name_de":"Perm","name_en":"Perm Krai","name_es":"Perm","name_fr":"Perm","name_el":"Κράι Περμ","name_hi":"पेर्म क्राय","name_hu":"Permi határterület","name_id":"Krai Perm","name_it":"Territorio di Perm'","name_ja":"ペルミ地方","name_ko":"페름 지방","name_nl":"Kraj Perm","name_pl":"Kraj Permski","name_pt":"Krai de Perm","name_ru":"Пермский край","name_sv":"Perm kraj","name_tr":"Perm Krayı","name_vi":"Perm","name_zh":"彼尔姆边疆区","ne_id":1159314843,"name_he":"מחוז פרם","name_uk":"Пермський край","name_ur":"پیرم کرائی","name_fa":"سرزمین پرم","name_zht":"彼爾姆邊疆區","FCLASS_ISO":"","FCLASS_US":"","FCLASS_FR":"","FCLASS_RU":"","FCLASS_ES":"","FCLASS_CN":"","FCLASS_TW":"","FCLASS_IN":"","FCLASS_NP":"","FCLASS_PK":"","FCLASS_DE":"","FCLASS_GB":"","FCLASS_BR":"","FCLASS_IL":"","FCLASS_PS":"","FCLASS_SA":"","FCLASS_EG":"","FCLASS_MA":"","FCLASS_PT":"","FCLASS_AR":"","FCLASS_JP":"","FCLASS_KO":"","FCLASS_VN":"","FCLASS_TR":"","FCLASS_ID":"","FCLASS_PL":"","FCLASS_GR":"","FCLASS_IT":"","FCLASS_NL":"","FCLASS_SE":"","FCLASS_BD":"","FCLASS_UA":"","FCLASS_TLC":""}},{"type":"Feature","geometry":{"type":"MultiPolygon","coordinates":[[[[174.45422591523518,61.82203294145075],[174.0798450060421,62.447041327894965],[173.5038594914223,62.534090278143765],[172.85252973895626,62.33149282513375],[172.05474897688373,62.4665233431777],[171.46956505788103,62.31201080985096],[170.159360793166,62.34182811107843],[169.84248091106508,62.655349026236536],[169.12665896973556,62.972538968498554],[168.79561974495516,63.30308726686383],[169.50916792226178,63.58361277920636],[169.34442345577781,63.94989533150431],[168.87354780518694,64.02071788242432],[168.49868696523117,64.3173664413082],[167.71413536985142,64.3407241892699],[167.23695519382704,64.6236526559453],[166.03454796831397,64.55947052724304],[165.2627087747901,64.85061554637036],[164.79793094315846,64.77160228142014],[163.520282830788,64.93143748645082],[163.13694705596185,64.77020701833919],[163.16660932755838,64.19013906546547],[162.9792305853232,63.62097484021666],[162.37988732274164,63.11893830036223],[162.7678739766027,62.50311025693276],[162.50186828858983,61.669795304171835],[163.00927734375,61.79150390625],[163.33173828125,62.550927734374994],[164.25566406250005,62.69658203125],[163.89335937500005,61.240478515625],[163.7099609375,60.916796875],[162.97314453125,60.78291015625],[162.00361328125,60.420166015625],[161.75351562500003,60.152294921875],[159.84736328125,59.1271484375],[159.03691406250005,58.42392578125],[158.21044921875,58.025292968749994],[156.98574218750002,57.83017578125],[156.72841796875002,57.15224609375],[155.98251953125003,56.69521484375],[155.5548828125,55.348486328125],[156.098828125,53.006494140625],[156.36474609375,52.509375],[156.50039062500002,51.47509765625],[156.74775390625,50.969287109374996],[158.103515625,51.809619140624996],[158.46347656250003,52.304980468749996],[158.60878906250002,52.8736328125],[159.77158203125003,53.2296875],[160.0744140625,54.18916015625],[160.77265625,54.541357421875],[161.72568359375003,54.532958984375],[162.10556640625003,54.7521484375],[161.72939453125002,55.3580078125],[162.0849609375,56.089648437499996],[162.52822265625002,56.260693359375],[163.04736328125,56.044677734375],[163.33554687500003,56.23251953125],[163.25654296875,56.688037109374996],[162.80263671875002,56.811474609375],[162.779296875,57.3576171875],[163.2138671875,57.686816406249996],[162.71835937500003,57.946093749999996],[162.03964843750003,57.918261718749996],[162.1416015625,58.447412109374994],[163.27285156250002,59.302587890625],[163.40996093750005,59.8349609375],[163.78007812500005,60.04111328125],[165.08457031250003,60.098583984375],[166.30810546875,60.4142578125],[166.33183593750005,59.872412109375],[166.9640625,60.307031249999994],[168.13750000000005,60.57392578125],[169.2267578125,60.595947265625],[169.9826171875,60.06708984375],[170.35097656250002,59.96552734375],[170.60820312500005,60.434912109375],[173.1318359375,61.406640624999994],[173.62343750000002,61.716064453125],[174.45422591523518,61.82203294145075]]],[[[164.57265625000002,59.221142578125],[163.7609375,59.015039062499994],[163.63515625000002,58.603369140625],[164.61572265625,58.885595703125],[164.57265625000002,59.221142578125]]]]},"properties":{"featurecla":"Admin-1 scale rank","scalerank":2,"adm1_code":"RUS-3468","diss_me":3468,"iso_3166_2":"RU-KAM","wikipedia":"","iso_a2":"RU","adm0_sr":4,"name":"Kamchatka","name_alt":"Kamçatka|Kamchatskaya Oblast","name_local":"","type":"Oblast","type_en":"Region","code_local":"","code_hasc":"RU.KQ","note":"","hasc_maybe":"","region":"Far Eastern","region_cod":"","provnum_ne":0,"gadm_level":1,"check_me":20,"datarank":2,"abbrev":"","postal":"KA","area_sqkm":0,"sameascity":-99,"labelrank":2,"name_len":9,"mapcolor9":7,"mapcolor13":7,"fips":"RS92","fips_alt":"","woe_id":20070514,"woe_label":"Kamchatskaya Oblast, RU, Russia","woe_name":"Kamchatka","latitude":56.5325,"longitude":160.187,"sov_a3":"RUS","adm0_a3":"RUS","adm0_label":2,"admin":"Russia","geonunit":"Russia","gu_a3":"RUS","gn_id":2125072,"gn_name":"Kamtchatski Kray","gns_id":11585057,"gns_name":"Kamchatskiy Kray","gn_level":1,"gn_region":"","gn_a1_code":"RU.92","region_sub":"Far Eastern","sub_code":"","gns_level":1,"gns_lang":"rus","gns_adm1":"RS92","gns_region":"","min_label":5,"max_label":10.2,"min_zoom":4.7,"wikidataid":"Q7948","name_ar":"كراي كامشاتكا","name_bn":"কামচাটকাক্রাই","name_de":"Kamtschatka","name_en":"Kamchatka Krai","name_es":"Kamchatka","name_fr":"du Kamtchatka","name_el":"Κράι Καμτσάτκα","name_hi":"कमचातका क्राय","name_hu":"Kamcsatkai határterület","name_id":"Krai Kamchatka","name_it":"territorio della Kamčatka","name_ja":"カムチャツカ地方","name_ko":"캄차카 지방","name_nl":"Kraj Kamtsjatka","name_pl":"Kraj Kamczacki","name_pt":"Krai de Kamtchatka","name_ru":"Камчатский край","name_sv":"Kamtjatka kraj","name_tr":"Kamçatka Krayı","name_vi":"Kamchatka","name_zh":"堪察加邊疆區","ne_id":1159315449,"name_he":"מחוז קמצ'טקה","name_uk":"Камчатський край","name_ur":"کامچاٹکا کرائی","name_fa":"سرزمین کامچاتکا","name_zht":"堪察加邊疆區","FCLASS_ISO":"","FCLASS_US":"","FCLASS_FR":"","FCLASS_RU":"","FCLASS_ES":"","FCLASS_CN":"","FCLASS_TW":"","FCLASS_IN":"","FCLASS_NP":"","FCLASS_PK":"","FCLASS_DE":"","FCLASS_GB":"","FCLASS_BR":"","FCLASS_IL":"","FCLASS_PS":"","FCLASS_SA":"","FCLASS_EG":"","FCLASS_MA":"","FCLASS_PT":"","FCLASS_AR":"","FCLASS_JP":"","FCLASS_KO":"","FCLASS_VN":"","FCLASS_TR":"","FCLASS_ID":"","FCLASS_PL":"","FCLASS_GR":"","FCLASS_IT":"","FCLASS_NL":"","FCLASS_SE":"","FCLASS_BD":"","FCLASS_UA":"","FCLASS_TLC":""}},{"type":"Feature","geometry":{"type":"Polygon","coordinates":[[[31.287890625000017,-22.40205078125001],[32.37109375,-21.33486328125001],[32.477636718750006,-20.712988281250006],[33.00673828125002,-19.873828125000003],[32.71650390625001,-19.00185546875001],[32.99306640625002,-18.35957031250001],[32.94804687500002,-16.71230468750001],[31.939843750000023,-16.428808593750006],[31.236230468750023,-16.02363281250001],[30.437792968750017,-15.995312500000011],[30.396093750000006,-15.64306640625],[29.729589843750006,-15.644628906250006],[28.9130859375,-15.98779296875],[28.760644531250023,-16.53193359375001],[27.932226562500006,-16.89619140625001],[27.020800781250017,-17.95839843750001],[25.86328125,-17.951953125000003],[25.2587890625,-17.793554687500006],[25.76123046875,-18.649218750000003],[26.168066406250006,-19.53828125000001],[27.221484375000017,-20.145800781250003],[27.28076171875,-20.47871093750001],[27.699609375000023,-20.53066406250001],[27.66943359375,-21.064257812500003],[28.04560546875001,-21.573046875000003],[29.03730468750001,-21.811328125000003],[29.364843750000006,-22.193945312500006],[31.287890625000017,-22.40205078125001]]]},"properties":{"featurecla":"Admin-0 map unit","scalerank":1,"LABELRANK":3,"SOVEREIGNT":"Zimbabwe","SOV_A3":"ZWE","ADM0_DIF":0,"LEVEL":2,"TYPE":"Sovereign country","TLC":"1","ADMIN":"Zimbabwe","ADM0_A3":"ZWE","GEOU_DIF":0,"GEOUNIT":"Zimbabwe","GU_A3":"ZWE","SU_DIF":0,"SUBUNIT":"Zimbabwe","SU_A3":"ZWE","BRK_DIFF":0,"NAME":"Zimbabwe","NAME_LONG":"Zimbabwe","BRK_A3":"ZWE","BRK_NAME":"Zimbabwe","BRK_GROUP":"","ABBREV":"Zimb.","POSTAL":"ZW","FORMAL_EN":"Republic of Zimbabwe","FORMAL_FR":"","NAME_CIAWF":"Zimbabwe","NOTE_ADM0":"","NOTE_BRK":"","NAME_SORT":"Zimbabwe","NAME_ALT":"","MAPCOLOR7":1,"MAPCOLOR8":5,"MAPCOLOR9":3,"MAPCOLOR13":9,"POP_EST":14645468,"POP_RANK":14,"POP_YEAR":2019,"GDP_MD":21440,"GDP_YEAR":2019,"ECONOMY":"5. Emerging region: G20","INCOME_GRP":"5. Low income","FIPS_10":"ZI","ISO_A2":"ZW","ISO_A2_EH":"ZW","ISO_A3":"ZWE","ISO_A3_EH":"ZWE","ISO_N3":"716","ISO_N3_EH":"716","UN_A3":"716","WB_A2":"ZW","WB_A3":"ZWE","WOE_ID":23425004,"WOE_ID_EH":23425004,"WOE_NOTE":"Exact WOE match as country","ADM0_ISO":"ZWE","ADM0_DIFF":"","ADM0_TLC":"ZWE","ADM0_A3_US":"ZWE","ADM0_A3_FR":"ZWE","ADM0_A3_RU":"ZWE","ADM0_A3_ES":"ZWE","ADM0_A3_CN":"ZWE","ADM0_A3_TW":"ZWE","ADM0_A3_IN":"ZWE","ADM0_A3_NP":"ZWE","ADM0_A3_PK":"ZWE","ADM0_A3_DE":"ZWE","ADM0_A3_GB":"ZWE","ADM0_A3_BR":"ZWE","ADM0_A3_IL":"ZWE","ADM0_A3_PS":"ZWE","ADM0_A3_SA":"ZWE","ADM0_A3_EG":"ZWE","ADM0_A3_MA":"ZWE","ADM0_A3_PT":"ZWE","ADM0_A3_AR":"ZWE","ADM0_A3_JP":"ZWE","ADM0_A3_KO":"ZWE","ADM0_A3_VN":"ZWE","ADM0_A3_TR":"ZWE","ADM0_A3_ID":"ZWE","ADM0_A3_PL":"ZWE","ADM0_A3_GR":"ZWE","ADM0_A3_IT":"ZWE","ADM0_A3_NL":"ZWE","ADM0_A3_SE":"ZWE","ADM0_A3_BD":"ZWE","ADM0_A3_UA":"ZWE","ADM0_A3_UN":-99,"ADM0_A3_WB":-99,"CONTINENT":"Africa","REGION_UN":"Africa","SUBREGION":"Eastern Africa","REGION_WB":"Sub-Saharan Africa","NAME_LEN":8,"LONG_LEN":8,"ABBREV_LEN":5,"TINY":-99,"HOMEPART":1,"MIN_ZOOM":0,"MIN_LABEL":2.5,"MAX_LABEL":8,"LABEL_X":29.925444,"LABEL_Y":-18.91164,"NE_ID":1159321441,"WIKIDATAID":"Q954","NAME_AR":"زيمبابوي","NAME_BN":"জিম্বাবুয়ে","NAME_DE":"Simbabwe","NAME_EN":"Zimbabwe","NAME_ES":"Zimbabue","NAME_FA":"زیمبابوه","NAME_FR":"Zimbabwe","NAME_EL":"Ζιμπάμπουε","NAME_HE":"זימבבואה","NAME_HI":"ज़िम्बाब्वे","NAME_HU":"Zimbabwe","NAME_ID":"Zimbabwe","NAME_IT":"Zimbabwe","NAME_JA":"ジンバブエ","NAME_KO":"짐바브웨","NAME_NL":"Zimbabwe","NAME_PL":"Zimbabwe","NAME_PT":"Zimbábue","NAME_RU":"Зимбабве","NAME_SV":"Zimbabwe","NAME_TR":"Zimbabve","NAME_UK":"Зімбабве","NAME_UR":"زمبابوے","NAME_VI":"Zimbabwe","NAME_ZH":"津巴布韦","NAME_ZHT":"辛巴威","FCLASS_ISO":"Admin-0 country","TLC_DIFF":"","FCLASS_TLC":"Admin-0 country","FCLASS_US":"","FCLASS_FR":"","FCLASS_RU":"","FCLASS_ES":"","FCLASS_CN":"","FCLASS_TW":"","FCLASS_IN":"","FCLASS_NP":"","FCLASS_PK":"","FCLASS_DE":"","FCLASS_GB":"","FCLASS_BR":"","FCLASS_IL":"","FCLASS_PS":"","FCLASS_SA":"","FCLASS_EG":"","FCLASS_MA":"","FCLASS_PT":"","FCLASS_AR":"","FCLASS_JP":"","FCLASS_KO":"","FCLASS_VN":"","FCLASS_TR":"","FCLASS_ID":"","FCLASS_PL":"","FCLASS_GR":"","FCLASS_IT":"","FCLASS_NL":"","FCLASS_SE":"","FCLASS_BD":"","FCLASS_UA":""}},{"type":"Feature","geometry":{"type":"Polygon","coordinates":[[[31.9482421875,-25.957617187500006],[31.415136718750006,-25.74658203125],[30.803320312500006,-26.41347656250001],[31.063378906250023,-27.1123046875],[31.958398437500023,-27.30585937500001],[32.112890625000006,-26.839453125000006],[31.9482421875,-25.957617187500006]]]},"properties":{"featurecla":"Admin-0 map unit","scalerank":1,"LABELRANK":4,"SOVEREIGNT":"eSwatini","SOV_A3":"SWZ","ADM0_DIF":0,"LEVEL":2,"TYPE":"Sovereign country","TLC":"1","ADMIN":"eSwatini","ADM0_A3":"SWZ","GEOU_DIF":0,"GEOUNIT":"eSwatini","GU_A3":"SWZ","SU_DIF":0,"SUBUNIT":"eSwatini","SU_A3":"SWZ","BRK_DIFF":0,"NAME":"eSwatini","NAME_LONG":"Kingdom of eSwatini","BRK_A3":"SWZ","BRK_NAME":"eSwatini","BRK_GROUP":"","ABBREV":"eSw.","POSTAL":"ES","FORMAL_EN":"Kingdom of eSwatini","FORMAL_FR":"","NAME_CIAWF":"eSwatini","NOTE_ADM0":"","NOTE_BRK":"","NAME_SORT":"eSwatini","NAME_ALT":"Swaziland","MAPCOLOR7":3,"MAPCOLOR8":6,"MAPCOLOR9":2,"MAPCOLOR13":5,"POP_EST":1148130,"POP_RANK":12,"POP_YEAR":2019,"GDP_MD":4471,"GDP_YEAR":2019,"ECONOMY":"6. Developing region","INCOME_GRP":"4. Lower middle income","FIPS_10":"WZ","ISO_A2":"SZ","ISO_A2_EH":"SZ","ISO_A3":"SWZ","ISO_A3_EH":"SWZ","ISO_N3":"748","ISO_N3_EH":"748","UN_A3":"748","WB_A2":"SZ","WB_A3":"SWZ","WOE_ID":23424993,"WOE_ID_EH":23424993,"WOE_NOTE":"Exact WOE match as country","ADM0_ISO":"SWZ","ADM0_DIFF":"","ADM0_TLC":"SWZ","ADM0_A3_US":"SWZ","ADM0_A3_FR":"SWZ","ADM0_A3_RU":"SWZ","ADM0_A3_ES":"SWZ","ADM0_A3_CN":"SWZ","ADM0_A3_TW":"SWZ","ADM0_A3_IN":"SWZ","ADM0_A3_NP":"SWZ","ADM0_A3_PK":"SWZ","ADM0_A3_DE":"SWZ","ADM0_A3_GB":"SWZ","ADM0_A3_BR":"SWZ","ADM0_A3_IL":"SWZ","ADM0_A3_PS":"SWZ","ADM0_A3_SA":"SWZ","ADM0_A3_EG":"SWZ","ADM0_A3_MA":"SWZ","ADM0_A3_PT":"SWZ","ADM0_A3_AR":"SWZ","ADM0_A3_JP":"SWZ","ADM0_A3_KO":"SWZ","ADM0_A3_VN":"SWZ","ADM0_A3_TR":"SWZ","ADM0_A3_ID":"SWZ","ADM0_A3_PL":"SWZ","ADM0_A3_GR":"SWZ","ADM0_A3_IT":"SWZ","ADM0_A3_NL":"SWZ","ADM0_A3_SE":"SWZ","ADM0_A3_BD":"SWZ","ADM0_A3_UA":"SWZ","ADM0_A3_UN":-99,"ADM0_A3_WB":-99,"CONTINENT":"Africa","REGION_UN":"Africa","SUBREGION":"Southern Africa","REGION_WB":"Sub-Saharan Africa","NAME_LEN":8,"LONG_LEN":19,"ABBREV_LEN":4,"TINY":-99,"HOMEPART":1,"MIN_ZOOM":0,"MIN_LABEL":4,"MAX_LABEL":9,"LABEL_X":31.467264,"LABEL_Y":-26.533676,"NE_ID":1159321289,"WIKIDATAID":"Q1050","NAME_AR":"إسواتيني","NAME_BN":"ইসোয়াতিনি","NAME_DE":"Eswatini","NAME_EN":"Eswatini","NAME_ES":"Suazilandia","NAME_FA":"اسواتینی","NAME_FR":"Eswatini","NAME_EL":"Εσουατίνι","NAME_HE":"אסוואטיני","NAME_HI":"एस्वातीनी","NAME_HU":"Szváziföld","NAME_ID":"Eswatini","NAME_IT":"eSwatini","NAME_JA":"エスワティニ","NAME_KO":"에스와티니","NAME_NL":"Swaziland","NAME_PL":"Eswatini","NAME_PT":"Essuatíni","NAME_RU":"Эсватини","NAME_SV":"Swaziland","NAME_TR":"Esvatini","NAME_UK":"Есватіні","NAME_UR":"اسواتینی","NAME_VI":"Eswatini","NAME_ZH":"斯威士兰","NAME_ZHT":"史瓦帝尼","FCLASS_ISO":"Admin-0 country","TLC_DIFF":"","FCLASS_TLC":"Admin-0 country","FCLASS_US":"","FCLASS_FR":"","FCLASS_RU":"","FCLASS_ES":"","FCLASS_CN":"","FCLASS_TW":"","FCLASS_IN":"","FCLASS_NP":"","FCLASS_PK":"","FCLASS_DE":"","FCLASS_GB":"","FCLASS_BR":"","FCLASS_IL":"","FCLASS_PS":"","FCLASS_SA":"","FCLASS_EG":"","FCLASS_MA":"","FCLASS_PT":"","FCLASS_AR":"","FCLASS_JP":"","FCLASS_KO":"","FCLASS_VN":"","FCLASS_TR":"","FCLASS_ID":"","FCLASS_PL":"","FCLASS_GR":"","FCLASS_IT":"","FCLASS_NL":"","FCLASS_SE":"","FCLASS_BD":"","FCLASS_UA":""}},{"type":"Feature","geometry":{"type":"Polygon","coordinates":[[[29.364843750000006,-22.193945312500006],[28.21015625000001,-22.693652343750003],[27.890527343750023,-23.07392578125001],[27.146386718750023,-23.5244140625],[26.835058593750006,-24.240820312500006],[26.39716796875001,-24.613574218750003],[25.912109375,-24.74746093750001],[25.583789062500017,-25.606250000000003],[24.748144531250006,-25.8173828125],[23.89375000000001,-25.600878906250003],[23.266015625000023,-25.2666015625],[22.878808593750023,-25.45791015625001],[22.640234375000006,-26.07119140625001],[21.646289062500017,-26.85419921875001],[20.739843750000006,-26.84882812500001],[20.626757812500017,-26.44384765625],[20.79316406250001,-25.915625000000006],[20.34521484375,-25.029882812500006],[19.98046875,-24.77675781250001],[19.98046875,-28.451269531250006],[19.671484375000006,-28.50390625],[19.02607421875001,-28.92792968750001],[18.310839843750017,-28.88623046875],[17.44794921875001,-28.69814453125001],[17.056250000000006,-28.031054687500003],[16.447558593750017,-28.61757812500001],[16.950000000000017,-29.403417968750006],[17.189062500000006,-30.09980468750001],[17.67744140625001,-31.01904296875],[18.210839843750023,-31.742480468750003],[18.250878906250023,-32.6521484375],[17.878222656250017,-32.961523437500006],[18.80878906250001,-34.108203125],[19.63496093750001,-34.75332031250001],[20.020605468750006,-34.785742187500006],[20.529882812500006,-34.46308593750001],[21.788964843750023,-34.372656250000006],[22.245507812500023,-34.069140625],[23.268164062500006,-34.081152343750006],[23.585546875000006,-33.98515625],[24.8271484375,-34.1689453125],[25.0029296875,-33.9736328125],[25.63818359375,-34.01113281250001],[25.989550781250017,-33.71132812500001],[26.429492187500017,-33.7595703125],[27.077441406250017,-33.52119140625001],[27.860644531250017,-33.05390625000001],[28.85595703125,-32.29423828125],[30.288671875000006,-30.97011718750001],[31.33515625000001,-29.37812500000001],[32.285742187500006,-28.62148437500001],[32.534765625000006,-28.19970703125],[32.88613281250002,-26.84931640625001],[32.112890625000006,-26.839453125000006],[31.958398437500023,-27.30585937500001],[31.063378906250023,-27.1123046875],[30.803320312500006,-26.41347656250001],[31.415136718750006,-25.74658203125],[31.9482421875,-25.957617187500006],[31.98583984375,-24.46064453125001],[31.54560546875001,-23.48232421875001],[31.287890625000017,-22.40205078125001],[29.364843750000006,-22.193945312500006]],[[28.736914062500006,-30.10195312500001],[28.39208984375,-30.147558593750006],[28.018164062500006,-30.64228515625001],[27.388476562500017,-30.31591796875],[27.0517578125,-29.6640625],[27.73554687500001,-28.940039062500006],[28.625781250000017,-28.58173828125001],[29.390722656250006,-29.26972656250001],[29.098046875000023,-29.919042968750006],[28.736914062500006,-30.10195312500001]]]},"properties":{"featurecla":"Admin-0 map unit","scalerank":1,"LABELRANK":2,"SOVEREIGNT":"South Africa","SOV_A3":"ZAF","ADM0_DIF":0,"LEVEL":2,"TYPE":"Sovereign country","TLC":"1","ADMIN":"South Africa","ADM0_A3":"ZAF","GEOU_DIF":0,"GEOUNIT":"South Africa","GU_A3":"ZAF","SU_DIF":0,"SUBUNIT":"South Africa","SU_A3":"ZAF","BRK_DIFF":0,"NAME":"South Africa","NAME_LONG":"South Africa","BRK_A3":"ZAF","BRK_NAME":"South Africa","BRK_GROUP":"","ABBREV":"S.Af.","POSTAL":"ZA","FORMAL_EN":"Republic of South Africa","FORMAL_FR":"","NAME_CIAWF":"South Africa","NOTE_ADM0":"","NOTE_BRK":"","NAME_SORT":"South Africa","NAME_ALT":"","MAPCOLOR7":2,"MAPCOLOR8":3,"MAPCOLOR9":4,"MAPCOLOR13":2,"POP_EST":58558270,"POP_RANK":16,"POP_YEAR":2019,"GDP_MD":351431,"GDP_YEAR":2019,"ECONOMY":"5. Emerging region: G20","INCOME_GRP":"3. Upper middle income","FIPS_10":"SF","ISO_A2":"ZA","ISO_A2_EH":"ZA","ISO_A3":"ZAF","ISO_A3_EH":"ZAF","ISO_N3":"710","ISO_N3_EH":"710","UN_A3":"710","WB_A2":"ZA","WB_A3":"ZAF","WOE_ID":23424942,"WOE_ID_EH":23424942,"WOE_NOTE":"Exact WOE match as country","ADM0_ISO":"ZAF","ADM0_DIFF":"","ADM0_TLC":"ZAF","ADM0_A3_US":"ZAF","ADM0_A3_FR":"ZAF","ADM0_A3_RU":"ZAF","ADM0_A3_ES":"ZAF","ADM0_A3_CN":"ZAF","ADM0_A3_TW":"ZAF","ADM0_A3_IN":"ZAF","ADM0_A3_NP":"ZAF","ADM0_A3_PK":"ZAF","ADM0_A3_DE":"ZAF","ADM0_A3_GB":"ZAF","ADM0_A3_BR":"ZAF","ADM0_A3_IL":"ZAF","ADM0_A3_PS":"ZAF","ADM0_A3_SA":"ZAF","ADM0_A3_EG":"ZAF","ADM0_A3_MA":"ZAF","ADM0_A3_PT":"ZAF","ADM0_A3_AR":"ZAF","ADM0_A3_JP":"ZAF","ADM0_A3_KO":"ZAF","ADM0_A3_VN":"ZAF","ADM0_A3_TR":"ZAF","ADM0_A3_ID":"ZAF","ADM0_A3_PL":"ZAF","ADM0_A3_GR":"ZAF","ADM0_A3_IT":"ZAF","ADM0_A3_NL":"ZAF","ADM0_A3_SE":"ZAF","ADM0_A3_BD":"ZAF","ADM0_A3_UA":"ZAF","ADM0_A3_UN":-99,"ADM0_A3_WB":-99,"CONTINENT":"Africa","REGION_UN":"Africa","SUBREGION":"Southern Africa","REGION_WB":"Sub-Saharan Africa","NAME_LEN":12,"LONG_LEN":12,"ABBREV_LEN":5,"TINY":-99,"HOMEPART":1,"MIN_ZOOM":0,"MIN_LABEL":1.7,"MAX_LABEL":6.7,"LABEL_X":23.665734,"LABEL_Y":-29.708776,"NE_ID":1159321431,"WIKIDATAID":"Q258","NAME_AR":"جنوب أفريقيا","NAME_BN":"দক্ষিণ আফ্রিকা","NAME_DE":"Südafrika","NAME_EN":"South Africa","NAME_ES":"Sudáfrica","NAME_FA":"آفریقای جنوبی","NAME_FR":"Afrique du Sud","NAME_EL":"Νότια Αφρική","NAME_HE":"דרום אפריקה","NAME_HI":"दक्षिण अफ़्रीका","NAME_HU":"Dél-afrikai Köztársaság","NAME_ID":"Afrika Selatan","NAME_IT":"Sudafrica","NAME_JA":"南アフリカ共和国","NAME_KO":"남아프리카 공화국","NAME_NL":"Zuid-Afrika","NAME_PL":"Południowa Afryka","NAME_PT":"África do Sul","NAME_RU":"ЮАР","NAME_SV":"Sydafrika","NAME_TR":"Güney Afrika Cumhuriyeti","NAME_UK":"Південно-Африканська Республіка","NAME_UR":"جنوبی افریقا","NAME_VI":"Cộng hòa Nam Phi","NAME_ZH":"南非","NAME_ZHT":"南非","FCLASS_ISO":"Admin-0 country","TLC_DIFF":"","FCLASS_TLC":"Admin-0 country","FCLASS_US":"","FCLASS_FR":"","FCLASS_RU":"","FCLASS_ES":"","FCLASS_CN":"","FCLASS_TW":"","FCLASS_IN":"","FCLASS_NP":"","FCLASS_PK":"","FCLASS_DE":"","FCLASS_GB":"","FCLASS_BR":"","FCLASS_IL":"","FCLASS_PS":"","FCLASS_SA":"","FCLASS_EG":"","FCLASS_MA":"","FCLASS_PT":"","FCLASS_AR":"","FCLASS_JP":"","FCLASS_KO":"","FCLASS_VN":"","FCLASS_TR":"","FCLASS_ID":"","FCLASS_PL":"","FCLASS_GR":"","FCLASS_IT":"","FCLASS_NL":"","FCLASS_SE":"","FCLASS_BD":"","FCLASS_UA":""}},{"type":"Feature","geometry":{"type":"Polygon","coordinates":[[[23.380664062500017,-17.640625],[21.416894531250023,-18.00068359375001],[19.076464843750017,-17.817675781250003],[18.396386718750023,-17.3994140625],[13.93798828125,-17.388769531250006],[13.101171875000006,-16.96767578125001],[12.548144531250017,-17.212695312500003],[11.743066406250023,-17.24921875000001],[11.77587890625,-18.001757812500003],[12.458203125000011,-18.9267578125],[13.450585937500023,-20.91669921875001],[14.321875000000006,-22.18994140625],[14.525976562500006,-22.70253906250001],[14.501562500000006,-24.201953125000003],[14.837109375000011,-25.033203125],[14.9677734375,-26.31806640625001],[15.341503906250011,-27.386523437500003],[15.719042968750017,-27.9658203125],[16.447558593750017,-28.61757812500001],[17.056250000000006,-28.031054687500003],[17.44794921875001,-28.69814453125001],[18.310839843750017,-28.88623046875],[19.02607421875001,-28.92792968750001],[19.671484375000006,-28.50390625],[19.98046875,-28.451269531250006],[19.98046875,-24.77675781250001],[19.977343750000017,-22.00019531250001],[20.9794921875,-21.9619140625],[20.97412109375,-18.31884765625],[23.298632812500017,-18.02734375],[23.58056640625,-18.452929687500003],[24.358984375000006,-17.97822265625001],[25.2587890625,-17.793554687500006],[24.932421875000017,-17.54345703125],[24.27490234375,-17.481054687500006],[23.380664062500017,-17.640625]]]},"properties":{"featurecla":"Admin-0 map unit","scalerank":1,"LABELRANK":3,"SOVEREIGNT":"Namibia","SOV_A3":"NAM","ADM0_DIF":0,"LEVEL":2,"TYPE":"Sovereign country","TLC":"1","ADMIN":"Namibia","ADM0_A3":"NAM","GEOU_DIF":0,"GEOUNIT":"Namibia","GU_A3":"NAM","SU_DIF":0,"SUBUNIT":"Namibia","SU_A3":"NAM","BRK_DIFF":0,"NAME":"Namibia","NAME_LONG":"Namibia","BRK_A3":"NAM","BRK_NAME":"Namibia","BRK_GROUP":"","ABBREV":"Nam.","POSTAL":"NA","FORMAL_EN":"Republic of Namibia","FORMAL_FR":"","NAME_CIAWF":"Namibia","NOTE_ADM0":"","NOTE_BRK":"","NAME_SORT":"Namibia","NAME_ALT":"","MAPCOLOR7":4,"MAPCOLOR8":1,"MAPCOLOR9":1,"MAPCOLOR13":7,"POP_EST":2494530,"POP_RANK":12,"POP_YEAR":2019,"GDP_MD":12366,"GDP_YEAR":2019,"ECONOMY":"6. Developing region","INCOME_GRP":"3. Upper middle income","FIPS_10":"WA","ISO_A2":"NA","ISO_A2_EH":"NA","ISO_A3":"NAM","ISO_A3_EH":"NAM","ISO_N3":"516","ISO_N3_EH":"516","UN_A3":"516","WB_A2":"NA","WB_A3":"NAM","WOE_ID":23424987,"WOE_ID_EH":23424987,"WOE_NOTE":"Exact WOE match as country","ADM0_ISO":"NAM","ADM0_DIFF":"","ADM0_TLC":"NAM","ADM0_A3_US":"NAM","ADM0_A3_FR":"NAM","ADM0_A3_RU":"NAM","ADM0_A3_ES":"NAM","ADM0_A3_CN":"NAM","ADM0_A3_TW":"NAM","ADM0_A3_IN":"NAM","ADM0_A3_NP":"NAM","ADM0_A3_PK":"NAM","ADM0_A3_DE":"NAM","ADM0_A3_GB":"NAM","ADM0_A3_BR":"NAM","ADM0_A3_IL":"NAM","ADM0_A3_PS":"NAM","ADM0_A3_SA":"NAM","ADM0_A3_EG":"NAM","ADM0_A3_MA":"NAM","ADM0_A3_PT":"NAM","ADM0_A3_AR":"NAM","ADM0_A3_JP":"NAM","ADM0_A3_KO":"NAM","ADM0_A3_VN":"NAM","ADM0_A3_TR":"NAM","ADM0_A3_ID":"NAM","ADM0_A3_PL":"NAM","ADM0_A3_GR":"NAM","ADM0_A3_IT":"NAM","ADM0_A3_NL":"NAM","ADM0_A3_SE":"NAM","ADM0_A3_BD":"NAM","ADM0_A3_UA":"NAM","ADM0_A3_UN":-99,"ADM0_A3_WB":-99,"CONTINENT":"Africa","REGION_UN":"Africa","SUBREGION":"Southern Africa","REGION_WB":"Sub-Saharan Africa","NAME_LEN":7,"LONG_LEN":7,"ABBREV_LEN":4,"TINY":-99,"HOMEPART":1,"MIN_ZOOM":0,"MIN_LABEL":3,"MAX_LABEL":7.5,"LABEL_X":17.108166,"LABEL_Y":-20.575298,"NE_ID":1159321085,"WIKIDATAID":"Q1030","NAME_AR":"ناميبيا","NAME_BN":"নামিবিয়া","NAME_DE":"Namibia","NAME_EN":"Namibia","NAME_ES":"Namibia","NAME_FA":"نامیبیا","NAME_FR":"Namibie","NAME_EL":"Ναμίμπια","NAME_HE":"נמיביה","NAME_HI":"नामीबिया","NAME_HU":"Namíbia","NAME_ID":"Namibia","NAME_IT":"Namibia","NAME_JA":"ナミビア","NAME_KO":"나미비아","NAME_NL":"Namibië","NAME_PL":"Namibia","NAME_PT":"Namíbia","NAME_RU":"Намибия","NAME_SV":"Namibia","NAME_TR":"Namibya","NAME_UK":"Намібія","NAME_UR":"نمیبیا","NAME_VI":"Namibia","NAME_ZH":"纳米比亚","NAME_ZHT":"納米比亞","FCLASS_ISO":"Admin-0 country","TLC_DIFF":"","FCLASS_TLC":"Admin-0 country","FCLASS_US":"","FCLASS_FR":"","FCLASS_RU":"","FCLASS_ES":"","FCLASS_CN":"","FCLASS_TW":"","FCLASS_IN":"","FCLASS_NP":"","FCLASS_PK":"","FCLASS_DE":"","FCLASS_GB":"","FCLASS_BR":"","FCLASS_IL":"","FCLASS_PS":"","FCLASS_SA":"","FCLASS_EG":"","FCLASS_MA":"","FCLASS_PT":"","FCLASS_AR":"","FCLASS_JP":"","FCLASS_KO":"","FCLASS_VN":"","FCLASS_TR":"","FCLASS_ID":"","FCLASS_PL":"","FCLASS_GR":"","FCLASS_IT":"","FCLASS_NL":"","FCLASS_SE":"","FCLASS_BD":"","FCLASS_UA":""}},{"type":"Feature","geometry":{"type":"Polygon","coordinates":[[[31.287890625000017,-22.40205078125001],[31.54560546875001,-23.48232421875001],[31.98583984375,-24.46064453125001],[31.9482421875,-25.957617187500006],[32.112890625000006,-26.839453125000006],[32.88613281250002,-26.84931640625001],[32.93359375,-26.25234375000001],[32.590429687500006,-26.00410156250001],[32.79218750000001,-25.644335937500003],[33.34746093750002,-25.26093750000001],[34.60732421875002,-24.8212890625],[35.15595703125001,-24.54140625000001],[35.438085937500006,-24.171191406250003],[35.37041015625002,-23.79824218750001],[35.57539062500001,-22.96308593750001],[35.493750000000006,-22.12470703125001],[35.32929687500001,-22.037402343750003],[34.98232421875002,-20.806250000000006],[34.69814453125002,-20.404394531250006],[34.947851562500006,-19.81269531250001],[35.65126953125002,-19.163867187500003],[36.540136718750006,-18.518164062500006],[37.24453125000002,-17.73994140625001],[38.14492187500002,-17.242773437500006],[39.08437500000002,-16.97285156250001],[39.84462890625002,-16.435644531250006],[40.55898437500002,-15.473437500000003],[40.83515625000001,-14.79150390625],[40.63994140625002,-14.390039062500009],[40.54511718750001,-13.462890625],[40.58085937500002,-12.635546875000003],[40.40283203125,-11.33203125],[40.544531250000006,-11.065625000000011],[40.46357421875001,-10.46435546875],[39.98867187500002,-10.82080078125],[38.491796875000006,-11.413281250000011],[37.92021484375002,-11.294726562500003],[37.54169921875001,-11.675097656250003],[36.97890625000002,-11.566992187500006],[36.518652343750006,-11.716210937500009],[35.78544921875002,-11.452929687500003],[34.95947265625,-11.578125],[34.65957031250002,-11.588671875000003],[34.36083984375,-12.210546875000006],[34.56367187500001,-13.360156250000003],[35.24746093750002,-13.896875000000009],[35.84716796875,-14.6708984375],[35.75527343750002,-16.05830078125001],[35.358496093750006,-16.16054687500001],[35.16718750000001,-16.56025390625001],[34.3955078125,-16.19921875],[34.24824218750001,-15.887500000000003],[34.54082031250002,-15.297265625000009],[34.50527343750002,-14.59814453125],[34.33251953125,-14.408593750000009],[33.63642578125001,-14.568164062500003],[33.201757812500006,-14.013378906250011],[30.231835937500023,-14.990332031250006],[30.396093750000006,-15.64306640625],[30.437792968750017,-15.995312500000011],[31.236230468750023,-16.02363281250001],[31.939843750000023,-16.428808593750006],[32.94804687500002,-16.71230468750001],[32.99306640625002,-18.35957031250001],[32.71650390625001,-19.00185546875001],[33.00673828125002,-19.873828125000003],[32.477636718750006,-20.712988281250006],[32.37109375,-21.33486328125001],[31.287890625000017,-22.40205078125001]]]},"properties":{"featurecla":"Admin-0 map unit","scalerank":1,"LABELRANK":3,"SOVEREIGNT":"Mozambique","SOV_A3":"MOZ","ADM0_DIF":0,"LEVEL":2,"TYPE":"Sovereign country","TLC":"1","ADMIN":"Mozambique","ADM0_A3":"MOZ","GEOU_DIF":0,"GEOUNIT":"Mozambique","GU_A3":"MOZ","SU_DIF":0,"SUBUNIT":"Mozambique","SU_A3":"MOZ","BRK_DIFF":0,"NAME":"Mozambique","NAME_LONG":"Mozambique","BRK_A3":"MOZ","BRK_NAME":"Mozambique","BRK_GROUP":"","ABBREV":"Moz.","POSTAL":"MZ","FORMAL_EN":"Republic of Mozambique","FORMAL_FR":"","NAME_CIAWF":"Mozambique","NOTE_ADM0":"","NOTE_BRK":"","NAME_SORT":"Mozambique","NAME_ALT":"","MAPCOLOR7":4,"MAPCOLOR8":2,"MAPCOLOR9":1,"MAPCOLOR13":4,"POP_EST":30366036,"POP_RANK":15,"POP_YEAR":2019,"GDP_MD":15291,"GDP_YEAR":2019,"ECONOMY":"7. Least developed region","INCOME_GRP":"5. Low income","FIPS_10":"MZ","ISO_A2":"MZ","ISO_A2_EH":"MZ","ISO_A3":"MOZ","ISO_A3_EH":"MOZ","ISO_N3":"508","ISO_N3_EH":"508","UN_A3":"508","WB_A2":"MZ","WB_A3":"MOZ","WOE_ID":23424902,"WOE_ID_EH":23424902,"WOE_NOTE":"Exact WOE match as country","ADM0_ISO":"MOZ","ADM0_DIFF":"","ADM0_TLC":"MOZ","ADM0_A3_US":"MOZ","ADM0_A3_FR":"MOZ","ADM0_A3_RU":"MOZ","ADM0_A3_ES":"MOZ","ADM0_A3_CN":"MOZ","ADM0_A3_TW":"MOZ","ADM0_A3_IN":"MOZ","ADM0_A3_NP":"MOZ","ADM0_A3_PK":"MOZ","ADM0_A3_DE":"MOZ","ADM0_A3_GB":"MOZ","ADM0_A3_BR":"MOZ","ADM0_A3_IL":"MOZ","ADM0_A3_PS":"MOZ","ADM0_A3_SA":"MOZ","ADM0_A3_EG":"MOZ","ADM0_A3_MA":"MOZ","ADM0_A3_PT":"MOZ","ADM0_A3_AR":"MOZ","ADM0_A3_JP":"MOZ","ADM0_A3_KO":"MOZ","ADM0_A3_VN":"MOZ","ADM0_A3_TR":"MOZ","ADM0_A3_ID":"MOZ","ADM0_A3_PL":"MOZ","ADM0_A3_GR":"MOZ","ADM0_A3_IT":"MOZ","ADM0_A3_NL":"MOZ","ADM0_A3_SE":"MOZ","ADM0_A3_BD":"MOZ","ADM0_A3_UA":"MOZ","ADM0_A3_UN":-99,"ADM0_A3_WB":-99,"CONTINENT":"Africa","REGION_UN":"Africa","SUBREGION":"Eastern Africa","REGION_WB":"Sub-Saharan Africa","NAME_LEN":10,"LONG_LEN":10,"ABBREV_LEN":4,"TINY":-99,"HOMEPART":1,"MIN_ZOOM":0,"MIN_LABEL":3,"MAX_LABEL":8,"LABEL_X":37.83789,"LABEL_Y":-13.94323,"NE_ID":1159321073,"WIKIDATAID":"Q1029","NAME_AR":"موزمبيق","NAME_BN":"মোজাম্বিক","NAME_DE":"Mosambik","NAME_EN":"Mozambique","NAME_ES":"Mozambique","NAME_FA":"موزامبیک","NAME_FR":"Mozambique","NAME_EL":"Μοζαμβίκη","NAME_HE":"מוזמביק","NAME_HI":"मोज़ाम्बीक","NAME_HU":"Mozambik","NAME_ID":"Mozambik","NAME_IT":"Mozambico","NAME_JA":"モザンビーク","NAME_KO":"모잠비크","NAME_NL":"Mozambique","NAME_PL":"Mozambik","NAME_PT":"Moçambique","NAME_RU":"Мозамбик","NAME_SV":"Moçambique","NAME_TR":"Mozambik","NAME_UK":"Мозамбік","NAME_UR":"موزمبیق","NAME_VI":"Mozambique","NAME_ZH":"莫桑比克","NAME_ZHT":"莫三比克","FCLASS_ISO":"Admin-0 country","TLC_DIFF":"","FCLASS_TLC":"Admin-0 country","FCLASS_US":"","FCLASS_FR":"","FCLASS_RU":"","FCLASS_ES":"","FCLASS_CN":"","FCLASS_TW":"","FCLASS_IN":"","FCLASS_NP":"","FCLASS_PK":"","FCLASS_DE":"","FCLASS_GB":"","FCLASS_BR":"","FCLASS_IL":"","FCLASS_PS":"","FCLASS_SA":"","FCLASS_EG":"","FCLASS_MA":"","FCLASS_PT":"","FCLASS_AR":"","FCLASS_JP":"","FCLASS_KO":"","FCLASS_VN":"","FCLASS_TR":"","FCLASS_ID":"","FCLASS_PL":"","FCLASS_GR":"","FCLASS_IT":"","FCLASS_NL":"","FCLASS_SE":"","FCLASS_BD":"","FCLASS_UA":""}},{"type":"Feature","geometry":{"type":"Polygon","coordinates":[[[57.65126953125002,-20.48486328125],[57.7919921875,-20.21259765625001],[57.575781250000006,-19.997167968750006],[57.3857421875,-20.228613281250006],[57.65126953125002,-20.48486328125]]]},"properties":{"featurecla":"Admin-0 map unit","scalerank":1,"LABELRANK":5,"SOVEREIGNT":"Mauritius","SOV_A3":"MUS","ADM0_DIF":0,"LEVEL":2,"TYPE":"Sovereign country","TLC":"1","ADMIN":"Mauritius","ADM0_A3":"MUS","GEOU_DIF":0,"GEOUNIT":"Mauritius","GU_A3":"MUS","SU_DIF":0,"SUBUNIT":"Mauritius","SU_A3":"MUS","BRK_DIFF":0,"NAME":"Mauritius","NAME_LONG":"Mauritius","BRK_A3":"MUS","BRK_NAME":"Mauritius","BRK_GROUP":"","ABBREV":"Mus.","POSTAL":"MU","FORMAL_EN":"Republic of Mauritius","FORMAL_FR":"","NAME_CIAWF":"Mauritius","NOTE_ADM0":"","NOTE_BRK":"","NAME_SORT":"Mauritius","NAME_ALT":"","MAPCOLOR7":1,"MAPCOLOR8":3,"MAPCOLOR9":5,"MAPCOLOR13":7,"POP_EST":1265711,"POP_RANK":12,"POP_YEAR":2019,"GDP_MD":14048,"GDP_YEAR":2019,"ECONOMY":"6. Developing region","INCOME_GRP":"3. Upper middle income","FIPS_10":"MP","ISO_A2":"MU","ISO_A2_EH":"MU","ISO_A3":"MUS","ISO_A3_EH":"MUS","ISO_N3":"480","ISO_N3_EH":"480","UN_A3":"480","WB_A2":"MU","WB_A3":"MUS","WOE_ID":23424894,"WOE_ID_EH":23424894,"WOE_NOTE":"Exact WOE match as country","ADM0_ISO":"MUS","ADM0_DIFF":"","ADM0_TLC":"MUS","ADM0_A3_US":"MUS","ADM0_A3_FR":"MUS","ADM0_A3_RU":"MUS","ADM0_A3_ES":"MUS","ADM0_A3_CN":"MUS","ADM0_A3_TW":"MUS","ADM0_A3_IN":"MUS","ADM0_A3_NP":"MUS","ADM0_A3_PK":"MUS","ADM0_A3_DE":"MUS","ADM0_A3_GB":"MUS","ADM0_A3_BR":"MUS","ADM0_A3_IL":"MUS","ADM0_A3_PS":"MUS","ADM0_A3_SA":"MUS","ADM0_A3_EG":"MUS","ADM0_A3_MA":"MUS","ADM0_A3_PT":"MUS","ADM0_A3_AR":"MUS","ADM0_A3_JP":"MUS","ADM0_A3_KO":"MUS","ADM0_A3_VN":"MUS","ADM0_A3_TR":"MUS","ADM0_A3_ID":"MUS","ADM0_A3_PL":"MUS","ADM0_A3_GR":"MUS","ADM0_A3_IT":"MUS","ADM0_A3_NL":"MUS","ADM0_A3_SE":"MUS","ADM0_A3_BD":"MUS","ADM0_A3_UA":"MUS","ADM0_A3_UN":-99,"ADM0_A3_WB":-99,"CONTINENT":"Seven seas (open ocean)","REGION_UN":"Africa","SUBREGION":"Eastern Africa","REGION_WB":"Sub-Saharan Africa","NAME_LEN":9,"LONG_LEN":9,"ABBREV_LEN":4,"TINY":2,"HOMEPART":1,"MIN_ZOOM":0,"MIN_LABEL":4,"MAX_LABEL":9,"LABEL_X":57.565848,"LABEL_Y":-20.299506,"NE_ID":1159321079,"WIKIDATAID":"Q1027","NAME_AR":"موريشيوس","NAME_BN":"মরিশাস","NAME_DE":"Mauritius","NAME_EN":"Mauritius","NAME_ES":"Mauricio","NAME_FA":"موریس","NAME_FR":"Maurice","NAME_EL":"Μαυρίκιος","NAME_HE":"מאוריציוס","NAME_HI":"मॉरिशस","NAME_HU":"Mauritius","NAME_ID":"Mauritius","NAME_IT":"Mauritius","NAME_JA":"モーリシャス","NAME_KO":"모리셔스","NAME_NL":"Mauritius","NAME_PL":"Mauritius","NAME_PT":"Maurícia","NAME_RU":"Маврикий","NAME_SV":"Mauritius","NAME_TR":"Mauritius","NAME_UK":"Маврикій","NAME_UR":"موریشس","NAME_VI":"Mauritius","NAME_ZH":"毛里求斯","NAME_ZHT":"模里西斯","FCLASS_ISO":"Admin-0 country","TLC_DIFF":"","FCLASS_TLC":"Admin-0 country","FCLASS_US":"","FCLASS_FR":"","FCLASS_RU":"","FCLASS_ES":"","FCLASS_CN":"","FCLASS_TW":"","FCLASS_IN":"","FCLASS_NP":"","FCLASS_PK":"","FCLASS_DE":"","FCLASS_GB":"","FCLASS_BR":"","FCLASS_IL":"","FCLASS_PS":"","FCLASS_SA":"","FCLASS_EG":"","FCLASS_MA":"","FCLASS_PT":"","FCLASS_AR":"","FCLASS_JP":"","FCLASS_KO":"","FCLASS_VN":"","FCLASS_TR":"","FCLASS_ID":"","FCLASS_PL":"","FCLASS_GR":"","FCLASS_IT":"","FCLASS_NL":"","FCLASS_SE":"","FCLASS_BD":"","FCLASS_UA":""}},{"type":"Feature","geometry":{"type":"Polygon","coordinates":[[[49.53828125000001,-12.43212890625],[49.20703125,-12.07958984375],[48.89960937500001,-12.45849609375],[48.796484375000006,-13.267480468750009],[47.99550781250002,-13.96044921875],[47.8115234375,-14.544824218750009],[46.47509765625,-15.513476562500003],[46.33144531250002,-15.713671875000003],[44.476171875000006,-16.21728515625],[44.42138671875,-16.70263671875],[43.97939453125002,-17.3916015625],[44.0400390625,-18.28847656250001],[44.23876953125,-19.0751953125],[44.448828125000006,-19.4287109375],[44.23964843750002,-20.379687500000003],[43.80019531250002,-21.17919921875],[43.50185546875002,-21.3564453125],[43.2666015625,-22.04931640625],[43.39785156250002,-22.886328125000006],[43.722265625000006,-23.52968750000001],[43.6875,-24.35791015625],[44.03535156250001,-24.995703125000006],[45.115234375,-25.543066406250006],[45.50800781250001,-25.56318359375001],[46.15869140625,-25.23037109375001],[46.728515625,-25.14990234375],[47.177343750000006,-24.787207031250006],[47.55800781250002,-23.874609375000006],[47.90839843750001,-22.4658203125],[48.35078125000001,-21.34902343750001],[48.607031250000006,-20.45751953125],[49.47783203125002,-17.898535156250006],[49.437109375000006,-17.3466796875],[49.767187500000006,-16.81513671875001],[49.8310546875,-16.255859375],[49.64990234375,-15.566992187500006],[49.892578125,-15.457714843750011],[50.208984375,-15.96044921875],[50.48271484375002,-15.385644531250009],[50.2353515625,-14.732031250000006],[50.173828125,-14.040234375000011],[49.9375,-13.072265625],[49.53828125000001,-12.43212890625]]]},"properties":{"featurecla":"Admin-0 map unit","scalerank":1,"LABELRANK":3,"SOVEREIGNT":"Madagascar","SOV_A3":"MDG","ADM0_DIF":0,"LEVEL":2,"TYPE":"Sovereign country","TLC":"1","ADMIN":"Madagascar","ADM0_A3":"MDG","GEOU_DIF":0,"GEOUNIT":"Madagascar","GU_A3":"MDG","SU_DIF":0,"SUBUNIT":"Madagascar","SU_A3":"MDG","BRK_DIFF":0,"NAME":"Madagascar","NAME_LONG":"Madagascar","BRK_A3":"MDG","BRK_NAME":"Madagascar","BRK_GROUP":"","ABBREV":"Mad.","POSTAL":"MG","FORMAL_EN":"Republic of Madagascar","FORMAL_FR":"","NAME_CIAWF":"Madagascar","NOTE_ADM0":"","NOTE_BRK":"","NAME_SORT":"Madagascar","NAME_ALT":"","MAPCOLOR7":6,"MAPCOLOR8":5,"MAPCOLOR9":2,"MAPCOLOR13":3,"POP_EST":26969307,"POP_RANK":15,"POP_YEAR":2019,"GDP_MD":14114,"GDP_YEAR":2019,"ECONOMY":"7. Least developed region","INCOME_GRP":"5. Low income","FIPS_10":"MA","ISO_A2":"MG","ISO_A2_EH":"MG","ISO_A3":"MDG","ISO_A3_EH":"MDG","ISO_N3":"450","ISO_N3_EH":"450","UN_A3":"450","WB_A2":"MG","WB_A3":"MDG","WOE_ID":23424883,"WOE_ID_EH":23424883,"WOE_NOTE":"Exact WOE match as country","ADM0_ISO":"MDG","ADM0_DIFF":"","ADM0_TLC":"MDG","ADM0_A3_US":"MDG","ADM0_A3_FR":"MDG","ADM0_A3_RU":"MDG","ADM0_A3_ES":"MDG","ADM0_A3_CN":"MDG","ADM0_A3_TW":"MDG","ADM0_A3_IN":"MDG","ADM0_A3_NP":"MDG","ADM0_A3_PK":"MDG","ADM0_A3_DE":"MDG","ADM0_A3_GB":"MDG","ADM0_A3_BR":"MDG","ADM0_A3_IL":"MDG","ADM0_A3_PS":"MDG","ADM0_A3_SA":"MDG","ADM0_A3_EG":"MDG","ADM0_A3_MA":"MDG","ADM0_A3_PT":"MDG","ADM0_A3_AR":"MDG","ADM0_A3_JP":"MDG","ADM0_A3_KO":"MDG","ADM0_A3_VN":"MDG","ADM0_A3_TR":"MDG","ADM0_A3_ID":"MDG","ADM0_A3_PL":"MDG","ADM0_A3_GR":"MDG","ADM0_A3_IT":"MDG","ADM0_A3_NL":"MDG","ADM0_A3_SE":"MDG","ADM0_A3_BD":"MDG","ADM0_A3_UA":"MDG","ADM0_A3_UN":-99,"ADM0_A3_WB":-99,"CONTINENT":"Africa","REGION_UN":"Africa","SUBREGION":"Eastern Africa","REGION_WB":"Sub-Saharan Africa","NAME_LEN":10,"LONG_LEN":10,"ABBREV_LEN":4,"TINY":-99,"HOMEPART":1,"MIN_ZOOM":0,"MIN_LABEL":2.7,"MAX_LABEL":7,"LABEL_X":46.704241,"LABEL_Y":-18.628288,"NE_ID":1159321051,"WIKIDATAID":"Q1019","NAME_AR":"مدغشقر","NAME_BN":"মাদাগাস্কার","NAME_DE":"Madagaskar","NAME_EN":"Madagascar","NAME_ES":"Madagascar","NAME_FA":"ماداگاسکار","NAME_FR":"Madagascar","NAME_EL":"Μαδαγασκάρη","NAME_HE":"מדגסקר","NAME_HI":"मेडागास्कर","NAME_HU":"Madagaszkár","NAME_ID":"Madagaskar","NAME_IT":"Madagascar","NAME_JA":"マダガスカル","NAME_KO":"마다가스카르","NAME_NL":"Madagaskar","NAME_PL":"Madagaskar","NAME_PT":"Madagáscar","NAME_RU":"Мадагаскар","NAME_SV":"Madagaskar","NAME_TR":"Madagaskar","NAME_UK":"Мадагаскар","NAME_UR":"مڈغاسکر","NAME_VI":"Madagascar","NAME_ZH":"马达加斯加","NAME_ZHT":"馬達加斯加","FCLASS_ISO":"Admin-0 country","TLC_DIFF":"","FCLASS_TLC":"Admin-0 country","FCLASS_US":"","FCLASS_FR":"","FCLASS_RU":"","FCLASS_ES":"","FCLASS_CN":"","FCLASS_TW":"","FCLASS_IN":"","FCLASS_NP":"","FCLASS_PK":"","FCLASS_DE":"","FCLASS_GB":"","FCLASS_BR":"","FCLASS_IL":"","FCLASS_PS":"","FCLASS_SA":"","FCLASS_EG":"","FCLASS_MA":"","FCLASS_PT":"","FCLASS_AR":"","FCLASS_JP":"","FCLASS_KO":"","FCLASS_VN":"","FCLASS_TR":"","FCLASS_ID":"","FCLASS_PL":"","FCLASS_GR":"","FCLASS_IT":"","FCLASS_NL":"","FCLASS_SE":"","FCLASS_BD":"","FCLASS_UA":""}},{"type":"Feature","geometry":{"type":"Polygon","coordinates":[[[28.736914062500006,-30.10195312500001],[29.098046875000023,-29.919042968750006],[29.390722656250006,-29.26972656250001],[28.625781250000017,-28.58173828125001],[27.73554687500001,-28.940039062500006],[27.0517578125,-29.6640625],[27.388476562500017,-30.31591796875],[28.018164062500006,-30.64228515625001],[28.39208984375,-30.147558593750006],[28.736914062500006,-30.10195312500001]]]},"properties":{"featurecla":"Admin-0 map unit","scalerank":1,"LABELRANK":6,"SOVEREIGNT":"Lesotho","SOV_A3":"LSO","ADM0_DIF":0,"LEVEL":2,"TYPE":"Sovereign country","TLC":"1","ADMIN":"Lesotho","ADM0_A3":"LSO","GEOU_DIF":0,"GEOUNIT":"Lesotho","GU_A3":"LSO","SU_DIF":0,"SUBUNIT":"Lesotho","SU_A3":"LSO","BRK_DIFF":0,"NAME":"Lesotho","NAME_LONG":"Lesotho","BRK_A3":"LSO","BRK_NAME":"Lesotho","BRK_GROUP":"","ABBREV":"Les.","POSTAL":"LS","FORMAL_EN":"Kingdom of Lesotho","FORMAL_FR":"","NAME_CIAWF":"Lesotho","NOTE_ADM0":"","NOTE_BRK":"","NAME_SORT":"Lesotho","NAME_ALT":"","MAPCOLOR7":1,"MAPCOLOR8":5,"MAPCOLOR9":2,"MAPCOLOR13":8,"POP_EST":2125268,"POP_RANK":12,"POP_YEAR":2019,"GDP_MD":2376,"GDP_YEAR":2019,"ECONOMY":"7. Least developed region","INCOME_GRP":"4. Lower middle income","FIPS_10":"LT","ISO_A2":"LS","ISO_A2_EH":"LS","ISO_A3":"LSO","ISO_A3_EH":"LSO","ISO_N3":"426","ISO_N3_EH":"426","UN_A3":"426","WB_A2":"LS","WB_A3":"LSO","WOE_ID":23424880,"WOE_ID_EH":23424880,"WOE_NOTE":"Exact WOE match as country","ADM0_ISO":"LSO","ADM0_DIFF":"","ADM0_TLC":"LSO","ADM0_A3_US":"LSO","ADM0_A3_FR":"LSO","ADM0_A3_RU":"LSO","ADM0_A3_ES":"LSO","ADM0_A3_CN":"LSO","ADM0_A3_TW":"LSO","ADM0_A3_IN":"LSO","ADM0_A3_NP":"LSO","ADM0_A3_PK":"LSO","ADM0_A3_DE":"LSO","ADM0_A3_GB":"LSO","ADM0_A3_BR":"LSO","ADM0_A3_IL":"LSO","ADM0_A3_PS":"LSO","ADM0_A3_SA":"LSO","ADM0_A3_EG":"LSO","ADM0_A3_MA":"LSO","ADM0_A3_PT":"LSO","ADM0_A3_AR":"LSO","ADM0_A3_JP":"LSO","ADM0_A3_KO":"LSO","ADM0_A3_VN":"LSO","ADM0_A3_TR":"LSO","ADM0_A3_ID":"LSO","ADM0_A3_PL":"LSO","ADM0_A3_GR":"LSO","ADM0_A3_IT":"LSO","ADM0_A3_NL":"LSO","ADM0_A3_SE":"LSO","ADM0_A3_BD":"LSO","ADM0_A3_UA":"LSO","ADM0_A3_UN":-99,"ADM0_A3_WB":-99,"CONTINENT":"Africa","REGION_UN":"Africa","SUBREGION":"Southern Africa","REGION_WB":"Sub-Saharan Africa","NAME_LEN":7,"LONG_LEN":7,"ABBREV_LEN":4,"TINY":-99,"HOMEPART":1,"MIN_ZOOM":0,"MIN_LABEL":4,"MAX_LABEL":9,"LABEL_X":28.246639,"LABEL_Y":-29.480158,"NE_ID":1159321027,"WIKIDATAID":"Q1013","NAME_AR":"ليسوتو","NAME_BN":"লেসোথো","NAME_DE":"Lesotho","NAME_EN":"Lesotho","NAME_ES":"Lesoto","NAME_FA":"لسوتو","NAME_FR":"Lesotho","NAME_EL":"Λεσότο","NAME_HE":"לסוטו","NAME_HI":"लेसोथो","NAME_HU":"Lesotho","NAME_ID":"Lesotho","NAME_IT":"Lesotho","NAME_JA":"レソト","NAME_KO":"레소토","NAME_NL":"Lesotho","NAME_PL":"Lesotho","NAME_PT":"Lesoto","NAME_RU":"Лесото","NAME_SV":"Lesotho","NAME_TR":"Lesotho","NAME_UK":"Лесото","NAME_UR":"لیسوتھو","NAME_VI":"Lesotho","NAME_ZH":"莱索托","NAME_ZHT":"賴索托","FCLASS_ISO":"Admin-0 country","TLC_DIFF":"","FCLASS_TLC":"Admin-0 country","FCLASS_US":"","FCLASS_FR":"","FCLASS_RU":"","FCLASS_ES":"","FCLASS_CN":"","FCLASS_TW":"","FCLASS_IN":"","FCLASS_NP":"","FCLASS_PK":"","FCLASS_DE":"","FCLASS_GB":"","FCLASS_BR":"","FCLASS_IL":"","FCLASS_PS":"","FCLASS_SA":"","FCLASS_EG":"","FCLASS_MA":"","FCLASS_PT":"","FCLASS_AR":"","FCLASS_JP":"","FCLASS_KO":"","FCLASS_VN":"","FCLASS_TR":"","FCLASS_ID":"","FCLASS_PL":"","FCLASS_GR":"","FCLASS_IT":"","FCLASS_NL":"","FCLASS_SE":"","FCLASS_BD":"","FCLASS_UA":""}},{"type":"Feature","geometry":{"type":"Polygon","coordinates":[[[55.79736328125,-21.33935546875],[55.66191406250002,-20.90625],[55.31132812500002,-20.904101562500003],[55.36269531250002,-21.27363281250001],[55.79736328125,-21.33935546875]]]},"properties":{"featurecla":"Admin-0 map unit","scalerank":3,"LABELRANK":4,"SOVEREIGNT":"France","SOV_A3":"FR1","ADM0_DIF":1,"LEVEL":3,"TYPE":"Geo unit","TLC":"1","ADMIN":"France","ADM0_A3":"FRA","GEOU_DIF":1,"GEOUNIT":"Reunion","GU_A3":"REU","SU_DIF":0,"SUBUNIT":"Réunion","SU_A3":"REU","BRK_DIFF":0,"NAME":"Réunion","NAME_LONG":"Réunion","BRK_A3":"REU","BRK_NAME":"Réunion","BRK_GROUP":"","ABBREV":"Reu.","POSTAL":"RE","FORMAL_EN":"Department of Reunion","FORMAL_FR":"","NAME_CIAWF":"","NOTE_ADM0":"Fr.","NOTE_BRK":"","NAME_SORT":"Reunion","NAME_ALT":"","MAPCOLOR7":7,"MAPCOLOR8":5,"MAPCOLOR9":9,"MAPCOLOR13":11,"POP_EST":859959,"POP_RANK":11,"POP_YEAR":2020,"GDP_MD":5254,"GDP_YEAR":2016,"ECONOMY":"1. Developed region: G7","INCOME_GRP":"4. Lower middle income","FIPS_10":"RE","ISO_A2":"FR-974","ISO_A2_EH":"RE","ISO_A3":"REU","ISO_A3_EH":"REU","ISO_N3":"638","ISO_N3_EH":"638","UN_A3":"638","WB_A2":"-99","WB_A3":"-99","WOE_ID":23424931,"WOE_ID_EH":23424931,"WOE_NOTE":"Exact WOE match as country","ADM0_ISO":"REU","ADM0_DIFF":"","ADM0_TLC":"REU","ADM0_A3_US":"FRA","ADM0_A3_FR":"FRA","ADM0_A3_RU":"FRA","ADM0_A3_ES":"FRA","ADM0_A3_CN":"FRA","ADM0_A3_TW":"FRA","ADM0_A3_IN":"FRA","ADM0_A3_NP":"FRA","ADM0_A3_PK":"FRA","ADM0_A3_DE":"FRA","ADM0_A3_GB":"FRA","ADM0_A3_BR":"FRA","ADM0_A3_IL":"FRA","ADM0_A3_PS":"FRA","ADM0_A3_SA":"FRA","ADM0_A3_EG":"FRA","ADM0_A3_MA":"FRA","ADM0_A3_PT":"FRA","ADM0_A3_AR":"FRA","ADM0_A3_JP":"FRA","ADM0_A3_KO":"FRA","ADM0_A3_VN":"FRA","ADM0_A3_TR":"FRA","ADM0_A3_ID":"FRA","ADM0_A3_PL":"FRA","ADM0_A3_GR":"FRA","ADM0_A3_IT":"FRA","ADM0_A3_NL":"FRA","ADM0_A3_SE":"FRA","ADM0_A3_BD":"FRA","ADM0_A3_UA":"FRA","ADM0_A3_UN":-99,"ADM0_A3_WB":-99,"CONTINENT":"Seven seas (open ocean)","REGION_UN":"Africa","SUBREGION":"Eastern Africa","REGION_WB":"Sub-Saharan Africa","NAME_LEN":7,"LONG_LEN":7,"ABBREV_LEN":4,"TINY":-99,"HOMEPART":-99,"MIN_ZOOM":0,"MIN_LABEL":5,"MAX_LABEL":10,"LABEL_X":55.535699,"LABEL_Y":-21.113488,"NE_ID":1159320661,"WIKIDATAID":"Q17070","NAME_AR":"لا ريونيون","NAME_BN":"রেউনিওঁ","NAME_DE":"Réunion","NAME_EN":"Réunion","NAME_ES":"Reunión","NAME_FA":"رئونیون","NAME_FR":"La Réunion","NAME_EL":"Ρεϋνιόν","NAME_HE":"ראוניון","NAME_HI":"रेयूनियों","NAME_HU":"Réunion","NAME_ID":"Réunion","NAME_IT":"Riunione","NAME_JA":"レユニオン","NAME_KO":"레위니옹","NAME_NL":"Réunion","NAME_PL":"Reunion","NAME_PT":"Reunião","NAME_RU":"Реюньон","NAME_SV":"Réunion","NAME_TR":"Réunion","NAME_UK":"Реюньйон","NAME_UR":"غے یونیوں","NAME_VI":"Réunion","NAME_ZH":"留尼汪","NAME_ZHT":"留尼旺","FCLASS_ISO":"Admin-0 dependency","TLC_DIFF":"1","FCLASS_TLC":"Admin-1 states provinces","FCLASS_US":"","FCLASS_FR":"","FCLASS_RU":"","FCLASS_ES":"","FCLASS_CN":"","FCLASS_TW":"","FCLASS_IN":"","FCLASS_NP":"","FCLASS_PK":"","FCLASS_DE":"","FCLASS_GB":"","FCLASS_BR":"","FCLASS_IL":"","FCLASS_PS":"","FCLASS_SA":"","FCLASS_EG":"","FCLASS_MA":"","FCLASS_PT":"","FCLASS_AR":"","FCLASS_JP":"","FCLASS_KO":"","FCLASS_VN":"","FCLASS_TR":"","FCLASS_ID":"","FCLASS_PL":"","FCLASS_GR":"","FCLASS_IT":"","FCLASS_NL":"","FCLASS_SE":"","FCLASS_BD":"","FCLASS_UA":""}},{"type":"Feature","geometry":{"type":"Polygon","coordinates":[[[25.2587890625,-17.793554687500006],[24.358984375000006,-17.97822265625001],[23.58056640625,-18.452929687500003],[23.298632812500017,-18.02734375],[20.97412109375,-18.31884765625],[20.9794921875,-21.9619140625],[19.977343750000017,-22.00019531250001],[19.98046875,-24.77675781250001],[20.34521484375,-25.029882812500006],[20.79316406250001,-25.915625000000006],[20.626757812500017,-26.44384765625],[20.739843750000006,-26.84882812500001],[21.646289062500017,-26.85419921875001],[22.640234375000006,-26.07119140625001],[22.878808593750023,-25.45791015625001],[23.266015625000023,-25.2666015625],[23.89375000000001,-25.600878906250003],[24.748144531250006,-25.8173828125],[25.583789062500017,-25.606250000000003],[25.912109375,-24.74746093750001],[26.39716796875001,-24.613574218750003],[26.835058593750006,-24.240820312500006],[27.146386718750023,-23.5244140625],[27.890527343750023,-23.07392578125001],[28.21015625000001,-22.693652343750003],[29.364843750000006,-22.193945312500006],[29.03730468750001,-21.811328125000003],[28.04560546875001,-21.573046875000003],[27.66943359375,-21.064257812500003],[27.699609375000023,-20.53066406250001],[27.28076171875,-20.47871093750001],[27.221484375000017,-20.145800781250003],[26.168066406250006,-19.53828125000001],[25.76123046875,-18.649218750000003],[25.2587890625,-17.793554687500006]]]},"properties":{"featurecla":"Admin-0 map unit","scalerank":1,"LABELRANK":4,"SOVEREIGNT":"Botswana","SOV_A3":"BWA","ADM0_DIF":0,"LEVEL":2,"TYPE":"Sovereign country","TLC":"1","ADMIN":"Botswana","ADM0_A3":"BWA","GEOU_DIF":0,"GEOUNIT":"Botswana","GU_A3":"BWA","SU_DIF":0,"SUBUNIT":"Botswana","SU_A3":"BWA","BRK_DIFF":0,"NAME":"Botswana","NAME_LONG":"Botswana","BRK_A3":"BWA","BRK_NAME":"Botswana","BRK_GROUP":"","ABBREV":"Bwa.","POSTAL":"BW","FORMAL_EN":"Republic of Botswana","FORMAL_FR":"","NAME_CIAWF":"Botswana","NOTE_ADM0":"","NOTE_BRK":"","NAME_SORT":"Botswana","NAME_ALT":"","MAPCOLOR7":6,"MAPCOLOR8":5,"MAPCOLOR9":7,"MAPCOLOR13":3,"POP_EST":2303697,"POP_RANK":12,"POP_YEAR":2019,"GDP_MD":18340,"GDP_YEAR":2019,"ECONOMY":"6. Developing region","INCOME_GRP":"3. Upper middle income","FIPS_10":"BC","ISO_A2":"BW","ISO_A2_EH":"BW","ISO_A3":"BWA","ISO_A3_EH":"BWA","ISO_N3":"072","ISO_N3_EH":"072","UN_A3":"072","WB_A2":"BW","WB_A3":"BWA","WOE_ID":23424755,"WOE_ID_EH":23424755,"WOE_NOTE":"Exact WOE match as country","ADM0_ISO":"BWA","ADM0_DIFF":"","ADM0_TLC":"BWA","ADM0_A3_US":"BWA","ADM0_A3_FR":"BWA","ADM0_A3_RU":"BWA","ADM0_A3_ES":"BWA","ADM0_A3_CN":"BWA","ADM0_A3_TW":"BWA","ADM0_A3_IN":"BWA","ADM0_A3_NP":"BWA","ADM0_A3_PK":"BWA","ADM0_A3_DE":"BWA","ADM0_A3_GB":"BWA","ADM0_A3_BR":"BWA","ADM0_A3_IL":"BWA","ADM0_A3_PS":"BWA","ADM0_A3_SA":"BWA","ADM0_A3_EG":"BWA","ADM0_A3_MA":"BWA","ADM0_A3_PT":"BWA","ADM0_A3_AR":"BWA","ADM0_A3_JP":"BWA","ADM0_A3_KO":"BWA","ADM0_A3_VN":"BWA","ADM0_A3_TR":"BWA","ADM0_A3_ID":"BWA","ADM0_A3_PL":"BWA","ADM0_A3_GR":"BWA","ADM0_A3_IT":"BWA","ADM0_A3_NL":"BWA","ADM0_A3_SE":"BWA","ADM0_A3_BD":"BWA","ADM0_A3_UA":"BWA","ADM0_A3_UN":-99,"ADM0_A3_WB":-99,"CONTINENT":"Africa","REGION_UN":"Africa","SUBREGION":"Southern Africa","REGION_WB":"Sub-Saharan Africa","NAME_LEN":8,"LONG_LEN":8,"ABBREV_LEN":4,"TINY":-99,"HOMEPART":1,"MIN_ZOOM":0,"MIN_LABEL":4,"MAX_LABEL":9,"LABEL_X":24.179216,"LABEL_Y":-22.102634,"NE_ID":1159320461,"WIKIDATAID":"Q963","NAME_AR":"بوتسوانا","NAME_BN":"বতসোয়ানা","NAME_DE":"Botswana","NAME_EN":"Botswana","NAME_ES":"Botsuana","NAME_FA":"بوتسوانا","NAME_FR":"Botswana","NAME_EL":"Μποτσουάνα","NAME_HE":"בוטסואנה","NAME_HI":"बोत्सवाना","NAME_HU":"Botswana","NAME_ID":"Botswana","NAME_IT":"Botswana","NAME_JA":"ボツワナ","NAME_KO":"보츠와나","NAME_NL":"Botswana","NAME_PL":"Botswana","NAME_PT":"Botsuana","NAME_RU":"Ботсвана","NAME_SV":"Botswana","NAME_TR":"Botsvana","NAME_UK":"Ботсвана","NAME_UR":"بوٹسوانا","NAME_VI":"Botswana","NAME_ZH":"博茨瓦纳","NAME_ZHT":"波札那","FCLASS_ISO":"Admin-0 country","TLC_DIFF":"","FCLASS_TLC":"Admin-0 country","FCLASS_US":"","FCLASS_FR":"","FCLASS_RU":"","FCLASS_ES":"","FCLASS_CN":"","FCLASS_TW":"","FCLASS_IN":"","FCLASS_NP":"","FCLASS_PK":"","FCLASS_DE":"","FCLASS_GB":"","FCLASS_BR":"","FCLASS_IL":"","FCLASS_PS":"","FCLASS_SA":"","FCLASS_EG":"","FCLASS_MA":"","FCLASS_PT":"","FCLASS_AR":"","FCLASS_JP":"","FCLASS_KO":"","FCLASS_VN":"","FCLASS_TR":"","FCLASS_ID":"","FCLASS_PL":"","FCLASS_GR":"","FCLASS_IT":"","FCLASS_NL":"","FCLASS_SE":"","FCLASS_BD":"","FCLASS_UA":""}},{"type":"Feature","geometry":{"type":"Polygon","coordinates":[[[129.0019600297769,-25.999013671928026],[129.0019600297769,-14.870741763043213],[128.19938675697358,-14.751715879596532],[127.67287794782646,-14.195082557581316],[126.9031537973699,-13.744181661474613],[126.56971872605664,-14.160871130495025],[126.1113910718542,-14.114069370897198],[125.17876164174584,-14.71482378834537],[124.38159364258638,-15.758151464863943],[124.57688661878615,-16.11364708389374],[123.49036069843226,-16.49074182484128],[123.77813658831633,-16.867858538445887],[123.52523130523116,-17.48570768310873],[122.97061946766814,-16.436755006375563],[122.16015801097035,-17.31357388747989],[122.23732598266406,-17.968556822621736],[121.4934856222576,-19.106366924619522],[120.87833911441658,-19.665043703743834],[119.58592939714617,-20.03831520235798],[119.1044425623727,-19.995358657750614],[118.75140788093677,-20.261974878858666],[117.40613195071239,-20.7212034120019],[116.70683016622365,-20.653923135997843],[116.01091217092642,-21.030358697232714],[115.4560586341355,-21.49160871482792],[114.85912745902056,-21.73594466164866],[114.37764062424708,-22.341423200370855],[113.95846824497573,-21.93912582174312],[113.68284323446142,-22.637746453862178],[113.75708884276241,-23.418281151605925],[113.41778707200649,-24.435725038074622],[114.21429589145339,-25.851643060837546],[113.58159323059908,-26.55815187685124],[114.02820945857366,-27.34723393820235],[114.16523094817558,-28.080725177120314],[114.53738184127815,-28.542876073656203],[114.95903713080054,-29.433647592011425],[114.99458888996935,-30.21620377420743],[115.17683010785879,-30.807949402249392],[115.69839506916105,-31.69445822512955],[115.68308012717057,-33.19294949323],[115.18155422913264,-33.6433889635378],[115.00876125379125,-34.255854807214064],[115.72627837100606,-34.52607454408462],[116.51716219023842,-34.98800571404962],[117.58186926210362,-35.09780308151932],[118.13558022072618,-34.986643409310204],[118.89541667549281,-34.479953936856475],[119.45048993885473,-34.36835481150558],[119.8541276495647,-33.9748245230561],[121.4050676501347,-33.82677275959594],[122.1509294949933,-33.99169952369988],[123.20752865639315,-33.98831573450832],[123.65034361469145,-33.836221002143816],[124.1259857226795,-33.12927273298834],[125.91721870116578,-32.29699242780191],[127.31986523904743,-32.26414330545509],[129.0019600297769,-31.692656467248355],[129.0019600297769,-25.999013671928026]]]},"properties":{"featurecla":"Admin-1 scale rank","scalerank":2,"adm1_code":"AUS-2651","diss_me":2651,"iso_3166_2":"AU-WA","wikipedia":"","iso_a2":"AU","adm0_sr":6,"name":"Western Australia","name_alt":"","name_local":"","type":"State","type_en":"State","code_local":"","code_hasc":"AU.WA","note":"","hasc_maybe":"","region":"","region_cod":"","provnum_ne":5,"gadm_level":1,"check_me":20,"datarank":3,"abbrev":"W.A.","postal":"WA","area_sqkm":0,"sameascity":-99,"labelrank":2,"name_len":17,"mapcolor9":2,"mapcolor13":7,"fips":"AS08","fips_alt":"","woe_id":2344706,"woe_label":"Western Australia, AU, Australia","woe_name":"Western Australia","latitude":-25.8483,"longitude":121.646,"sov_a3":"AU1","adm0_a3":"AUS","adm0_label":2,"admin":"Australia","geonunit":"Australia","gu_a3":"AUS","gn_id":2058645,"gn_name":"State of Western Australia","gns_id":-1608952,"gns_name":"Western Australia","gn_level":1,"gn_region":"","gn_a1_code":"AU.08","region_sub":"","sub_code":"","gns_level":1,"gns_lang":"zho","gns_adm1":"AS08","gns_region":"","min_label":3.5,"max_label":7.5,"min_zoom":2,"wikidataid":"Q3206","name_ar":"أستراليا الغربية","name_bn":"পশ্চিম অস্ট্রেলিয়া","name_de":"Western Australia","name_en":"Western Australia","name_es":"Australia Occidental","name_fr":"Australie-Occidentale","name_el":"Δυτική Αυστραλία","name_hi":"पश्चिमी ऑस्ट्रेलिया","name_hu":"Nyugat-Ausztrália","name_id":"Australia Barat","name_it":"Australia Occidentale","name_ja":"西オーストラリア州","name_ko":"웨스턴오스트레일리아","name_nl":"West-Australië","name_pl":"Australia Zachodnia","name_pt":"Austrália Ocidental","name_ru":"Западная Австралия","name_sv":"Western Australia","name_tr":"Batı Avustralya","name_vi":"Tây Úc","name_zh":"西澳大利亚州","ne_id":1159315805,"name_he":"אוסטרליה המערבית","name_uk":"Західна Австралія","name_ur":"مغربی آسٹریلیا","name_fa":"استرالیای غربی","name_zht":"西澳州","FCLASS_ISO":"","FCLASS_US":"","FCLASS_FR":"","FCLASS_RU":"","FCLASS_ES":"","FCLASS_CN":"","FCLASS_TW":"","FCLASS_IN":"","FCLASS_NP":"","FCLASS_PK":"","FCLASS_DE":"","FCLASS_GB":"","FCLASS_BR":"","FCLASS_IL":"","FCLASS_PS":"","FCLASS_SA":"","FCLASS_EG":"","FCLASS_MA":"","FCLASS_PT":"","FCLASS_AR":"","FCLASS_JP":"","FCLASS_KO":"","FCLASS_VN":"","FCLASS_TR":"","FCLASS_ID":"","FCLASS_PL":"","FCLASS_GR":"","FCLASS_IT":"","FCLASS_NL":"","FCLASS_SE":"","FCLASS_BD":"","FCLASS_UA":"","FCLASS_TLC":""}},{"type":"Feature","geometry":{"type":"MultiPolygon","coordinates":[[[[129.0019600297769,-25.999013671928026],[138.00196037309956,-25.999013671928026],[138.00242179889835,-16.55578088982236],[137.7036156351561,-16.232892693911424],[136.78471911572808,-15.894272075525237],[135.5307835210192,-15.00035846720641],[135.40523175841724,-14.758241758751637],[135.88335677665623,-14.153224645828345],[135.9272361728615,-13.304289066569027],[136.59436998737294,-13.003922844173474],[136.94738269615186,-12.349840787972255],[136.54014146967938,-11.957672804262188],[136.08181381547672,-12.4225263376199],[135.78841292537822,-11.907047802331022],[135.21804669268295,-12.221608361205483],[134.73023173266802,-11.98445747325269],[132.68273165456208,-11.505651302643969],[132.37201631067808,-12.239142541561932],[130.6723653669352,-12.406991669058584],[130.16813683207545,-12.95734081114648],[130.25971886681896,-13.302267582116883],[129.83896445623725,-13.572948744786288],[129.37861531758256,-14.39239701823334],[129.75346884750707,-14.789530822445215],[129.0019600297769,-14.870741763043213],[129.0019600297769,-25.999013671928026]]],[[[136.93389148469987,-14.17910843587822],[136.65556383736362,-13.676000506529874],[136.36328355277647,-14.228832558868817],[136.93389148469987,-14.17910843587822]]],[[[131.47335660842816,-11.382582450293],[130.42284387304187,-11.44579778473576],[130.95091274084234,-11.926405713225734],[131.47335660842816,-11.382582450293]]]]},"properties":{"featurecla":"Admin-1 scale rank","scalerank":2,"adm1_code":"AUS-2650","diss_me":2650,"iso_3166_2":"AU-NT","wikipedia":"","iso_a2":"AU","adm0_sr":6,"name":"Northern Territory","name_alt":"","name_local":"","type":"Territory","type_en":"Territory","code_local":"","code_hasc":"AU.NT","note":"","hasc_maybe":"","region":"","region_cod":"","provnum_ne":7,"gadm_level":1,"check_me":20,"datarank":3,"abbrev":"N.T.","postal":"NT","area_sqkm":0,"sameascity":-99,"labelrank":2,"name_len":18,"mapcolor9":2,"mapcolor13":7,"fips":"AS03","fips_alt":"","woe_id":2344701,"woe_label":"Northern Territory, AU, Australia","woe_name":"Northern Territory","latitude":-20.1026,"longitude":133.78,"sov_a3":"AU1","adm0_a3":"AUS","adm0_label":2,"admin":"Australia","geonunit":"Australia","gu_a3":"AUS","gn_id":2064513,"gn_name":"Northern Territory","gns_id":-1592100,"gns_name":"Northern Territory","gn_level":1,"gn_region":"","gn_a1_code":"AU.03","region_sub":"","sub_code":"","gns_level":1,"gns_lang":"zho","gns_adm1":"AS03","gns_region":"","min_label":3.5,"max_label":7.5,"min_zoom":2,"wikidataid":"Q3235","name_ar":"إقليم شمالي","name_bn":"উত্তর অঞ্চল","name_de":"Northern Territory","name_en":"Northern Territory","name_es":"Territorio del Norte","name_fr":"Territoire du Nord","name_el":"Βόρεια Επικράτεια","name_hi":"नॉर्थर्न टेरिटरी","name_hu":"Északi terület","name_id":"Wilayah Utara","name_it":"Territorio del Nord","name_ja":"ノーザンテリトリー","name_ko":"노던 준","name_nl":"Noordelijk Territorium","name_pl":"Terytorium Północne","name_pt":"Território do Norte","name_ru":"Северная территория","name_sv":"Northern Territory","name_tr":"Kuzey Toprakları","name_vi":"Lãnh thổ Bắc Úc","name_zh":"北领地","ne_id":1159315809,"name_he":"הטריטוריה הצפונית","name_uk":"Північна територія","name_ur":"شمالی علاقہ","name_fa":"قلمرو شمالی","name_zht":"北領地","FCLASS_ISO":"","FCLASS_US":"","FCLASS_FR":"","FCLASS_RU":"","FCLASS_ES":"","FCLASS_CN":"","FCLASS_TW":"","FCLASS_IN":"","FCLASS_NP":"","FCLASS_PK":"","FCLASS_DE":"","FCLASS_GB":"","FCLASS_BR":"","FCLASS_IL":"","FCLASS_PS":"","FCLASS_SA":"","FCLASS_EG":"","FCLASS_MA":"","FCLASS_PT":"","FCLASS_AR":"","FCLASS_JP":"","FCLASS_KO":"","FCLASS_VN":"","FCLASS_TR":"","FCLASS_ID":"","FCLASS_PL":"","FCLASS_GR":"","FCLASS_IT":"","FCLASS_NL":"","FCLASS_SE":"","FCLASS_BD":"","FCLASS_UA":"","FCLASS_TLC":""}},{"type":"Feature","geometry":{"type":"MultiPolygon","coordinates":[[[[129.0019600297769,-31.692656467248355],[131.1437447794483,-31.49578145973811],[132.21473603124082,-32.00719505346575],[132.75743868866198,-31.956350324963694],[133.55146459785783,-32.182932364857095],[134.23411110827385,-32.54855737880456],[134.30117165770696,-33.16504421872793],[134.7909861295169,-33.32838895152156],[135.18541729690708,-33.906643368111475],[135.6475681934429,-34.93962192314149],[136.43056382878058,-34.0299539196904],[137.23742176971598,-33.629458298943916],[137.44238271503457,-33.19363064559968],[137.8523265783291,-33.20081570446757],[137.93175773370274,-33.57905302358364],[137.49390859590642,-34.16113068250684],[137.39107656073372,-34.913298679949776],[137.69168448235735,-35.143022809806894],[138.089257739711,-34.16989777268503],[138.51113275580428,-35.024458352159],[138.18444329021713,-35.61260046443857],[139.0376415649514,-35.6893289829905],[139.54883543210826,-36.09657020946304],[139.85730956496923,-36.66199259431346],[139.78418456217992,-37.24587201111791],[140.39034425327168,-37.89657027812757],[140.9663354861816,-38.071406710578344],[141.02572757829088,-34.043225404571686],[141.00210697192105,-28.998940544178744],[141.0021069719212,-25.999013671928026],[138.00196037309956,-25.999013671928026],[129.0019600297769,-25.999013671928026],[129.0019600297769,-31.692656467248355]]],[[[137.92883537031003,-35.72600134767066],[137.33416737887524,-35.59258337383119],[136.63868883672,-35.748721075099866],[136.7550120833447,-36.03311317579238],[137.44846914104812,-36.07475136097446],[137.92883537031003,-35.72600134767066]]]]},"properties":{"featurecla":"Admin-1 scale rank","scalerank":2,"adm1_code":"AUS-2655","diss_me":2655,"iso_3166_2":"AU-SA","wikipedia":"","iso_a2":"AU","adm0_sr":3,"name":"South Australia","name_alt":"","name_local":"","type":"State","type_en":"State","code_local":"","code_hasc":"AU.SA","note":"","hasc_maybe":"","region":"","region_cod":"","provnum_ne":6,"gadm_level":1,"check_me":20,"datarank":3,"abbrev":"S.A.","postal":"SA","area_sqkm":0,"sameascity":-99,"labelrank":2,"name_len":15,"mapcolor9":2,"mapcolor13":7,"fips":"AS05","fips_alt":"","woe_id":2344703,"woe_label":"South Australia, AU, Australia","woe_name":"South Australia","latitude":-29.6504,"longitude":135.783,"sov_a3":"AU1","adm0_a3":"AUS","adm0_label":2,"admin":"Australia","geonunit":"Australia","gu_a3":"AUS","gn_id":2061327,"gn_name":"State of South Australia","gns_id":-1601186,"gns_name":"South Australia","gn_level":1,"gn_region":"","gn_a1_code":"AU.05","region_sub":"","sub_code":"","gns_level":1,"gns_lang":"zho","gns_adm1":"AS05","gns_region":"","min_label":3.5,"max_label":7.5,"min_zoom":2,"wikidataid":"Q35715","name_ar":"جنوب أستراليا","name_bn":"দক্ষিণ অস্ট্রেলিয়া","name_de":"South Australia","name_en":"South Australia","name_es":"Australia Meridional","name_fr":"Australie-Méridionale","name_el":"Νότια Αυστραλία","name_hi":"दक्षिण ऑस्ट्रेलिया","name_hu":"Dél-Ausztrália","name_id":"Australia Selatan","name_it":"Australia Meridionale","name_ja":"南オーストラリア州","name_ko":"사우스오스트레일리아","name_nl":"Zuid-Australië","name_pl":"Australia Południowa","name_pt":"Austrália Meridional","name_ru":"Южная Австралия","name_sv":"South Australia","name_tr":"Güney Avustralya","name_vi":"Nam Úc","name_zh":"南澳大利亚州","ne_id":1159313267,"name_he":"אוסטרליה הדרומית","name_uk":"Південна Австралія","name_ur":"جنوبی آسٹریلیا","name_fa":"استرالیای جنوبی","name_zht":"南澳州","FCLASS_ISO":"","FCLASS_US":"","FCLASS_FR":"","FCLASS_RU":"","FCLASS_ES":"","FCLASS_CN":"","FCLASS_TW":"","FCLASS_IN":"","FCLASS_NP":"","FCLASS_PK":"","FCLASS_DE":"","FCLASS_GB":"","FCLASS_BR":"","FCLASS_IL":"","FCLASS_PS":"","FCLASS_SA":"","FCLASS_EG":"","FCLASS_MA":"","FCLASS_PT":"","FCLASS_AR":"","FCLASS_JP":"","FCLASS_KO":"","FCLASS_VN":"","FCLASS_TR":"","FCLASS_ID":"","FCLASS_PL":"","FCLASS_GR":"","FCLASS_IT":"","FCLASS_NL":"","FCLASS_SE":"","FCLASS_BD":"","FCLASS_UA":"","FCLASS_TLC":""}},{"type":"Feature","geometry":{"type":"Polygon","coordinates":[[[138.00196037309956,-25.999013671928026],[141.0021069719212,-25.999013671928026],[141.00210697192105,-28.998940544178744],[148.9743143072866,-28.998501091036985],[149.511831417635,-28.579328711765584],[150.34072793362995,-28.56379404320422],[151.2308402722725,-28.89769054031636],[152.0244047556696,-28.873850207375597],[151.9663529956426,-28.534548436619836],[152.49308153136073,-28.262307215297163],[153.11813770754847,-28.35162606636065],[153.51527151176037,-28.144401937361863],[153.11679737546604,-27.194458053468168],[153.16493946714627,-25.96414306512918],[152.9133964888007,-25.43225095499531],[151.90269820805815,-24.201057060372705],[150.8431547106086,-23.458095606249742],[150.76396525446262,-22.576091178072716],[150.07613319697407,-22.164345556897104],[149.70398230387127,-22.440431993210268],[149.20493931608428,-21.12508282193994],[148.68361605401003,-20.580116980838625],[148.7594436936214,-20.289638454132728],[147.91569366143472,-19.86912574277892],[147.41867215809998,-19.378168692800386],[146.48107690748975,-19.07870334934546],[146.33326684325755,-18.553776571508592],[146.03221946849214,-18.27274628735063],[146.1258229876878,-17.635319505222185],[145.90194358461633,-17.07011684694271],[145.42605977740038,-16.40614709505178],[145.287697955716,-14.943207586120081],[144.4729518308859,-14.23175492226153],[143.75633559261155,-14.348737348599059],[143.4015211259515,-12.639879861536372],[142.8725294065532,-11.821332467030004],[142.83675792081385,-11.306974537252472],[142.4565210899027,-10.707340725315817],[142.16828377421973,-10.946513097720754],[141.95161140267305,-11.896237255043616],[141.6777881500401,-12.491366672277195],[141.645378480835,-13.259069338281563],[141.47258550549338,-13.797487327570536],[141.62558111679846,-15.05660846935217],[141.21924076926655,-16.646220346397342],[140.83043460209103,-17.414362465543377],[140.0357275405255,-17.70259978122624],[139.24846920971254,-17.32864713024236],[139.0099560170204,-16.899345356053345],[138.00242179889835,-16.55578088982236],[138.00196037309956,-25.999013671928026]]]},"properties":{"featurecla":"Admin-1 scale rank","scalerank":2,"adm1_code":"AUS-2657","diss_me":2657,"iso_3166_2":"AU-QLD","wikipedia":"","iso_a2":"AU","adm0_sr":5,"name":"Queensland","name_alt":"","name_local":"","type":"State","type_en":"State","code_local":"","code_hasc":"AU.QL","note":"","hasc_maybe":"","region":"","region_cod":"","provnum_ne":8,"gadm_level":1,"check_me":20,"datarank":3,"abbrev":"Qld.","postal":"QL","area_sqkm":0,"sameascity":-99,"labelrank":2,"name_len":10,"mapcolor9":2,"mapcolor13":7,"fips":"AS04","fips_alt":"","woe_id":2344702,"woe_label":"Queensland, AU, Australia","woe_name":"Queensland","latitude":-23.1364,"longitude":144.778,"sov_a3":"AU1","adm0_a3":"AUS","adm0_label":2,"admin":"Australia","geonunit":"Australia","gu_a3":"AUS","gn_id":2152274,"gn_name":"State of Queensland","gns_id":-1596531,"gns_name":"Queensland","gn_level":1,"gn_region":"","gn_a1_code":"AU.04","region_sub":"","sub_code":"","gns_level":1,"gns_lang":"zho","gns_adm1":"AS04","gns_region":"","min_label":3.5,"max_label":7.5,"min_zoom":2,"wikidataid":"Q36074","name_ar":"كوينزلاند","name_bn":"কুইন্সল্যান্ড","name_de":"Queensland","name_en":"Queensland","name_es":"Queensland","name_fr":"Queensland","name_el":"Κουίνσλαντ","name_hi":"क्वीन्सलैण्ड","name_hu":"Queensland","name_id":"Queensland","name_it":"Queensland","name_ja":"クイーンズランド州","name_ko":"퀸즐랜드","name_nl":"Queensland","name_pl":"Queensland","name_pt":"Queensland","name_ru":"Квинсленд","name_sv":"Queensland","name_tr":"Queensland","name_vi":"Queensland","name_zh":"昆士兰州","ne_id":1159315807,"name_he":"קווינסלנד","name_uk":"Квінсленд","name_ur":"کوئنزلینڈ","name_fa":"کوئینزلند","name_zht":"昆士蘭州","FCLASS_ISO":"","FCLASS_US":"","FCLASS_FR":"","FCLASS_RU":"","FCLASS_ES":"","FCLASS_CN":"","FCLASS_TW":"","FCLASS_IN":"","FCLASS_NP":"","FCLASS_PK":"","FCLASS_DE":"","FCLASS_GB":"","FCLASS_BR":"","FCLASS_IL":"","FCLASS_PS":"","FCLASS_SA":"","FCLASS_EG":"","FCLASS_MA":"","FCLASS_PT":"","FCLASS_AR":"","FCLASS_JP":"","FCLASS_KO":"","FCLASS_VN":"","FCLASS_TR":"","FCLASS_ID":"","FCLASS_PL":"","FCLASS_GR":"","FCLASS_IT":"","FCLASS_NL":"","FCLASS_SE":"","FCLASS_BD":"","FCLASS_UA":"","FCLASS_TLC":""}},{"type":"Feature","geometry":{"type":"Polygon","coordinates":[[[148.34071076749171,-42.111057743585036],[148.29278840238226,-40.947122152309475],[147.96877960095992,-40.7794927513836],[147.45488309698135,-41.001570396573925],[146.31751244812529,-41.16357479728521],[145.2829518617848,-40.769824782264834],[144.71867205510318,-40.67217829416495],[144.7778444206415,-41.41894101796407],[145.23819355929618,-42.01969543541236],[145.26812031825034,-42.54440248667828],[146.04322776969343,-43.5472345561833],[146.87394801622656,-43.612471375078144],[147.40808133738335,-42.89383365235187],[147.98093048032956,-43.15706608426831],[148.0227883920827,-42.25954896018703],[148.34071076749171,-42.111057743585036]]]},"properties":{"featurecla":"Admin-1 scale rank","scalerank":2,"adm1_code":"AUS-2660","diss_me":2660,"iso_3166_2":"AU-TAS","wikipedia":"","iso_a2":"AU","adm0_sr":5,"name":"Tasmania","name_alt":"","name_local":"","type":"State","type_en":"State","code_local":"","code_hasc":"AU.TS","note":"","hasc_maybe":"","region":"","region_cod":"","provnum_ne":4,"gadm_level":1,"check_me":20,"datarank":3,"abbrev":"Tas.","postal":"TS","area_sqkm":0,"sameascity":-99,"labelrank":2,"name_len":8,"mapcolor9":2,"mapcolor13":7,"fips":"AS06","fips_alt":"","woe_id":2344704,"woe_label":"","woe_name":"","latitude":-42.1383,"longitude":146.603,"sov_a3":"AU1","adm0_a3":"AUS","adm0_label":2,"admin":"Australia","geonunit":"Australia","gu_a3":"AUS","gn_id":2147291,"gn_name":"State of Tasmania","gns_id":-1603760,"gns_name":"Tasmania","gn_level":1,"gn_region":"","gn_a1_code":"AU.06","region_sub":"","sub_code":"","gns_level":1,"gns_lang":"zho","gns_adm1":"AS06","gns_region":"","min_label":3.5,"max_label":7.5,"min_zoom":2,"wikidataid":"Q34366","name_ar":"تاسمانيا","name_bn":"তাসমানিয়া","name_de":"Tasmanien","name_en":"Tasmania","name_es":"Tasmania","name_fr":"Tasmanie","name_el":"Τασμανία","name_hi":"टासमानिया","name_hu":"Tasmania","name_id":"Tasmania","name_it":"Tasmania","name_ja":"タスマニア州","name_ko":"태즈메이니아","name_nl":"Tasmanië","name_pl":"Tasmania","name_pt":"Tasmânia","name_ru":"Тасмания","name_sv":"Tasmanien","name_tr":"Tasmanya","name_vi":"Tasmania","name_zh":"塔斯马尼亚州","ne_id":1159313261,"name_he":"טסמניה","name_uk":"Тасманія","name_ur":"تسمانیا","name_fa":"تاسمانی","name_zht":"塔斯馬尼亞州","FCLASS_ISO":"","FCLASS_US":"","FCLASS_FR":"","FCLASS_RU":"","FCLASS_ES":"","FCLASS_CN":"","FCLASS_TW":"","FCLASS_IN":"","FCLASS_NP":"","FCLASS_PK":"","FCLASS_DE":"","FCLASS_GB":"","FCLASS_BR":"","FCLASS_IL":"","FCLASS_PS":"","FCLASS_SA":"","FCLASS_EG":"","FCLASS_MA":"","FCLASS_PT":"","FCLASS_AR":"","FCLASS_JP":"","FCLASS_KO":"","FCLASS_VN":"","FCLASS_TR":"","FCLASS_ID":"","FCLASS_PL":"","FCLASS_GR":"","FCLASS_IT":"","FCLASS_NL":"","FCLASS_SE":"","FCLASS_BD":"","FCLASS_UA":"","FCLASS_TLC":""}},{"type":"Feature","geometry":{"type":"Polygon","coordinates":[[[140.9663354861816,-38.071406710578344],[141.42420171458537,-38.36344529593748],[141.72502936277965,-38.271423808052134],[142.6122193380295,-38.45164354148949],[143.5389820686953,-38.82087207119946],[144.66534441634997,-38.20998825883356],[144.8912453038738,-37.89973434074835],[145.39725362395768,-38.535359364995486],[145.935232160105,-38.901643558655564],[146.85683131635494,-38.66337206519131],[147.3957107314427,-38.219216774810604],[148.26242219028632,-37.830652306863044],[149.29854283528005,-37.802065879991346],[149.94249549656354,-37.50057905208422],[148.2162796104011,-36.80261759967783],[147.97486602697322,-36.045725480961],[147.4074221576707,-35.97123817343204],[146.89598659128592,-36.099953998654655],[146.2162624442628,-36.056975481390154],[145.43236592998448,-35.83467810962895],[144.66848650631357,-36.08802284585573],[143.58466322278153,-35.32706578557756],[143.22105969328615,-34.733078946512514],[142.7418140695356,-34.59807894136267],[142.15771492616022,-34.17328156187665],[141.02572757829088,-34.043225404571686],[140.9663354861816,-38.071406710578344]]]},"properties":{"featurecla":"Admin-1 scale rank","scalerank":2,"adm1_code":"AUS-2656","diss_me":2656,"iso_3166_2":"AU-VIC","wikipedia":"","iso_a2":"AU","adm0_sr":5,"name":"Victoria","name_alt":"","name_local":"","type":"State","type_en":"State","code_local":"","code_hasc":"AU.VI","note":"","hasc_maybe":"","region":"","region_cod":"","provnum_ne":3,"gadm_level":1,"check_me":20,"datarank":3,"abbrev":"Vic.","postal":"VI","area_sqkm":0,"sameascity":-99,"labelrank":2,"name_len":8,"mapcolor9":2,"mapcolor13":7,"fips":"AS07","fips_alt":"","woe_id":2344705,"woe_label":"Victoria, AU, Australia","woe_name":"Victoria","latitude":-37.0082,"longitude":144.75,"sov_a3":"AU1","adm0_a3":"AUS","adm0_label":2,"admin":"Australia","geonunit":"Australia","gu_a3":"AUS","gn_id":2145234,"gn_name":"State of Victoria","gns_id":-1606920,"gns_name":"Victoria","gn_level":1,"gn_region":"","gn_a1_code":"AU.07","region_sub":"","sub_code":"","gns_level":1,"gns_lang":"zho","gns_adm1":"AS07","gns_region":"","min_label":3.5,"max_label":7.5,"min_zoom":2,"wikidataid":"Q36687","name_ar":"ولاية فيكتوريا","name_bn":"ভিক্টোরিয়া","name_de":"Victoria","name_en":"Victoria","name_es":"Victoria","name_fr":"Victoria","name_el":"Βικτώρια","name_hi":"विक्टोरिया","name_hu":"Victoria","name_id":"Victoria","name_it":"Victoria","name_ja":"ビクトリア州","name_ko":"빅토리아","name_nl":"Victoria","name_pl":"Wiktoria","name_pt":"Vitória","name_ru":"Виктория","name_sv":"Victoria","name_tr":"Victoria","name_vi":"Victoria","name_zh":"维多利亚州","ne_id":1159313263,"name_he":"ויקטוריה","name_uk":"Вікторія","name_ur":"وکٹوریہ","name_fa":"ویکتوریا","name_zht":"維多利亞省","FCLASS_ISO":"","FCLASS_US":"","FCLASS_FR":"","FCLASS_RU":"","FCLASS_ES":"","FCLASS_CN":"","FCLASS_TW":"","FCLASS_IN":"","FCLASS_NP":"","FCLASS_PK":"","FCLASS_DE":"","FCLASS_GB":"","FCLASS_BR":"","FCLASS_IL":"","FCLASS_PS":"","FCLASS_SA":"","FCLASS_EG":"","FCLASS_MA":"","FCLASS_PT":"","FCLASS_AR":"","FCLASS_JP":"","FCLASS_KO":"","FCLASS_VN":"","FCLASS_TR":"","FCLASS_ID":"","FCLASS_PL":"","FCLASS_GR":"","FCLASS_IT":"","FCLASS_NL":"","FCLASS_SE":"","FCLASS_BD":"","FCLASS_UA":"","FCLASS_TLC":""}},{"type":"Feature","geometry":{"type":"Polygon","coordinates":[[[141.02572757829088,-34.043225404571686],[142.15771492616022,-34.17328156187665],[142.7418140695356,-34.59807894136267],[143.22105969328615,-34.733078946512514],[143.58466322278153,-35.32706578557756],[144.66848650631357,-36.08802284585573],[145.43236592998448,-35.83467810962895],[146.2162624442628,-36.056975481390154],[146.89598659128592,-36.099953998654655],[147.4074221576707,-35.97123817343204],[147.97486602697322,-36.045725480961],[148.2162796104011,-36.80261759967783],[149.94249549656354,-37.50057905208422],[149.96027137614792,-36.845596116942396],[150.19537880699156,-35.83355750411744],[150.6118705220982,-35.1900442959756],[150.70569376786474,-35.11962193000796],[150.960378836174,-34.297031566597376],[151.23152142464224,-34.02973419311954],[151.48374555535761,-33.347527135845404],[151.81291793119576,-32.90113063444173],[152.47036180393152,-32.438979737905825],[152.94398242746743,-31.434807336318435],[153.0306206143662,-30.56337175620081],[153.34808156397636,-29.290319949825232],[153.60459036282393,-28.854492296480977],[153.51527151176037,-28.144401937361863],[153.11813770754847,-28.35162606636065],[152.49308153136073,-28.262307215297163],[151.9663529956426,-28.534548436619836],[152.0244047556696,-28.873850207375597],[151.2308402722725,-28.89769054031636],[150.34072793362995,-28.56379404320422],[149.511831417635,-28.579328711765584],[148.9743143072866,-28.998501091036985],[141.00210697192105,-28.998940544178744],[141.02572757829088,-34.043225404571686]],[[149.40383580804658,-35.329328969257645],[149.10480991773338,-35.82927283598524],[148.82806430170766,-35.311553089673296],[149.40383580804658,-35.329328969257645]]]},"properties":{"featurecla":"Admin-1 scale rank","scalerank":2,"adm1_code":"AUS-2654","diss_me":2654,"iso_3166_2":"AU-NSW","wikipedia":"","iso_a2":"AU","adm0_sr":1,"name":"New South Wales","name_alt":"","name_local":"","type":"State","type_en":"State","code_local":"","code_hasc":"AU.NS","note":"","hasc_maybe":"","region":"","region_cod":"","provnum_ne":9,"gadm_level":1,"check_me":20,"datarank":3,"abbrev":"N.S.W.","postal":"NS","area_sqkm":0,"sameascity":-99,"labelrank":2,"name_len":15,"mapcolor9":2,"mapcolor13":7,"fips":"AS02","fips_alt":"","woe_id":2344700,"woe_label":"New South Wales, AU, Australia","woe_name":"New South Wales","latitude":-32.4751,"longitude":146.781,"sov_a3":"AU1","adm0_a3":"AUS","adm0_label":2,"admin":"Australia","geonunit":"Australia","gu_a3":"AUS","gn_id":2155400,"gn_name":"State of New South Wales","gns_id":-1591422,"gns_name":"New South Wales","gn_level":1,"gn_region":"","gn_a1_code":"AU.02","region_sub":"","sub_code":"","gns_level":1,"gns_lang":"zho","gns_adm1":"AS02","gns_region":"","min_label":3.5,"max_label":7.5,"min_zoom":2,"wikidataid":"Q3224","name_ar":"نيوساوث ويلز","name_bn":"নিউ সাউথ ওয়েল্স","name_de":"New South Wales","name_en":"New South Wales","name_es":"Nueva Gales del Sur","name_fr":"Nouvelle-Galles du Sud","name_el":"Νέα Νότια Ουαλία","name_hi":"न्यू साउथ वेल्स","name_hu":"Új-Dél-Wales","name_id":"New South Wales","name_it":"Nuovo Galles del Sud","name_ja":"ニューサウスウェールズ州","name_ko":"뉴사우스웨일스","name_nl":"Nieuw-Zuid-Wales","name_pl":"Nowa Południowa Walia","name_pt":"Nova Gales do Sul","name_ru":"Новый Южный Уэльс","name_sv":"New South Wales","name_tr":"Yeni Güney Galler","name_vi":"New South Wales","name_zh":"新南威尔士州","ne_id":1159313299,"name_he":"ניו סאות' ויילס","name_uk":"Новий Південний Уельс","name_ur":"نیو ساؤتھ ویلز","name_fa":"نیو ساوت ولز","name_zht":"新南威爾斯州","FCLASS_ISO":"","FCLASS_US":"","FCLASS_FR":"","FCLASS_RU":"","FCLASS_ES":"","FCLASS_CN":"","FCLASS_TW":"","FCLASS_IN":"","FCLASS_NP":"","FCLASS_PK":"","FCLASS_DE":"","FCLASS_GB":"","FCLASS_BR":"","FCLASS_IL":"","FCLASS_PS":"","FCLASS_SA":"","FCLASS_EG":"","FCLASS_MA":"","FCLASS_PT":"","FCLASS_AR":"","FCLASS_JP":"","FCLASS_KO":"","FCLASS_VN":"","FCLASS_TR":"","FCLASS_ID":"","FCLASS_PL":"","FCLASS_GR":"","FCLASS_IT":"","FCLASS_NL":"","FCLASS_SE":"","FCLASS_BD":"","FCLASS_UA":"","FCLASS_TLC":""}},{"type":"Feature","geometry":{"type":"MultiPolygon","coordinates":[[[[173.11533203125003,-41.279296875],[172.98867187500002,-40.848242187500006],[172.640625,-40.51826171875001],[172.13945312500005,-40.947265625],[172.0107421875,-41.444726562499994],[171.48623046875002,-41.79472656250002],[171.02773437500002,-42.69609375000002],[169.66152343750002,-43.591210937499994],[168.80644531250005,-43.99199218750002],[168.36660156250002,-44.08203125],[167.19453125,-44.963476562500006],[166.73398437500003,-45.543554687500006],[166.73154296875003,-46.197851562500006],[167.68222656250003,-46.192968750000006],[168.38212890625005,-46.605371093749994],[169.68662109375003,-46.551660156249994],[170.70058593750002,-45.68427734375001],[171.11328125,-45.03925781250001],[171.442578125,-44.135839843750006],[172.38525390625,-43.82958984375],[172.92060546875,-43.89140625000002],[172.71855468750005,-43.2587890625],[173.22119140625,-42.9765625],[174.28310546875002,-41.740624999999994],[174.09238281250003,-41.50517578125002],[174.30253906250005,-41.01953125],[173.73789062500003,-40.98896484375001],[173.11533203125003,-41.279296875]]],[[[173.26943359375002,-34.93476562500001],[173.11669921875,-35.20527343750001],[173.94511718750005,-36.175878906250006],[174.44687500000003,-36.45087890625001],[174.4755859375,-36.94189453125],[174.92802734375005,-37.8044921875],[174.59736328125,-38.785058593749994],[173.84433593750003,-39.13935546875001],[173.93437500000005,-39.50908203125002],[175.00927734375,-39.9521484375],[175.2541015625,-40.28935546875002],[175.16250000000002,-40.62158203125],[174.63535156250003,-41.289453124999994],[175.309765625,-41.61064453125002],[175.98291015625,-41.213281249999994],[176.84218750000002,-40.157812500000006],[177.10986328125,-39.67314453125002],[176.9541015625,-39.367578124999994],[177.40751953125005,-39.081152343750006],[177.96562500000005,-39.142480468749994],[177.97617187500003,-38.722265625000006],[178.26767578125003,-38.551171874999994],[178.53623046875003,-37.69208984375001],[178.00917968750002,-37.55488281250001],[177.3359375,-37.990820312500006],[176.1083984375,-37.645117187500006],[175.876171875,-36.95771484375001],[175.551953125,-37.046484375000006],[174.72246093750005,-36.84121093750001],[174.80214843750002,-36.30947265625001],[174.39101562500002,-35.77373046875],[174.3203125,-35.246679687500006],[173.26943359375002,-34.93476562500001]]]]},"properties":{"featurecla":"Admin-0 map unit","scalerank":1,"LABELRANK":2,"SOVEREIGNT":"New Zealand","SOV_A3":"NZ1","ADM0_DIF":1,"LEVEL":2,"TYPE":"Country","TLC":"1","ADMIN":"New Zealand","ADM0_A3":"NZL","GEOU_DIF":0,"GEOUNIT":"New Zealand","GU_A3":"NZL","SU_DIF":0,"SUBUNIT":"New Zealand","SU_A3":"NZL","BRK_DIFF":0,"NAME":"New Zealand","NAME_LONG":"New Zealand","BRK_A3":"NZL","BRK_NAME":"New Zealand","BRK_GROUP":"","ABBREV":"N.Z.","POSTAL":"NZ","FORMAL_EN":"New Zealand","FORMAL_FR":"","NAME_CIAWF":"New Zealand","NOTE_ADM0":"","NOTE_BRK":"","NAME_SORT":"New Zealand","NAME_ALT":"","MAPCOLOR7":3,"MAPCOLOR8":3,"MAPCOLOR9":4,"MAPCOLOR13":4,"POP_EST":4917000,"POP_RANK":12,"POP_YEAR":2019,"GDP_MD":206928,"GDP_YEAR":2019,"ECONOMY":"2. Developed region: nonG7","INCOME_GRP":"1. High income: OECD","FIPS_10":"NZ","ISO_A2":"NZ","ISO_A2_EH":"NZ","ISO_A3":"NZL","ISO_A3_EH":"NZL","ISO_N3":"554","ISO_N3_EH":"554","UN_A3":"554","WB_A2":"NZ","WB_A3":"NZL","WOE_ID":23424916,"WOE_ID_EH":23424916,"WOE_NOTE":"Exact WOE match as country","ADM0_ISO":"NZL","ADM0_DIFF":"","ADM0_TLC":"NZL","ADM0_A3_US":"NZL","ADM0_A3_FR":"NZL","ADM0_A3_RU":"NZL","ADM0_A3_ES":"NZL","ADM0_A3_CN":"NZL","ADM0_A3_TW":"NZL","ADM0_A3_IN":"NZL","ADM0_A3_NP":"NZL","ADM0_A3_PK":"NZL","ADM0_A3_DE":"NZL","ADM0_A3_GB":"NZL","ADM0_A3_BR":"NZL","ADM0_A3_IL":"NZL","ADM0_A3_PS":"NZL","ADM0_A3_SA":"NZL","ADM0_A3_EG":"NZL","ADM0_A3_MA":"NZL","ADM0_A3_PT":"NZL","ADM0_A3_AR":"NZL","ADM0_A3_JP":"NZL","ADM0_A3_KO":"NZL","ADM0_A3_VN":"NZL","ADM0_A3_TR":"NZL","ADM0_A3_ID":"NZL","ADM0_A3_PL":"NZL","ADM0_A3_GR":"NZL","ADM0_A3_IT":"NZL","ADM0_A3_NL":"NZL","ADM0_A3_SE":"NZL","ADM0_A3_BD":"NZL","ADM0_A3_UA":"NZL","ADM0_A3_UN":-99,"ADM0_A3_WB":-99,"CONTINENT":"Oceania","REGION_UN":"Oceania","SUBREGION":"Australia and New Zealand","REGION_WB":"East Asia & Pacific","NAME_LEN":11,"LONG_LEN":11,"ABBREV_LEN":4,"TINY":-99,"HOMEPART":1,"MIN_ZOOM":0,"MIN_LABEL":2,"MAX_LABEL":6.7,"LABEL_X":172.787,"LABEL_Y":-39.759,"NE_ID":1159321135,"WIKIDATAID":"Q664","NAME_AR":"نيوزيلندا","NAME_BN":"নিউজিল্যান্ড","NAME_DE":"Neuseeland","NAME_EN":"New Zealand","NAME_ES":"Nueva Zelanda","NAME_FA":"نیوزیلند","NAME_FR":"Nouvelle-Zélande","NAME_EL":"Νέα Ζηλανδία","NAME_HE":"ניו זילנד","NAME_HI":"न्यूज़ीलैण्ड","NAME_HU":"Új-Zéland","NAME_ID":"Selandia Baru","NAME_IT":"Nuova Zelanda","NAME_JA":"ニュージーランド","NAME_KO":"뉴질랜드","NAME_NL":"Nieuw-Zeeland","NAME_PL":"Nowa Zelandia","NAME_PT":"Nova Zelândia","NAME_RU":"Новая Зеландия","NAME_SV":"Nya Zeeland","NAME_TR":"Yeni Zelanda","NAME_UK":"Нова Зеландія","NAME_UR":"نیوزی لینڈ","NAME_VI":"New Zealand","NAME_ZH":"新西兰","NAME_ZHT":"新西蘭","FCLASS_ISO":"Admin-0 country","TLC_DIFF":"","FCLASS_TLC":"Admin-0 country","FCLASS_US":"","FCLASS_FR":"","FCLASS_RU":"","FCLASS_ES":"","FCLASS_CN":"","FCLASS_TW":"","FCLASS_IN":"","FCLASS_NP":"","FCLASS_PK":"","FCLASS_DE":"","FCLASS_GB":"","FCLASS_BR":"","FCLASS_IL":"","FCLASS_PS":"","FCLASS_SA":"","FCLASS_EG":"","FCLASS_MA":"","FCLASS_PT":"","FCLASS_AR":"","FCLASS_JP":"","FCLASS_KO":"","FCLASS_VN":"","FCLASS_TR":"","FCLASS_ID":"","FCLASS_PL":"","FCLASS_GR":"","FCLASS_IT":"","FCLASS_NL":"","FCLASS_SE":"","FCLASS_BD":"","FCLASS_UA":""}}]}